{
	"format_version": "1.12.0",
	"minecraft:geometry": [
		{
			"description": {
				"identifier": "geometry.unknown",
				"texture_width": 128,
				"texture_height": 128,
				"visible_bounds_width": 5,
				"visible_bounds_height": 4.5,
				"visible_bounds_offset": [0, 1.75, 0]
			},
			"bones": [
				{
					"name": "Root",
					"pivot": [0, -0.3, 0]
				},
				{
					"name": "AllBody",
					"parent": "Root",
					"pivot": [0, 18.7, 0]
				},
				{
					"name": "UpBody",
					"parent": "AllBody",
					"pivot": [0, 18, 0],
					"cubes": [
						{"origin": [-3, 21.825, -2.3], "size": [6, 3, 4.375], "uv": [41, 0]},
						{"origin": [-2.4, 22.925, -2.475], "size": [4.8, 2, 2], "pivot": [0, 22.725, -1.1], "rotation": [-41.75, 0, 0], "uv": [44, 74]},
						{"origin": [-2.45, 22.775, 0.375], "size": [4.875, 2, 2], "pivot": [0, 22.725, 1.1], "rotation": [46.25, 0, 0], "uv": [44, 74]},
						{"origin": [-0.825, 17.27753, -2.05], "size": [1.65, 2, 4.1], "uv": [73, 70]},
						{"origin": [-0.7, 20.17753, -2.05], "size": [1.4, 3.1, 4.1], "uv": [26, 71]},
						{"origin": [-3.3, 17.6, -2.025], "size": [3, 6, 4.05], "pivot": [-2, 19.9, 0], "rotation": [0, 0, 12.25], "uv": [42, 57]},
						{"origin": [-3.36344, 20.91925, -2.33859], "size": [3.4, 1.1, 4], "pivot": [0, 21.68722, -0.51395], "rotation": [-0.9803, -4.77769, 4.71925], "uv": [68, 37], "mirror": true},
						{"origin": [-0.06078, 20.87324, 1.16475], "size": [3.4, 1.7, 1.1], "pivot": [0, 21.85619, 1.71883], "rotation": [3.01001, 0.10184, -4.63798], "uv": [71, 40]},
						{"origin": [-3.33922, 20.87324, 1.16475], "size": [3.4, 1.7, 1.1], "pivot": [0, 21.85619, 1.71883], "rotation": [3.01001, -0.10184, 4.63798], "uv": [71, 40], "mirror": true},
						{"origin": [-0.03656, 20.91925, -2.33859], "size": [3.4, 1.1, 4], "pivot": [0, 21.68722, -0.51395], "rotation": [-0.9803, 4.77769, -4.71925], "uv": [68, 37]},
						{"origin": [0.3, 17.6, -2.025], "size": [3, 6, 4.05], "pivot": [2, 19.9, 0], "rotation": [0, 0, -12.25], "uv": [42, 57], "mirror": true}
					]
				},
				{
					"name": "UpperBody",
					"parent": "UpBody",
					"pivot": [0, 22.2, 0],
					"cubes": [
						{"origin": [-2.525, 22.5, -2.175], "size": [5.05, 3, 4.275], "uv": [56, 53]},
						{"origin": [-0.6448, 23.8329, -2.02612], "size": [4.025, 5, 4.125], "pivot": [-0.00604, 26.46314, 0.08638], "rotation": [0, 0, 14.97328], "uv": [55, 25]},
						{"origin": [-3.42831, 23.46228, -2.04784], "size": [4, 5, 4.125], "pivot": [-1.42831, 26.46228, 0.05216], "rotation": [0, 0, -14.97328], "uv": [56, 10]}
					]
				},
				{
					"name": "Arms",
					"parent": "UpperBody",
					"pivot": [0, 28, 0]
				},
				{
					"name": "LeftArm",
					"parent": "Arms",
					"pivot": [3.45, 27.125, 0.1],
					"rotation": [0, 0, -13],
					"cubes": [
						{"origin": [2.35902, 23.15106, -1.4], "size": [2.5, 5, 3], "uv": [71, 5]},
						{"origin": [1.94225, 24.34516, -1.575], "size": [3.4, 1.05, 3.3], "pivot": [4.66118, 26.9757, -0.075], "rotation": [0, 0, 3], "uv": [30, 61], "mirror": true},
						{"origin": [1.84225, 25.24516, -1.675], "size": [3.6, 1.05, 3.5], "pivot": [4.66118, 26.9757, -0.075], "rotation": [0, 0, 3], "uv": [101, 66], "mirror": true}
					]
				},
				{
					"name": "bone2",
					"parent": "LeftArm",
					"pivot": [5.40208, 23.80596, -0.02231],
					"rotation": [4.53024, -81.15519, -13.72622],
					"cubes": [
						{"origin": [4.7201, 22.76825, -0.32429], "size": [1.65, 1, 1], "inflate": -0.3, "pivot": [5.7451, 23.39325, 0.25071], "rotation": [-9.30749, -1.90217, 73.28075], "uv": [124, 88], "mirror": true},
						{"origin": [5.7201, 22.76825, -0.32429], "size": [2.05, 1, 1], "inflate": -0.3, "pivot": [5.7451, 23.39325, 0.25071], "rotation": [-9.30749, -1.90217, 73.28075], "uv": [89, 71], "mirror": true},
						{"origin": [4.33415, 22.76825, -0.44929], "size": [1.65, 1, 1], "inflate": -0.3, "pivot": [5.03415, 23.39325, 0.25071], "rotation": [-0.82636, -10.22644, -74.23069], "uv": [124, 88]},
						{"origin": [2.93415, 22.76825, -0.44929], "size": [2.05, 1, 1], "inflate": -0.3, "pivot": [5.03415, 23.39325, 0.25071], "rotation": [-0.82636, -10.22644, -74.23069], "uv": [89, 71]},
						{"origin": [5.05077, 23.25675, -0.24929], "size": [1.95, 1, 1], "inflate": -0.3, "pivot": [6.18962, 24.22723, 0.25071], "rotation": [5.18599, -7.54785, 38.03247], "uv": [124, 100]},
						{"origin": [5.21678, 24.26026, -0.24929], "size": [1.75, 1, 1], "inflate": -0.295, "pivot": [6.18962, 24.22723, 0.25071], "rotation": [-8.83015, -2.4048, 147.56049], "uv": [124, 100], "mirror": true},
						{"origin": [5.41247, 24.26026, -0.24929], "size": [1.75, 1, 1], "inflate": -0.3, "pivot": [6.18962, 24.22723, 0.25071], "rotation": [4.78298, -7.80857, 41.04817], "uv": [124, 100]},
						{"origin": [5.37848, 23.25675, -0.24929], "size": [1.95, 1, 1], "inflate": -0.295, "pivot": [6.18962, 24.22723, 0.25071], "rotation": [-8.94264, -1.94127, 150.52661], "uv": [124, 100], "mirror": true},
						{"origin": [4.20077, 23.88175, -0.62429], "size": [1.15, 1.175, 1], "inflate": -0.295, "pivot": [5.43962, 25.15223, -0.09929], "rotation": [11.79727, -1.47569, -44.26006], "uv": [46, 126]},
						{"origin": [3.47577, 23.15675, -0.54929], "size": [1.95, 1, 1], "inflate": -0.3, "pivot": [4.61462, 24.12723, -0.04929], "rotation": [-1.3444, 12.61862, -152.10442], "uv": [124, 88]},
						{"origin": [3.64178, 24.16026, -0.54929], "size": [1.75, 1, 1], "inflate": -0.295, "pivot": [4.61462, 24.12723, -0.04929], "rotation": [12.37298, -2.83591, -43.26324], "uv": [124, 88], "mirror": true},
						{"origin": [3.80348, 23.15675, -0.54929], "size": [1.95, 1, 1], "inflate": -0.295, "pivot": [4.61462, 24.12723, -0.04929], "rotation": [12.21136, -3.47474, -40.32758], "uv": [124, 88], "mirror": true},
						{"origin": [3.83747, 24.16026, -0.54929], "size": [1.75, 1, 1], "inflate": -0.3, "pivot": [4.61462, 24.12723, -0.04929], "rotation": [-0.6713, 12.6714, -149.03031], "uv": [124, 88]}
					]
				},
				{
					"name": "LeftForeArm",
					"parent": "LeftArm",
					"pivot": [3.675, 22.45, 0.125],
					"cubes": [
						{"origin": [2.38402, 17.37606, -1.375], "size": [2.45, 5, 3], "uv": [70, 16]},
						{"origin": [3.01958, 21.52361, -1.875], "size": [2.05, 2.05, 3.8], "pivot": [4, 21.925, -0.0875], "rotation": [0, 0, -5], "uv": [69, 98]},
						{"origin": [1.24666, 21.04911, -1.9], "size": [2, 2.4, 3.85], "pivot": [3.5, 21.95, -0.075], "rotation": [0, 0, 2.5], "uv": [46, 92]},
						{"origin": [1.27143, 17.66568, -1.875], "size": [4.2, 4.05, 3.6], "pivot": [3.83618, 21.1007, -0.025], "rotation": [0, 0, -12.5], "uv": [35, 67], "mirror": true}
					]
				},
				{
					"name": "LeftHand",
					"parent": "LeftForeArm",
					"pivot": [3.675, 17.65, 0.125],
					"cubes": [
						{"origin": [2.35902, 15.37606, -1.4], "size": [2.5, 3, 3], "uv": [87, 55]}
					]
				},
				{
					"name": "LeftHandLocator",
					"parent": "LeftHand",
					"pivot": [3.425, 16.4, 0.025]
				},
				{
					"name": "Left_ForeArm5",
					"parent": "LeftForeArm",
					"pivot": [3.84601, 18.5, 1.6],
					"cubes": [
						{"origin": [3.63933, 17.82521, 3.3924], "size": [1, 6.05, 5], "pivot": [14.01118, 18.6007, 3.65], "rotation": [0, -12.25, 0], "uv": [23, 60], "mirror": true},
						{"origin": [3.56017, 23.54283, 2.77833], "size": [1, 1.05, 5], "pivot": [13.63202, 21.1007, 3.74675], "rotation": [-9.75, -12.25, 0], "uv": [8, 50], "mirror": true},
						{"origin": [2.24614, 23.1176, 0.45327], "size": [1, 1.05, 5], "pivot": [4.76798, 21.1007, 3.74675], "rotation": [-9.75, 12.25, 0], "uv": [8, 50]},
						{"origin": [2.52428, 23.14272, 0.7158], "size": [1.3, 1.05, 4], "pivot": [4.36798, 21.1007, 3.74675], "rotation": [-9.75, 0, 0], "uv": [62, 74]},
						{"origin": [2.19198, 17.82521, 1.0826], "size": [1, 6.05, 5], "pivot": [4.38882, 18.6007, 3.65], "rotation": [0, 12.25, 0], "uv": [23, 60]}
					]
				},
				{
					"name": "Left_ForeArm6",
					"parent": "Left_ForeArm5",
					"pivot": [13.08618, 18.6007, 6.525],
					"cubes": [
						{"origin": [2.84248, 17.85021, 6.025], "size": [1, 6, 4], "uv": [16, 67], "mirror": true}
					]
				},
				{
					"name": "Left_ForeArm7",
					"parent": "Left_ForeArm6",
					"pivot": [13.08618, 18.6007, 10.025],
					"rotation": [-2.5, -2.5, 0],
					"cubes": [
						{"origin": [2.85175, 17.86661, 9.85149], "size": [1, 6, 4], "uv": [22, 102], "mirror": true}
					]
				},
				{
					"name": "RightArm",
					"parent": "Arms",
					"pivot": [-3.45, 27.125, 0.1],
					"rotation": [0, 0, 13],
					"cubes": [
						{"origin": [-4.85902, 23.15106, -1.4], "size": [2.5, 5, 3], "uv": [71, 5], "mirror": true},
						{"origin": [-5.34225, 24.34516, -1.575], "size": [3.4, 1.05, 3.3], "pivot": [-4.66118, 26.9757, -0.075], "rotation": [0, 0, -3], "uv": [30, 61]},
						{"origin": [-5.44225, 25.24516, -1.675], "size": [3.6, 1.05, 3.5], "pivot": [-4.66118, 26.9757, -0.075], "rotation": [0, 0, -3], "uv": [101, 66]}
					]
				},
				{
					"name": "bone3",
					"parent": "RightArm",
					"pivot": [-5.40208, 23.80596, -0.02231],
					"rotation": [4.53024, 81.15519, 13.72622],
					"cubes": [
						{"origin": [-6.3701, 22.76825, -0.32429], "size": [1.65, 1, 1], "inflate": -0.3, "pivot": [-5.7451, 23.39325, 0.25071], "rotation": [-9.30749, 1.90217, -73.28075], "uv": [124, 88]},
						{"origin": [-7.7701, 22.76825, -0.32429], "size": [2.05, 1, 1], "inflate": -0.3, "pivot": [-5.7451, 23.39325, 0.25071], "rotation": [-9.30749, 1.90217, -73.28075], "uv": [89, 71]},
						{"origin": [-5.98415, 22.76825, -0.44929], "size": [1.65, 1, 1], "inflate": -0.3, "pivot": [-5.03415, 23.39325, 0.25071], "rotation": [-0.82636, 10.22644, 74.23069], "uv": [124, 88], "mirror": true},
						{"origin": [-4.98415, 22.76825, -0.44929], "size": [2.05, 1, 1], "inflate": -0.3, "pivot": [-5.03415, 23.39325, 0.25071], "rotation": [-0.82636, 10.22644, 74.23069], "uv": [89, 71], "mirror": true},
						{"origin": [-7.00077, 23.25675, -0.24929], "size": [1.95, 1, 1], "inflate": -0.3, "pivot": [-6.18962, 24.22723, 0.25071], "rotation": [5.18599, 7.54785, -38.03247], "uv": [124, 100], "mirror": true},
						{"origin": [-6.96678, 24.26026, -0.24929], "size": [1.75, 1, 1], "inflate": -0.295, "pivot": [-6.18962, 24.22723, 0.25071], "rotation": [-8.83015, 2.4048, -147.56049], "uv": [124, 100]},
						{"origin": [-7.16247, 24.26026, -0.24929], "size": [1.75, 1, 1], "inflate": -0.3, "pivot": [-6.18962, 24.22723, 0.25071], "rotation": [4.78298, 7.80857, -41.04817], "uv": [124, 100], "mirror": true},
						{"origin": [-7.32848, 23.25675, -0.24929], "size": [1.95, 1, 1], "inflate": -0.295, "pivot": [-6.18962, 24.22723, 0.25071], "rotation": [-8.94264, 1.94127, -150.52661], "uv": [124, 100]},
						{"origin": [-5.35077, 23.88175, -0.62429], "size": [1.15, 1.175, 1], "inflate": -0.295, "pivot": [-5.43962, 25.15223, -0.09929], "rotation": [11.79727, 1.47569, 44.26006], "uv": [46, 126], "mirror": true},
						{"origin": [-5.42577, 23.15675, -0.54929], "size": [1.95, 1, 1], "inflate": -0.3, "pivot": [-4.61462, 24.12723, -0.04929], "rotation": [-1.3444, -12.61862, 152.10442], "uv": [124, 88], "mirror": true},
						{"origin": [-5.39178, 24.16026, -0.54929], "size": [1.75, 1, 1], "inflate": -0.295, "pivot": [-4.61462, 24.12723, -0.04929], "rotation": [12.37298, 2.83591, 43.26324], "uv": [124, 88]},
						{"origin": [-5.75348, 23.15675, -0.54929], "size": [1.95, 1, 1], "inflate": -0.295, "pivot": [-4.61462, 24.12723, -0.04929], "rotation": [12.21136, 3.47474, 40.32758], "uv": [124, 88]},
						{"origin": [-5.58747, 24.16026, -0.54929], "size": [1.75, 1, 1], "inflate": -0.3, "pivot": [-4.61462, 24.12723, -0.04929], "rotation": [-0.6713, -12.6714, 149.03031], "uv": [124, 88], "mirror": true}
					]
				},
				{
					"name": "RightForeArm",
					"parent": "RightArm",
					"pivot": [-3.675, 22.45, 0.125],
					"cubes": [
						{"origin": [-4.83402, 17.37606, -1.375], "size": [2.45, 5, 3], "uv": [70, 16], "mirror": true},
						{"origin": [-5.06958, 21.52361, -1.875], "size": [2.05, 2.05, 3.8], "pivot": [-4, 21.925, -0.0875], "rotation": [0, 0, 5], "uv": [69, 98], "mirror": true},
						{"origin": [-3.24666, 21.04911, -1.9], "size": [2, 2.4, 3.85], "pivot": [-3.5, 21.95, -0.075], "rotation": [0, 0, -2.5], "uv": [46, 92], "mirror": true},
						{"origin": [-5.47143, 17.66568, -1.875], "size": [4.2, 4.05, 3.6], "pivot": [-3.83618, 21.1007, -0.025], "rotation": [0, 0, 12.5], "uv": [35, 67]}
					]
				},
				{
					"name": "RightHand",
					"parent": "RightForeArm",
					"pivot": [-3.675, 17.65, 0.125],
					"cubes": [
						{"origin": [-4.85902, 15.37606, -1.4], "size": [2.5, 3, 3], "uv": [87, 55], "mirror": true}
					]
				},
				{
					"name": "RightHandLocator",
					"parent": "RightHand",
					"pivot": [-3.425, 16.4, 0.025]
				},
				{
					"name": "Right_ForeArm5",
					"parent": "RightForeArm",
					"pivot": [-2.84601, 18.5, 1.6],
					"cubes": [
						{"origin": [-4.63933, 17.82521, 3.3924], "size": [1, 6.05, 5], "pivot": [-14.01118, 18.6007, 3.65], "rotation": [0, 12.25, 0], "uv": [23, 60]},
						{"origin": [-4.56017, 23.54283, 2.77833], "size": [1, 1.05, 5], "pivot": [-13.63202, 21.1007, 3.74675], "rotation": [-9.75, 12.25, 0], "uv": [8, 50]},
						{"origin": [-3.24614, 23.1176, 0.45327], "size": [1, 1.05, 5], "pivot": [-4.76798, 21.1007, 3.74675], "rotation": [-9.75, -12.25, 0], "uv": [8, 50], "mirror": true},
						{"origin": [-3.82428, 23.14272, 0.7158], "size": [1.3, 1.05, 4], "pivot": [-4.36798, 21.1007, 3.74675], "rotation": [-9.75, 0, 0], "uv": [62, 74], "mirror": true},
						{"origin": [-3.19198, 17.82521, 1.0826], "size": [1, 6.05, 5], "pivot": [-4.38882, 18.6007, 3.65], "rotation": [0, -12.25, 0], "uv": [23, 60], "mirror": true}
					]
				},
				{
					"name": "Right_ForeArm6",
					"parent": "Right_ForeArm5",
					"pivot": [-13.08618, 18.6007, 6.525],
					"cubes": [
						{"origin": [-3.84248, 17.85021, 6.025], "size": [1, 6, 4], "uv": [16, 67]}
					]
				},
				{
					"name": "Right_ForeArm7",
					"parent": "Right_ForeArm6",
					"pivot": [-13.08618, 18.6007, 10.025],
					"rotation": [-2.5, 2.5, 0],
					"cubes": [
						{"origin": [-3.85175, 17.86661, 9.85149], "size": [1, 6, 4], "uv": [22, 102]}
					]
				},
				{
					"name": "AllHead",
					"parent": "UpperBody",
					"pivot": [0, 28.6, 0],
					"cubes": [
						{"origin": [-1.5, 28.2, -1.525], "size": [3, 2, 3], "uv": [0, 72]}
					]
				},
				{
					"name": "Head",
					"parent": "AllHead",
					"pivot": [0, 29.4, 0],
					"cubes": [
						{"origin": [-3.5, 29.5, -3.5], "size": [7, 7, 7], "uv": [0, 15]}
					]
				},
				{
					"name": "Hair_All",
					"parent": "Head",
					"pivot": [0, 5, 0]
				},
				{
					"name": "Hair",
					"parent": "Hair_All",
					"pivot": [0, 5, 0]
				},
				{
					"name": "HairFemaleK_Matching",
					"parent": "Hair",
					"pivot": [-0.14783, 33.44457, 0.69674],
					"cubes": [
						{"origin": [0.13493, 32.63702, -4.33612], "size": [1, 1.5, 1], "pivot": [0.68493, 34.13702, -3.86112], "rotation": [-4.42872, -0.80988, -47.76344], "uv": [69, 5]},
						{"origin": [-0.13415, 33.86331, -4.30356], "size": [1, 3, 1], "pivot": [0.36585, 34.81331, -3.80356], "rotation": [-4.40196, 0.94477, -25.33107], "uv": [42, 49]},
						{"origin": [1.9163, 32.26897, -4.91447], "size": [1, 2, 1], "pivot": [2.02574, 34.34099, -4.40197], "rotation": [-1.87085, 5.26727, -15.47693], "uv": [78, 38]},
						{"origin": [1.75997, 33.81132, -4.88947], "size": [1, 3, 1], "pivot": [2.02574, 34.34099, -4.40197], "rotation": [-4.3792, 3.4757, -47.5238], "uv": [71, 42]},
						{"origin": [-2.06619, 34.72765, -4.9], "size": [1, 2, 1], "pivot": [-1.21916, 34.80776, -4.4125], "rotation": [0, 0, 54.5], "uv": [21, 77]},
						{"origin": [-2.59462, 34.4774, -4.575], "size": [1, 2, 1], "pivot": [-1.4286, 34.65237, -4.175], "rotation": [0, 0, 31.25], "uv": [75, 61]},
						{"origin": [-1.98576, 34.15454, -4.925], "size": [1, 1, 1], "pivot": [-1.21916, 34.80776, -4.4125], "rotation": [0, 0, 32.5], "uv": [32, 73]},
						{"origin": [-2.13313, 32.42918, -4.9], "size": [1, 2, 1], "pivot": [-1.21916, 34.80776, -4.4125], "rotation": [0, 0, 17.25], "uv": [74, 56]},
						{"origin": [-2.71962, 32.9024, -4.6], "size": [1, 2, 1], "pivot": [-1.5786, 33.92737, -4.175], "rotation": [0, 0, 10.75], "uv": [61, 43]},
						{"origin": [-1.5, 35.7, -4.55], "size": [3, 1, 1], "uv": [65, 0]},
						{"origin": [-3.125, 32.7, -4.4], "size": [1, 4, 1], "pivot": [-2.5, 34.9, -4.175], "rotation": [-4.72886, 1.62599, 18.93286], "uv": [16, 65]},
						{"origin": [1.725, 33.7, -4.725], "size": [1, 3, 1], "pivot": [2, 35.2, -4.225], "rotation": [0, 0, -12.5], "uv": [26, 71]},
						{"origin": [-4.25, 30.225, -0.65], "size": [1, 2, 3], "uv": [60, 79]},
						{"origin": [-4.5, 29.225, 0.85], "size": [1, 3, 3], "uv": [24, 79], "mirror": true},
						{"origin": [-5, 31.3, 2.975], "size": [1, 4, 1], "uv": [0, 41]},
						{"origin": [-5.4, 31.225, 1], "size": [1, 5, 2], "pivot": [-5, 33.225, 0.75], "rotation": [0, 0, 5], "uv": [22, 0]},
						{"origin": [-5.4, 29.225, 0], "size": [1, 7, 1], "pivot": [-5, 33.225, 0.75], "rotation": [0, 0, 5], "uv": [32, 79], "mirror": true},
						{"origin": [-5.4, 31.225, -1], "size": [1, 4, 1], "pivot": [-5, 33.225, 0.75], "rotation": [0, 0, 5], "uv": [46, 36], "mirror": true},
						{"origin": [-3.92608, 33.81691, -4.525], "size": [1, 3, 1], "pivot": [-3.22608, 35.31691, -4.025], "rotation": [0, 0, 30.75], "uv": [70, 50]},
						{"origin": [2.55, 32.7, -4.525], "size": [1.1, 4, 1], "pivot": [3, 34.75, -4.025], "rotation": [0, 0, -4.75], "uv": [8, 50]},
						{"origin": [3.025, 37.125, -2.625], "size": [1, 1, 5], "uv": [70, 50]},
						{"origin": [-3.975, 37.125, -2.625], "size": [1, 1, 5], "uv": [71, 24]},
						{"origin": [2, 38.125, -1.625], "size": [1, 1, 3], "uv": [80, 74]},
						{"origin": [-3, 38.125, -1.625], "size": [1, 1, 3], "uv": [81, 8]},
						{"origin": [-2, 38.125, -2.625], "size": [4, 1, 5], "uv": [56, 2]},
						{"origin": [-4, 36.425, -3.825], "size": [8, 1, 8], "uv": [20, 21]},
						{"origin": [-2.975, 37.125, -3.625], "size": [6, 1, 7], "uv": [22, 0]},
						{"origin": [-2, 35.825, -4.225], "size": [4, 2, 1], "uv": [79, 0]},
						{"origin": [-4.4, 31.825, -3.625], "size": [1, 4, 2], "uv": [0, 29]},
						{"origin": [3.5, 29.225, 0.85], "size": [1, 3, 3], "uv": [24, 79]},
						{"origin": [3.25, 30.225, -0.65], "size": [1, 2, 3], "uv": [60, 79], "mirror": true},
						{"origin": [4, 31.3, 2.975], "size": [1, 4, 1], "uv": [0, 41], "mirror": true},
						{"origin": [4.4, 31.225, 1], "size": [1, 5, 2], "pivot": [5, 33.225, 0.75], "rotation": [0, 0, -5], "uv": [22, 0], "mirror": true},
						{"origin": [4.4, 29.225, 0], "size": [1, 7, 1], "pivot": [5, 33.225, 0.75], "rotation": [0, 0, -5], "uv": [32, 79]},
						{"origin": [4.4, 31.225, -1], "size": [1, 4, 1], "pivot": [5, 33.225, 0.75], "rotation": [0, 0, -5], "uv": [46, 36]},
						{"origin": [3.5, 32.225, -2.475], "size": [1, 5, 6], "uv": [0, 50]},
						{"origin": [-4, 29.425, 3.175], "size": [8, 7, 1], "uv": [32, 41]},
						{"origin": [-3, 30.425, 4.175], "size": [6, 6, 1], "uv": [63, 67]},
						{"origin": [-4.5, 32.225, -2.475], "size": [1, 5, 6], "uv": [14, 54]},
						{"origin": [3.4625, 33.65, -4.025], "size": [1, 3, 3], "pivot": [3.9625, 34.65, -2.525], "rotation": [0, 0, -17.5], "uv": [79, 39]},
						{"origin": [-4.4625, 32.65, -3.975], "size": [1, 4, 3], "uv": [16, 77]}
					]
				},
				{
					"name": "HairBack",
					"parent": "Hair_All",
					"pivot": [0, 36, 4]
				},
				{
					"name": "BackHairA",
					"parent": "HairBack",
					"pivot": [0, 33.5, 5]
				},
				{
					"name": "BackHairA1",
					"parent": "BackHairA",
					"pivot": [0, 33.55, 4.18333],
					"rotation": [10, 0, 0],
					"cubes": [
						{"origin": [-3.5, 27.85, 4.35], "size": [7, 6, 1], "uv": [0, 65]},
						{"origin": [1.5, 28.85, 3.75], "size": [3, 7, 1], "pivot": [3, 32.35, 4.25], "rotation": [0, 0, -5], "uv": [36, 74]},
						{"origin": [-4.5, 28.85, 3.75], "size": [3, 7, 1], "pivot": [-3, 32.35, 4.25], "rotation": [0, 0, 5], "uv": [0, 0]}
					]
				},
				{
					"name": "BackHairA2",
					"parent": "BackHairA1",
					"pivot": [0, 28.55, 4.38333],
					"rotation": [-5, 0, 0],
					"cubes": [
						{"origin": [-4, 23, 4.3], "size": [8, 6, 1], "uv": [50, 36]},
						{"origin": [2, 23.85, 3.95], "size": [3, 6, 1], "pivot": [3.5, 26.85, 4.45], "rotation": [0, 0, -5], "uv": [44, 78]},
						{"origin": [-5, 23.85, 3.95], "size": [3, 6, 1], "pivot": [-3.5, 26.85, 4.45], "rotation": [0, 0, 5], "uv": [77, 47]}
					]
				},
				{
					"name": "LeftBackHairA",
					"parent": "BackHairA",
					"pivot": [0, 12.7, 0.075]
				},
				{
					"name": "LeftBackHairAB",
					"parent": "LeftBackHairA",
					"pivot": [4.6, 35.575, 3.4],
					"rotation": [9.4867, 55.12704, 5.67739],
					"cubes": [
						{"origin": [3.6, 29.75, 3.3], "size": [2, 6, 1], "uv": [0, 15]}
					]
				},
				{
					"name": "LeftBackHairAB2",
					"parent": "LeftBackHairAB",
					"pivot": [4.79167, 30.38333, 3.60833],
					"rotation": [12.46978, 3.87682, 5.53138],
					"cubes": [
						{"origin": [3.525, 26.35, 3.375], "size": [3, 4, 1], "uv": [52, 79]},
						{"origin": [3.65, 28.65, 3.125], "size": [3, 4, 1], "pivot": [5.025, 27.85, 3.875], "rotation": [10.12799, 9.49874, 5.7347], "uv": [52, 79]}
					]
				},
				{
					"name": "LeftBackHairAB3",
					"parent": "LeftBackHairAB2",
					"pivot": [5.11667, 27.0083, 3.55833],
					"rotation": [-13.34652, -0.49596, -17.64503],
					"cubes": [
						{"origin": [4.05, 23.175, 3.325], "size": [2, 4, 1], "uv": [42, 8]}
					]
				},
				{
					"name": "RightBackHairA",
					"parent": "BackHairA",
					"pivot": [0, 12.7, 0.075]
				},
				{
					"name": "RightBackHairAB",
					"parent": "RightBackHairA",
					"pivot": [-4.6, 35.575, 3.4],
					"rotation": [9.4867, -55.12704, -5.67739],
					"cubes": [
						{"origin": [-5.6, 29.75, 3.3], "size": [2, 6, 1], "uv": [0, 15], "mirror": true}
					]
				},
				{
					"name": "RightBackHairAB2",
					"parent": "RightBackHairAB",
					"pivot": [-4.79167, 30.38333, 3.60833],
					"rotation": [12.46978, -3.87682, -5.53138],
					"cubes": [
						{"origin": [-6.525, 26.35, 3.375], "size": [3, 4, 1], "uv": [52, 79], "mirror": true},
						{"origin": [-6.65, 28.65, 3.125], "size": [3, 4, 1], "pivot": [-5.025, 27.85, 3.875], "rotation": [10.12799, -9.49874, -5.7347], "uv": [52, 79], "mirror": true}
					]
				},
				{
					"name": "RightBackHairAB3",
					"parent": "RightBackHairAB2",
					"pivot": [-5.11667, 27.0083, 3.55833],
					"rotation": [-13.34652, 0.49596, 17.64503],
					"cubes": [
						{"origin": [-6.05, 23.175, 3.325], "size": [2, 4, 1], "uv": [42, 8], "mirror": true}
					]
				},
				{
					"name": "HairSideDown",
					"parent": "Hair_All",
					"pivot": [0, 5, 0]
				},
				{
					"name": "SideDownHairC",
					"parent": "HairSideDown",
					"pivot": [2.98601, 31.147, 2.31083]
				},
				{
					"name": "Left_SideHairC",
					"parent": "SideDownHairC",
					"pivot": [3.3875, 36.0204, -2.40415],
					"rotation": [-2.96257, -0.49953, -12.48185],
					"cubes": [
						{"origin": [2.875, 32.7704, -3.40415], "size": [1.025, 2, 1], "uv": [82, 54]},
						{"origin": [2.91133, 30.18846, -3.37915], "size": [1.025, 3, 1], "pivot": [3.8025, 32.9469, -2.57245], "rotation": [0, 0, 7.5], "uv": [68, 74]}
					]
				},
				{
					"name": "Left_SideHairC1",
					"parent": "Left_SideHairC",
					"pivot": [3.7625, 36.7704, -1.40415],
					"rotation": [-0.03642, 0.23681, -7.48857],
					"cubes": [
						{"origin": [3.175, 31.925, -3.3], "size": [1.025, 2, 2], "pivot": [3.67878, 32.22519, -2.5375], "rotation": [0, 0, 10], "uv": [14, 56]},
						{"origin": [2.65, 30.225, -3.25], "size": [1.025, 2, 2], "pivot": [3.15378, 30.52519, -2.4875], "rotation": [0, 0, 17], "uv": [36, 82]},
						{"origin": [2.64275, 30.45918, -3.77915], "size": [1.025, 3.4, 1.4], "inflate": -0.3, "pivot": [3.12451, 32.16011, -3.07915], "rotation": [0, 0, -13.5], "uv": [41, 0]},
						{"origin": [2.59962, 30.43196, -3.77915], "size": [1.025, 3.4, 1.4], "inflate": -0.3, "pivot": [3.12451, 32.16011, -3.07915], "rotation": [0, 0, 47.5], "uv": [41, 0]},
						{"origin": [2.63809, 28.32567, -3.225], "size": [1.025, 2, 2], "pivot": [3.15378, 30.52519, -2.4875], "rotation": [0, 0, 19.5], "uv": [0, 82]},
						{"origin": [3.47732, 33.79621, -3.30461], "size": [1.025, 3, 2], "uv": [56, 60]},
						{"origin": [3.72732, 31.79621, -1.85461], "size": [1.025, 4, 1], "pivot": [3.98982, 33.79621, -0.80461], "rotation": [-0.0831, 0.47182, -4.97735], "uv": [66, 60]}
					]
				},
				{
					"name": "Left_SideHairC2",
					"parent": "Left_SideHairC",
					"pivot": [3.44174, 31.54299, -1.56348],
					"rotation": [7.03572, -1.30006, 9.96919],
					"cubes": [
						{"origin": [2.49249, 31.32534, -2.33896], "size": [1.025, 2, 1], "pivot": [2.9198, 31.14097, -1.82646], "rotation": [-0.05215, 0.56985, -2.94519], "uv": [65, 79], "mirror": true},
						{"origin": [3.46981, 32.35116, -2.23942], "size": [1.025, 3, 2], "pivot": [3.76299, 31.97335, -1.47456], "rotation": [2.27375, 0.99714, -7.48595], "uv": [56, 60]},
						{"origin": [3.41601, 29.58904, -2.20981], "size": [1.025, 1, 1], "pivot": [3.76299, 31.97335, -1.47456], "rotation": [2.43557, 0.48154, 5.00449], "uv": [76, 76]},
						{"origin": [3.37609, 30.48215, -2.23481], "size": [1.025, 2, 2], "pivot": [3.76299, 31.97335, -1.47456], "rotation": [2.41227, 0.58729, 2.50662], "uv": [14, 56]}
					]
				},
				{
					"name": "Right_SideHairC",
					"parent": "SideDownHairC",
					"pivot": [-3.7375, 35.3704, -2.75415],
					"rotation": [-6.69978, 0.74856, 12.46403],
					"cubes": [
						{"origin": [-4.25, 32.8704, -3.75415], "size": [1.025, 2, 1], "uv": [12, 80]},
						{"origin": [-4.28633, 29.93846, -3.72915], "size": [1.025, 3, 1], "pivot": [-4.1525, 33.0469, -2.92245], "rotation": [0, 0, -7.5], "uv": [68, 74], "mirror": true},
						{"origin": [-4.26775, 30.45918, -4.07915], "size": [1.025, 3.4, 1.4], "inflate": -0.3, "pivot": [-3.72451, 32.16011, -3.37915], "rotation": [0, 0, 24.5], "uv": [41, 0], "mirror": true},
						{"origin": [-4.22462, 30.43196, -4.07915], "size": [1.025, 3.4, 1.4], "inflate": -0.3, "pivot": [-3.72451, 32.16011, -3.37915], "rotation": [0, 0, -36.5], "uv": [41, 0], "mirror": true}
					]
				},
				{
					"name": "Right_SideHairC1",
					"parent": "Right_SideHairC",
					"pivot": [-3.71674, 35.84299, -2.36348],
					"rotation": [-0.29059, 1.34954, -2.46734],
					"cubes": [
						{"origin": [-3.79249, 31.32534, -3.13896], "size": [1.025, 2, 1], "pivot": [-3.1948, 31.14097, -2.62646], "rotation": [-0.05215, -0.56985, 2.94519], "uv": [65, 79]},
						{"origin": [-4.76981, 32.35116, -3.03942], "size": [1.025, 3, 2], "pivot": [-4.03799, 31.97335, -2.27456], "rotation": [2.27375, -0.99714, 7.48595], "uv": [56, 60], "mirror": true},
						{"origin": [-4.67609, 30.48215, -3.03481], "size": [1.025, 2, 2], "pivot": [-4.03799, 31.97335, -2.27456], "rotation": [2.41227, -0.58729, -2.50662], "uv": [14, 56], "mirror": true},
						{"origin": [-4.5274, 28.67053, -2.85], "size": [1.025, 2, 2], "pivot": [-4.0149, 29.62053, -1.85], "rotation": [8.25, 0, -4.5], "uv": [0, 82], "mirror": true}
					]
				},
				{
					"name": "Right_SideHairC2",
					"parent": "Right_SideHairC",
					"pivot": [-4.1125, 36.8704, -1.85415],
					"rotation": [-0.1239, -0.46278, 14.97751],
					"cubes": [
						{"origin": [-4.55, 32.025, -3.75], "size": [1.025, 2, 2], "pivot": [-4.02878, 32.32519, -2.9875], "rotation": [0, 0, -10], "uv": [14, 56], "mirror": true},
						{"origin": [-4.53809, 31.12567, -3.725], "size": [1.025, 1, 1], "pivot": [-4.02878, 32.32519, -2.9875], "rotation": [0, 0, -12.5], "uv": [76, 76], "mirror": true},
						{"origin": [-4.85232, 33.89621, -3.75461], "size": [1.025, 3, 2], "uv": [0, 50]}
					]
				},
				{
					"name": "HairPart_BraidA",
					"parent": "HairSideDown",
					"pivot": [0.45547, 31.68613, -1.3007]
				},
				{
					"name": "HairPart_LeftBraidA",
					"parent": "HairPart_BraidA",
					"pivot": [4.45547, 32.11113, -1.5007],
					"rotation": [-10, 0, 5],
					"cubes": [
						{"origin": [3.82732, 30.72121, -1.50461], "size": [1.025, 4, 1], "pivot": [4.08982, 32.72121, -1.00461], "rotation": [-10.0831, 0.47182, -12.47735], "uv": [40, 30]},
						{"origin": [3.75232, 31.27121, -2.65461], "size": [1.025, 2, 1], "pivot": [4.08982, 32.72121, -1.00461], "rotation": [27.4169, 0.47182, -12.47735], "uv": [9, 61]},
						{"origin": [3.82732, 30.39621, -2.65461], "size": [1.025, 2, 1], "pivot": [4.16482, 31.84621, -1.00461], "rotation": [27.4169, 0.47182, -4.97735], "uv": [9, 61]},
						{"origin": [3.90232, 29.84621, -1.50461], "size": [1.025, 2, 1], "pivot": [4.16482, 31.84621, -1.00461], "rotation": [-10.0831, 0.47182, -4.97735], "uv": [9, 61]}
					]
				},
				{
					"name": "HairPart_LeftBraidA1",
					"parent": "HairPart_LeftBraidA",
					"pivot": [4.28047, 30.08613, -1.5007],
					"rotation": [-12.5, 0, 5],
					"cubes": [
						{"origin": [3.65232, 29.27121, -2.65461], "size": [1.025, 2, 1], "pivot": [3.98982, 30.72121, -1.00461], "rotation": [27.4169, 0.47182, -4.97735], "uv": [9, 61]},
						{"origin": [3.72732, 28.72121, -1.50461], "size": [1.025, 2, 1], "pivot": [3.98982, 30.72121, -1.00461], "rotation": [-10.0831, 0.47182, -4.97735], "uv": [9, 61]}
					]
				},
				{
					"name": "HairPart_LeftBraidA2",
					"parent": "HairPart_LeftBraidA1",
					"pivot": [4, 29.03613, -1.6007],
					"rotation": [-15, 0, 5],
					"cubes": [
						{"origin": [3.57732, 28.32121, -2.75461], "size": [1.025, 2, 1], "pivot": [3.91482, 29.77121, -1.10461], "rotation": [27.4169, 0.47182, -4.97735], "uv": [9, 61]},
						{"origin": [3.65232, 27.77121, -1.60461], "size": [1.025, 2, 1], "pivot": [3.91482, 29.77121, -1.10461], "rotation": [-10.0831, 0.47182, -4.97735], "uv": [9, 61]}
					]
				},
				{
					"name": "HairPart_LeftBraidA3",
					"parent": "HairPart_LeftBraidA2",
					"pivot": [4.30626, 27.60924, -1.25235],
					"rotation": [7.05239, 2.55868, -14.8423],
					"cubes": [
						{"origin": [3.56911, 27.05032, -1.73687], "size": [1.225, 1, 1.5], "pivot": [3.83161, 29.05032, -0.98687], "rotation": [-10.0831, 0.47182, -4.97735], "uv": [72, 14]}
					]
				},
				{
					"name": "HairPart_LeftBraidA4",
					"parent": "HairPart_LeftBraidA3",
					"pivot": [4.33161, 27.25032, -1.26187],
					"rotation": [-9.76758, -2.15393, -12.31594],
					"cubes": [
						{"origin": [3.81911, 24.65032, -1.76187], "size": [1.025, 3, 1], "uv": [68, 37]}
					]
				},
				{
					"name": "HairPart_RightBraidA",
					"parent": "HairPart_BraidA",
					"pivot": [-4.45547, 32.11113, -1.5007],
					"rotation": [-10, 0, -5],
					"cubes": [
						{"origin": [-4.85232, 30.72121, -1.50461], "size": [1.025, 4, 1], "pivot": [-4.08982, 32.72121, -1.00461], "rotation": [-10.0831, -0.47182, 12.47735], "uv": [40, 30], "mirror": true},
						{"origin": [-4.77732, 31.27121, -2.65461], "size": [1.025, 2, 1], "pivot": [-4.08982, 32.72121, -1.00461], "rotation": [27.4169, -0.47182, 12.47735], "uv": [9, 61], "mirror": true},
						{"origin": [-4.85232, 30.39621, -2.65461], "size": [1.025, 2, 1], "pivot": [-4.16482, 31.84621, -1.00461], "rotation": [27.4169, -0.47182, 4.97735], "uv": [9, 61], "mirror": true},
						{"origin": [-4.92732, 29.84621, -1.50461], "size": [1.025, 2, 1], "pivot": [-4.16482, 31.84621, -1.00461], "rotation": [-10.0831, -0.47182, 4.97735], "uv": [9, 61], "mirror": true}
					]
				},
				{
					"name": "HairPart_RightBraidA1",
					"parent": "HairPart_RightBraidA",
					"pivot": [-4.28047, 30.08613, -1.5007],
					"rotation": [-12.5, 0, -5],
					"cubes": [
						{"origin": [-4.67732, 29.27121, -2.65461], "size": [1.025, 2, 1], "pivot": [-3.98982, 30.72121, -1.00461], "rotation": [27.4169, -0.47182, 4.97735], "uv": [9, 61], "mirror": true},
						{"origin": [-4.75232, 28.72121, -1.50461], "size": [1.025, 2, 1], "pivot": [-3.98982, 30.72121, -1.00461], "rotation": [-10.0831, -0.47182, 4.97735], "uv": [9, 61], "mirror": true}
					]
				},
				{
					"name": "HairPart_RightBraidA2",
					"parent": "HairPart_RightBraidA1",
					"pivot": [-4, 29.03613, -1.6007],
					"rotation": [-15, 0, -5],
					"cubes": [
						{"origin": [-4.60232, 28.32121, -2.75461], "size": [1.025, 2, 1], "pivot": [-3.91482, 29.77121, -1.10461], "rotation": [27.4169, -0.47182, 4.97735], "uv": [9, 61], "mirror": true},
						{"origin": [-4.67732, 27.77121, -1.60461], "size": [1.025, 2, 1], "pivot": [-3.91482, 29.77121, -1.10461], "rotation": [-10.0831, -0.47182, 4.97735], "uv": [9, 61], "mirror": true}
					]
				},
				{
					"name": "HairPart_RightBraidA3",
					"parent": "HairPart_RightBraidA2",
					"pivot": [-4.30626, 27.60924, -1.25235],
					"rotation": [7.05239, -2.55868, 14.8423],
					"cubes": [
						{"origin": [-4.79411, 27.05032, -1.73687], "size": [1.225, 1, 1.5], "pivot": [-3.83161, 29.05032, -0.98687], "rotation": [-10.0831, -0.47182, 4.97735], "uv": [72, 14], "mirror": true}
					]
				},
				{
					"name": "HairPart_RightBraidA4",
					"parent": "HairPart_RightBraidA3",
					"pivot": [-4.33161, 27.25032, -1.26187],
					"rotation": [-9.76758, 2.15393, 12.31594],
					"cubes": [
						{"origin": [-4.84411, 24.65032, -1.76187], "size": [1.025, 3, 1], "uv": [68, 37], "mirror": true}
					]
				},
				{
					"name": "Accessory",
					"parent": "Hair_All",
					"pivot": [0, 5, 0]
				},
				{
					"name": "FoxEarA",
					"parent": "Accessory",
					"pivot": [-0.075, 12.5, 0.075]
				},
				{
					"name": "Left_ear",
					"parent": "FoxEarA",
					"pivot": [3.62089, 37.52854, -1.11927],
					"rotation": [146.27458, -7.31821, 105.894],
					"cubes": [
						{"origin": [2.1198, 35.65251, -2.51927], "size": [2.275, 1.1, 4], "pivot": [3.2573, 36.12751, -1.11927], "rotation": [0, 90, -22.5], "uv": [71, 42]},
						{"origin": [1.76233, 36.40239, -3.94427], "size": [1.275, 1.725, 4], "pivot": [2.39983, 37.15239, -1.81927], "rotation": [0, 90, -27.5], "uv": [76, 62]},
						{"origin": [4.11054, 37.5422, -3.81927], "size": [1.275, 1.725, 3], "pivot": [4.89804, 38.5797, -1.81927], "rotation": [0, 86.5, -27.5], "uv": [7, 80]},
						{"origin": [-0.44614, 36.5389, -3.61927], "size": [2.225, 1, 6], "pivot": [0.66636, 36.6889, -1.11927], "rotation": [0, 90, -37.5], "uv": [56, 60]},
						{"origin": [1.92232, 35.03782, -4.80126], "size": [2.175, 1, 3], "pivot": [3.00982, 36.375, -1.11927], "rotation": [0, 90, 7.5], "uv": [78, 34]}
					]
				},
				{
					"name": "Left_earZ",
					"parent": "Left_ear",
					"pivot": [2.95836, 38.96786, -1.11927],
					"rotation": [0, -1, -15.25],
					"cubes": [
						{"origin": [3.84055, 37.7273, -2.65008], "size": [1.275, 1.725, 3], "pivot": [4.52805, 38.1898, -1.70008], "rotation": [49.80641, 88.68021, 5.57841], "uv": [7, 80]},
						{"origin": [-0.32114, 36.7139, 1.48073], "size": [2.225, 1, 3], "pivot": [0.79136, 36.8639, -1.11927], "rotation": [0, 90, -37.5], "uv": [76, 78]}
					]
				},
				{
					"name": "Right_ear",
					"parent": "FoxEarA",
					"pivot": [-3.62089, 37.52854, -1.11927],
					"rotation": [146.27458, 7.31821, -105.894],
					"cubes": [
						{"origin": [-4.3948, 35.65251, -2.51927], "size": [2.275, 1.1, 4], "pivot": [-3.2573, 36.12751, -1.11927], "rotation": [0, -90, 22.5], "uv": [71, 42], "mirror": true},
						{"origin": [-3.03733, 36.40239, -3.94427], "size": [1.275, 1.725, 4], "pivot": [-2.39983, 37.15239, -1.81927], "rotation": [0, -90, 27.5], "uv": [76, 62], "mirror": true},
						{"origin": [-5.38554, 37.5422, -3.81927], "size": [1.275, 1.725, 3], "pivot": [-4.89804, 38.5797, -1.81927], "rotation": [0, -86.5, 27.5], "uv": [7, 80], "mirror": true},
						{"origin": [-1.77886, 36.5389, -3.61927], "size": [2.225, 1, 6], "pivot": [-0.66636, 36.6889, -1.11927], "rotation": [0, -90, 37.5], "uv": [56, 60], "mirror": true},
						{"origin": [-4.09732, 35.03782, -4.80126], "size": [2.175, 1, 3], "pivot": [-3.00982, 36.375, -1.11927], "rotation": [0, -90, -7.5], "uv": [78, 34], "mirror": true}
					]
				},
				{
					"name": "Right_earZ",
					"parent": "Right_ear",
					"pivot": [-2.95836, 38.96786, -1.11927],
					"rotation": [0, 1, 15.25],
					"cubes": [
						{"origin": [-5.11555, 37.7273, -2.65008], "size": [1.275, 1.725, 3], "pivot": [-4.52805, 38.1898, -1.70008], "rotation": [49.80641, -88.68021, -5.57841], "uv": [7, 80], "mirror": true},
						{"origin": [-1.90386, 36.7139, 1.48073], "size": [2.225, 1, 3], "pivot": [-0.79136, 36.8639, -1.11927], "rotation": [0, -90, 37.5], "uv": [76, 78], "mirror": true}
					]
				},
				{
					"name": "Eyes",
					"parent": "Head",
					"pivot": [0, 5, 0]
				},
				{
					"name": "Eyebrows",
					"parent": "Eyes",
					"pivot": [-3.22864, 32.09562, -3.7475]
				},
				{
					"name": "EyebrowA",
					"parent": "Eyebrows",
					"pivot": [-3.22864, 32.09562, -3.7475]
				},
				{
					"name": "LeftEyebrowA",
					"parent": "EyebrowA",
					"pivot": [2.63856, 32.50274, -3.79771],
					"cubes": [
						{"origin": [1.08314, 32.06345, -3.92042], "size": [1.9, 1.1, 1], "inflate": -0.1, "pivot": [2.23314, 32.71345, -3.80792], "rotation": [0, 0, -2.5], "uv": [40, 82]},
						{"origin": [2.53365, 31.84034, -3.9], "size": [1.5, 1.1, 1], "inflate": -0.1, "pivot": [3.28365, 32.49034, -3.80792], "rotation": [0, 0, 26.25], "uv": [40, 82]}
					]
				},
				{
					"name": "RightEyeEyebrowA",
					"parent": "EyebrowA",
					"pivot": [-2.63856, 32.50274, -3.79771],
					"cubes": [
						{"origin": [-2.98314, 32.06345, -3.92042], "size": [1.9, 1.1, 1], "inflate": -0.1, "pivot": [-2.23314, 32.71345, -3.80792], "rotation": [0, 0, 2.5], "uv": [40, 82]},
						{"origin": [-4.03365, 31.84034, -3.9], "size": [1.5, 1.1, 1], "inflate": -0.1, "pivot": [-3.28365, 32.49034, -3.80792], "rotation": [0, 0, -26.25], "uv": [40, 82]}
					]
				},
				{
					"name": "EyeBalls",
					"parent": "Eyes",
					"pivot": [0, 31, 0]
				},
				{
					"name": "LeftEyeball",
					"parent": "EyeBalls",
					"pivot": [2.375, 31.5, -3.525],
					"cubes": [
						{"origin": [1.375, 30.5, -3.525], "size": [2, 2, 0], "uv": [82, 27]}
					]
				},
				{
					"name": "LeftEyesBase2",
					"parent": "LeftEyeball",
					"pivot": [2.25, 31.5, -3.05],
					"cubes": [
						{"origin": [1.5, 30.5, -3.55], "size": [1.4, 2, 1], "uv": [76, 82]}
					]
				},
				{
					"name": "LeftPupil",
					"parent": "LeftEyesBase2",
					"pivot": [2.225, 31.65, -3.2575],
					"cubes": [
						{"origin": [1.675, 30.8, -3.9], "size": [1.05, 1.4, 2.6], "inflate": -0.3, "uv": [46, 67]}
					]
				},
				{
					"name": "LeftEylight",
					"parent": "LeftPupil",
					"pivot": [-1.325, 17.2, -3.5],
					"cubes": [
						{"origin": [2.075, 31.5, -4.1], "size": [1.3, 1.1, 1], "inflate": -0.4, "uv": [80, 19]}
					]
				},
				{
					"name": "RightEyeball",
					"parent": "EyeBalls",
					"pivot": [-2.375, 31.5, -3.525],
					"cubes": [
						{"origin": [-3.375, 30.5, -3.525], "size": [2, 2, 0], "uv": [81, 12]}
					]
				},
				{
					"name": "RightIris",
					"parent": "RightEyeball",
					"pivot": [-2.25, 31.5, -3.05],
					"cubes": [
						{"origin": [-2.9, 30.5, -3.55], "size": [1.4, 2, 1], "uv": [82, 61]}
					]
				},
				{
					"name": "RightPupil",
					"parent": "RightIris",
					"pivot": [-2.225, 31.65, -3.2575],
					"cubes": [
						{"origin": [-2.725, 30.8, -3.9], "size": [1.05, 1.4, 1.6], "inflate": -0.3, "uv": [78, 27]}
					]
				},
				{
					"name": "RightEyelight",
					"parent": "RightPupil",
					"pivot": [-1.125, 17.2, -3.5],
					"cubes": [
						{"origin": [-2.325, 31.5, -4.1], "size": [1.3, 1.1, 1], "inflate": -0.4, "uv": [80, 19]}
					]
				},
				{
					"name": "Eye",
					"parent": "Eyes",
					"pivot": [0, -1, 0]
				},
				{
					"name": "Breast",
					"parent": "UpperBody",
					"pivot": [0.0125, 26.56214, -1.68014],
					"cubes": [
						{"origin": [0.11019, 23.37229, -3.39272], "size": [3.075, 3, 3], "inflate": -0.1, "pivot": [0, 25.0251, -1.89261], "rotation": [-40.61075, -3.26033, -3.78911], "uv": [17, 30]},
						{"origin": [-1.38981, 23.57229, -3.29272], "size": [3.075, 3, 3], "inflate": -0.1, "pivot": [0, 25.0251, -1.89261], "rotation": [-40.61075, 0, 0], "uv": [17, 30]},
						{"origin": [-3.18519, 23.37229, -3.39272], "size": [3.075, 3, 3], "inflate": -0.1, "pivot": [0, 25.0251, -1.89261], "rotation": [-40.61075, 3.26033, 3.78911], "uv": [17, 30], "mirror": true}
					]
				},
				{
					"name": "bone",
					"parent": "UpperBody",
					"pivot": [-0.80097, 24.51572, -0.25],
					"cubes": [
						{"origin": [-1, 25.05, -2.8], "size": [5, 1.15, 5.2], "inflate": -0.35, "pivot": [-0.125, 25.725, 0.25], "rotation": [4.22632, 2.29597, -127.44638], "uv": [40, 30]},
						{"origin": [-3.66254, 26.87128, -2.4], "size": [3.4, 1.2, 4.4], "pivot": [-0.26254, 26.42128, -0.35], "rotation": [-1.24931, -0.02617, 127.00011], "uv": [69, 0], "mirror": true},
						{"origin": [-3.9, 25.05, -2.8], "size": [5, 1.15, 5.2], "inflate": -0.35, "pivot": [0.225, 25.725, 0.25], "rotation": [4.22632, -2.29597, 127.44638], "uv": [40, 30], "mirror": true},
						{"origin": [0.36254, 26.87128, -2.4], "size": [3.4, 1.2, 4.4], "pivot": [0.36254, 26.42128, -0.35], "rotation": [-1.24931, 0.02617, -127.00011], "uv": [69, 0]},
						{"origin": [-2.79969, 22.55887, -3.73545], "size": [3, 1.7, 5], "inflate": -0.35, "pivot": [-0.82469, 24.39637, -3.13545], "rotation": [26.05062, 35.057, -42.01805], "uv": [59, 19]},
						{"origin": [-1.45949, 24.80042, -3.60715], "size": [3.4, 1.15, 2], "inflate": -0.35, "pivot": [-0.28449, 25.73792, -2.60715], "rotation": [-19.09578, -33.82861, -52.17485], "uv": [77, 67]},
						{"origin": [-1.45949, 23.80042, -3.60715], "size": [3.4, 1.7, 2], "inflate": -0.35, "pivot": [-0.28449, 25.73792, -2.60715], "rotation": [-19.09578, -33.82861, -52.17485], "uv": [78, 5]},
						{"origin": [-1.94051, 24.90042, -3.48215], "size": [3.4, 1.15, 2], "inflate": -0.35, "pivot": [0.28449, 25.73792, -2.60715], "rotation": [-23.34578, 33.82861, 52.17485], "uv": [77, 67], "mirror": true},
						{"origin": [-1.94051, 23.90042, -3.48215], "size": [3.4, 1.7, 2], "inflate": -0.35, "pivot": [0.28449, 25.73792, -2.60715], "rotation": [-23.34578, 33.82861, 52.17485], "uv": [78, 5], "mirror": true},
						{"origin": [-1.15421, 25.197, -3.59751], "size": [1.55, 1.7, 2], "inflate": -0.35, "pivot": [0.94579, 25.622, -2.59751], "rotation": [-2.57732, -38.20618, -79.88829], "uv": [52, 58]},
						{"origin": [-1.15421, 26.197, -3.59751], "size": [1.55, 1.2, 2], "inflate": -0.35, "pivot": [0.94579, 25.622, -2.59751], "rotation": [-2.57732, -38.20618, -79.88829], "uv": [54, 10]},
						{"origin": [-3.39969, 23.55887, -3.73545], "size": [3.6, 1.15, 1], "inflate": -0.35, "pivot": [-0.82469, 24.39637, -3.13545], "rotation": [26.05062, 35.057, -42.01805], "uv": [57, 0]},
						{"origin": [-3.54969, 23.33387, -2.73545], "size": [2, 1.9, 5], "inflate": -0.35, "pivot": [-0.82469, 24.39637, -3.13545], "rotation": [0, 0, -90], "uv": [66, 60]},
						{"origin": [-3.54969, 24.53387, -2.73545], "size": [2, 1.25, 1], "inflate": -0.35, "pivot": [-0.82469, 24.39637, -3.13545], "rotation": [0, 0, -90], "uv": [35, 65]}
					]
				},
				{
					"name": "BackpackLocator",
					"parent": "UpperBody",
					"pivot": [0, 25.9644, 0]
				},
				{
					"name": "LeftWaistLocator",
					"parent": "UpperBody",
					"pivot": [4, 21, 0],
					"rotation": [-20, 0, 0]
				},
				{
					"name": "RightWaistLocator",
					"parent": "UpperBody",
					"pivot": [-4, 21, 0],
					"rotation": [-5, 0, 0]
				},
				{
					"name": "RifleLocator",
					"parent": "UpperBody",
					"pivot": [0, 25.15, 2.3],
					"rotation": [0, 0, 45]
				},
				{
					"name": "RightWaistLocator2",
					"parent": "UpperBody",
					"pivot": [-4, 21, 0],
					"rotation": [-5, 0, 0]
				},
				{
					"name": "Tail",
					"parent": "UpBody",
					"pivot": [0, 22.725, -1.1]
				},
				{
					"name": "FoxTailA",
					"parent": "Tail",
					"pivot": [0, 21.46088, 2.53173],
					"cubes": [
						{"origin": [-1.5, 19.96088, 1.63173], "size": [3, 3, 1.5], "pivot": [0, 21.46088, 2.53173], "rotation": [-22.5, 0, 0], "uv": [79, 70]},
						{"origin": [-2, 19.46088, 2.35673], "size": [4, 4, 5.5], "pivot": [0.5, 21.46088, 2.53173], "rotation": [-47.5, 0, 0], "uv": [0, 41]}
					]
				},
				{
					"name": "Body_Tail2",
					"parent": "FoxTailA",
					"pivot": [0, 17.90772, 5.26868],
					"cubes": [
						{"origin": [-2.5, 8.93281, 3.4883], "size": [5, 5, 7.5], "pivot": [1.5, 13.43281, 9.1383], "rotation": [-70, 0, 0], "uv": [0, 29]}
					]
				},
				{
					"name": "Body_Tail3",
					"parent": "Body_Tail2",
					"pivot": [0, 13.43281, 7.1383],
					"cubes": [
						{"origin": [-3.5, 8.93281, 6.8883], "size": [7, 7, 8.5], "pivot": [2.5, 13.43281, 9.1383], "rotation": [-25, 0, 0], "uv": [0, 0]}
					]
				},
				{
					"name": "Body_Tail4",
					"parent": "Body_Tail3",
					"pivot": [0, 10.33281, 13.1383],
					"cubes": [
						{"origin": [-3, 5.93281, 10.7883], "size": [6, 6, 7.5], "pivot": [2, 13.43281, 9.1383], "rotation": [17.5, 0, 0], "uv": [23, 8]}
					]
				},
				{
					"name": "Body_Tail5",
					"parent": "Body_Tail4",
					"pivot": [0, 11.41429, 18.78794],
					"cubes": [
						{"origin": [-2.5, 8.0692, 14.18865], "size": [5, 5, 6.5], "pivot": [-0.5, 14.0692, 16.13865], "rotation": [54, 0, 0], "uv": [24, 30]}
					]
				},
				{
					"name": "Body_Tail6",
					"parent": "Body_Tail5",
					"pivot": [0, 15.40106, 21.29057],
					"cubes": [
						{"origin": [-2, 17.27003, 19.40799], "size": [4, 4, 3], "pivot": [0, 18.12003, 23.40799], "rotation": [67, 0, 0], "uv": [49, 67]},
						{"origin": [-1.5, 17.60622, 19.86766], "size": [3, 3, 2], "pivot": [0, 19.48771, 21.68718], "rotation": [72, 0, 0], "uv": [77, 14]},
						{"origin": [-1, 18.6441, 21.57752], "size": [2, 2, 2], "pivot": [0, 19.48771, 21.68718], "rotation": [87, 0, 0], "uv": [58, 74]}
					]
				},
				{
					"name": "Big_bow",
					"parent": "UpBody",
					"pivot": [-0.09533, 21.76766, -1.82866],
					"rotation": [170, 0, 180],
					"cubes": [
						{"origin": [-0.44734, 20.81875, -2.0123], "size": [1.3, 2.3, 1.1], "pivot": [-0.29734, 21.84375, -1.4623], "rotation": [7.01772, -2.88988, 10.69005], "uv": [26, 30]},
						{"origin": [-1.04734, 20.61875, -2.0123], "size": [1.3, 2.5, 1.3], "pivot": [-0.29734, 21.84375, -1.4623], "rotation": [7.57927, 0.33663, -14.11041], "uv": [26, 30]}
					]
				},
				{
					"name": "Dbow_right",
					"parent": "Big_bow",
					"pivot": [-0.84533, 21.64911, -1.50308],
					"rotation": [0, 7.5, 0],
					"cubes": [
						{"origin": [-3.84242, 20.13383, -2.15052], "size": [2, 2.575, 1], "pivot": [-3.74242, 21.42133, -1.65052], "rotation": [8.86369, 11.49051, -3.4142], "uv": [49, 14]},
						{"origin": [-3.88475, 21.71981, -2.04181], "size": [1, 2.2, 1], "pivot": [-2.33028, 22.9457, -1.5177], "rotation": [-168.0822, 7.73727, -7.87679], "uv": [105, 54]},
						{"origin": [-3.55284, 22.04004, -1.97236], "size": [4, 1.1, 1], "inflate": 0.005, "pivot": [-2.56462, 22.91259, -1.47013], "rotation": [-165.60636, -0.27474, 25.77155], "uv": [54, 8]},
						{"origin": [-3.6044, 22.92812, -1.97236], "size": [3.05, 1.2, 1], "pivot": [-2.56462, 22.91259, -1.47013], "rotation": [-166.51482, 5.0873, 4.40808], "uv": [50, 43]},
						{"origin": [-3.91279, 19.36347, -1.65054], "size": [1, 2.2, 1], "pivot": [-2.35145, 20.58944, -1.17546], "rotation": [9.07151, 6.99452, 10.12529], "uv": [88, 49]},
						{"origin": [-3.67784, 19.81504, -1.64736], "size": [4, 1.1, 1], "inflate": 0.0085, "pivot": [-2.68962, 20.68759, -1.14513], "rotation": [2.74892, 11.15033, -29.67379], "uv": [54, 8]},
						{"origin": [-3.5794, 20.70312, -1.64736], "size": [3.4, 1.2, 1], "pivot": [-2.68962, 20.68759, -1.14513], "rotation": [6.75465, 9.30418, -7.39189], "uv": [50, 43]},
						{"origin": [-1.63471, 21.12757, -3.61795], "size": [2, 1, 1], "pivot": [0.31945, 25.57133, -2.55504], "rotation": [11.3519, 9.3143, 9.1121], "uv": [64, 8]}
					]
				},
				{
					"name": "Dbow_left",
					"parent": "Big_bow",
					"pivot": [0.84533, 21.64911, -1.50308],
					"rotation": [0, -7.5, 0],
					"cubes": [
						{"origin": [1.84242, 20.13383, -2.15052], "size": [2, 2.575, 1], "pivot": [3.74242, 21.42133, -1.65052], "rotation": [8.86369, -11.49051, 3.4142], "uv": [49, 14], "mirror": true},
						{"origin": [2.88475, 21.71981, -2.04181], "size": [1, 2.2, 1], "pivot": [2.33028, 22.9457, -1.5177], "rotation": [-168.0822, -7.73727, 7.87679], "uv": [105, 54], "mirror": true},
						{"origin": [-0.44716, 22.04004, -1.97236], "size": [4, 1.1, 1], "inflate": 0.005, "pivot": [2.56462, 22.91259, -1.47013], "rotation": [-165.60636, 0.27474, -25.77155], "uv": [54, 8], "mirror": true},
						{"origin": [0.5544, 22.92812, -1.97236], "size": [3.05, 1.2, 1], "pivot": [2.56462, 22.91259, -1.47013], "rotation": [-166.51482, -5.0873, -4.40808], "uv": [50, 43], "mirror": true},
						{"origin": [2.91279, 19.36347, -1.65054], "size": [1, 2.2, 1], "pivot": [2.35145, 20.58944, -1.17546], "rotation": [9.07151, -6.99452, -10.12529], "uv": [88, 49], "mirror": true},
						{"origin": [-0.32216, 19.81504, -1.64736], "size": [4, 1.1, 1], "inflate": 0.0085, "pivot": [2.68962, 20.68759, -1.14513], "rotation": [2.74892, -11.15033, 29.67379], "uv": [54, 8], "mirror": true},
						{"origin": [0.1794, 20.70312, -1.64736], "size": [3.4, 1.2, 1], "pivot": [2.68962, 20.68759, -1.14513], "rotation": [6.75465, -9.30418, 7.39189], "uv": [50, 43], "mirror": true},
						{"origin": [-0.36529, 21.12757, -3.61795], "size": [2, 1, 1], "pivot": [-0.31945, 25.57133, -2.55504], "rotation": [11.3519, -9.3143, -9.1121], "uv": [64, 8], "mirror": true}
					]
				},
				{
					"name": "DownBody",
					"parent": "AllBody",
					"pivot": [0, 19, 0]
				},
				{
					"name": "Legs",
					"parent": "DownBody",
					"pivot": [0, 20, 0]
				},
				{
					"name": "LeftLeg",
					"parent": "Legs",
					"pivot": [2.1, 18.5, 0],
					"cubes": [
						{"origin": [0.375, 10, -2], "size": [3.35, 8, 4], "uv": [32, 49]},
						{"origin": [0.075, 12.95, -2.45], "size": [1.65, 1.1, 4.9], "inflate": -0.4, "uv": [52, 74]},
						{"origin": [1.25, 12.95, -2.45], "size": [1.65, 1.1, 4.9], "inflate": -0.4, "uv": [52, 74]},
						{"origin": [-0.725, 12.95, -3.35], "size": [1.65, 1.1, 4.2], "inflate": -0.4, "pivot": [-0.2, 14, 1], "rotation": [0, -90, 0], "uv": [52, 74]},
						{"origin": [-3.325, 12.95, -3.35], "size": [1.65, 1.1, 4.2], "inflate": -0.4, "pivot": [-0.2, 14, 1], "rotation": [0, -90, 0], "uv": [52, 74]},
						{"origin": [-2.05, 12.95, -3.35], "size": [1.65, 1.1, 4.2], "inflate": -0.4, "pivot": [-0.2, 14, 1], "rotation": [0, -90, 0], "uv": [52, 74]},
						{"origin": [2.375, 12.95, -2.45], "size": [1.65, 1.1, 4.9], "inflate": -0.4, "uv": [52, 74]}
					]
				},
				{
					"name": "Trousers_Left",
					"parent": "LeftLeg",
					"pivot": [1.93493, 18.84875, -0.07322],
					"cubes": [
						{"origin": [2.125, 15.18109, -2.55595], "size": [2, 3, 3.2], "pivot": [1.79952, 17.93891, 0], "rotation": [-12.5, 0, -17.5], "uv": [9, 74]},
						{"origin": [2.125, 18.18109, -2.45595], "size": [2, 2, 2.25], "pivot": [1.79952, 17.93891, 0], "rotation": [-12.5, 0, -17.5], "uv": [67, 25]},
						{"origin": [-0.05176, 18.19397, -2.4588], "size": [2, 2, 2.25], "pivot": [1.99952, 17.93891, 0], "rotation": [-12.45392, -1.08089, -2.38206], "uv": [67, 25], "mirror": true},
						{"origin": [-0.05176, 15.19397, -2.5588], "size": [2, 3, 3.2], "pivot": [1.99952, 17.93891, 0], "rotation": [-12.45392, -1.08089, -2.38206], "uv": [9, 74], "mirror": true},
						{"origin": [0.92956, 15.8451, -2.68053], "size": [2, 3, 3.2], "pivot": [1.45456, 16.9451, -1.20553], "rotation": [-12.10041, -3.15894, -11.9151], "uv": [25, 91], "mirror": true},
						{"origin": [0.92956, 15.8451, -0.51947], "size": [2, 4, 3.3], "pivot": [1.45456, 16.9451, 1.20553], "rotation": [12.10041, 3.15894, -11.9151], "uv": [13, 88], "mirror": true},
						{"origin": [1.03926, 15.37341, -2.4838], "size": [1.6, 1, 1], "pivot": [1.79952, 17.93891, 0], "rotation": [-12.31594, -2.15393, -7.26758], "uv": [9, 72], "mirror": true},
						{"origin": [1.03926, 15.37341, 1.4838], "size": [1.6, 1, 1.1], "pivot": [1.79952, 17.93891, 0], "rotation": [12.31594, 2.15393, -7.26758], "uv": [9, 72], "mirror": true},
						{"origin": [-0.27591, 15.18765, -0.5926], "size": [2, 3, 3.2], "pivot": [1.79952, 17.93891, 0], "rotation": [12.5, 0, 2.5], "uv": [9, 74], "mirror": true},
						{"origin": [-0.27591, 18.18765, -0.6926], "size": [2, 2, 3.3], "pivot": [1.79952, 17.93891, 0], "rotation": [12.5, 0, 2.5], "uv": [0, 77], "mirror": true}
					]
				},
				{
					"name": "Trousers_Left3",
					"parent": "Trousers_Left",
					"pivot": [1.93493, 18.84875, -0.07322],
					"cubes": [
						{"origin": [2.325, 14.78109, -2.55595], "size": [1.8, 1, 3.2], "pivot": [1.79952, 17.53891, 0], "rotation": [-12.5, 0, -17.5], "uv": [13, 41]},
						{"origin": [2.125, 17.78109, -2.45595], "size": [2, 1, 2.25], "pivot": [1.79952, 17.53891, 0], "rotation": [-12.5, 0, -17.5], "uv": [68, 81]},
						{"origin": [2.54915, 14.77478, -0.59545], "size": [1.6, 1, 3.15], "pivot": [1.79952, 17.53891, 0], "rotation": [12.5, 0, -17.5], "uv": [13, 41]},
						{"origin": [2.34915, 17.77478, -0.69545], "size": [1.8, 1, 3.25], "pivot": [1.79952, 17.53891, 0], "rotation": [12.5, 0, -17.5], "uv": [13, 41]},
						{"origin": [-0.25176, 17.79397, -2.4588], "size": [2, 1, 2.25], "pivot": [1.79952, 17.53891, 0], "rotation": [-12.5, 0, 2.5], "uv": [68, 81], "mirror": true},
						{"origin": [0.04824, 14.79397, -2.5588], "size": [1.8, 1, 3.2], "pivot": [1.99952, 17.53891, 0], "rotation": [-12.5, 0, 2.5], "uv": [120, 61], "mirror": true},
						{"origin": [0.92956, 15.4451, -2.68053], "size": [2, 1, 3.2], "pivot": [1.45456, 16.5451, -1.20553], "rotation": [-12.10041, -3.15894, -11.9151], "uv": [77, 30], "mirror": true},
						{"origin": [0.92956, 15.4451, -0.51947], "size": [2, 1, 3.2], "pivot": [1.45456, 16.5451, 1.20553], "rotation": [12.10041, 3.15894, -11.9151], "uv": [77, 30], "mirror": true},
						{"origin": [1.03926, 14.97341, -2.4838], "size": [1.6, 1, 1], "pivot": [1.79952, 17.53891, 0], "rotation": [-12.31594, -2.15393, -7.26758], "uv": [57, 2], "mirror": true},
						{"origin": [1.03926, 14.97341, 1.4838], "size": [1.8, 1, 1], "pivot": [1.79952, 17.53891, 0], "rotation": [12.31594, 2.15393, -7.26758], "uv": [57, 2], "mirror": true},
						{"origin": [-0.27591, 14.78765, -0.5926], "size": [2, 1, 3.15], "pivot": [1.79952, 17.53891, 0], "rotation": [12.5, 0, 2.5], "uv": [77, 30], "mirror": true},
						{"origin": [2.14915, 15.17478, -0.59545], "size": [2, 3, 3.15], "pivot": [1.79952, 17.93891, 0], "rotation": [12.5, 0, -17.5], "uv": [93, 23]},
						{"origin": [-0.27591, 17.78765, -0.6926], "size": [2, 1, 3.25], "pivot": [1.79952, 17.53891, 0], "rotation": [12.5, 0, 2.5], "uv": [77, 30], "mirror": true}
					]
				},
				{
					"name": "LeftLowerLeg",
					"parent": "LeftLeg",
					"pivot": [1.775, 10.55, 0.325],
					"cubes": [
						{"origin": [0.4, 2.85, -1.975], "size": [3.3, 8, 4], "uv": [46, 45]}
					]
				},
				{
					"name": "LeftFoot",
					"parent": "LeftLowerLeg",
					"pivot": [2.175, 2.875, 0.3],
					"cubes": [
						{"origin": [0.35, 2.05175, -1.35907], "size": [3.475, 1.9, 3.43407], "uv": [0, 61]},
						{"origin": [0.35, 0.875, -3.9], "size": [3.475, 2, 5.975], "inflate": 0.005, "uv": [60, 43]},
						{"origin": [0.35, 2.31009, -3.78763], "size": [3.475, 1, 2.775], "pivot": [0.075, 2.81009, -2.75013], "rotation": [22.5, 0, 0], "uv": [60, 50]}
					]
				},
				{
					"name": "Clogs3",
					"parent": "LeftFoot",
					"pivot": [0.4, -8.125, 4.825],
					"cubes": [
						{"origin": [-0.18069, 2.96066, -2.99144], "size": [1.225, 1.2, 1.1], "inflate": -0.4, "pivot": [0.49431, 3.51066, -2.44144], "rotation": [-66.24819, 0.68648, 0.30207], "uv": [69, 2]},
						{"origin": [-0.175, 0.4, -2.975], "size": [1.25, 3.525, 1.3], "inflate": -0.4, "uv": [28, 41]},
						{"origin": [1.15, 2.33993, -4.42288], "size": [1.35, 2.725, 1.1], "inflate": -0.395, "pivot": [1.9, 2.65243, -3.52288], "rotation": [-58.43839, -39.69462, -21.42199], "uv": [59, 21]},
						{"origin": [1.05, 0.4, -4.4], "size": [1.35, 2.975, 1.8], "inflate": -0.4, "uv": [18, 41]},
						{"origin": [1.05, 1.925, -4.4], "size": [1.35, 1.425, 1.8], "inflate": -0.4, "pivot": [1.725, 2.6625, -3.5], "rotation": [-66.25, 0, 0], "uv": [69, 2]},
						{"origin": [0.925, 1.93993, -4.42288], "size": [1.35, 3.425, 1.8], "inflate": -0.395, "pivot": [1.9, 2.65243, -3.52288], "rotation": [-50.09824, 51.10858, 33.05734], "uv": [32, 49]},
						{"origin": [2.94431, 3.03566, -2.99144], "size": [1.35, 1.275, 1.1], "inflate": -0.4, "pivot": [0.29431, 3.51066, -2.44144], "rotation": [-66.24819, 0.68648, 0.30207], "uv": [69, 2]},
						{"origin": [3.075, 0.4, -2.975], "size": [1.25, 3.525, 1.3], "inflate": -0.4, "uv": [28, 41]},
						{"origin": [0.1, 0.6, -4.2], "size": [3.975, 1.075, 6.875], "uv": [42, 7]},
						{"origin": [0.2, -0.4, -2.9], "size": [3.775, 1.075, 1.2], "uv": [55, 19]},
						{"origin": [0.2, -0.4, 0.6], "size": [3.775, 1.075, 1.2], "uv": [55, 19]}
					]
				},
				{
					"name": "RightLeg",
					"parent": "Legs",
					"pivot": [-2.1, 18.5, 0],
					"cubes": [
						{"origin": [-3.725, 10, -2], "size": [3.35, 8, 4], "uv": [45, 17]}
					]
				},
				{
					"name": "Trousers_Right",
					"parent": "RightLeg",
					"pivot": [-1.93493, 18.84875, -0.07322],
					"cubes": [
						{"origin": [-4.125, 15.18109, -2.55595], "size": [2, 3, 3.2], "pivot": [-1.79952, 17.93891, 0], "rotation": [-12.5, 0, 17.5], "uv": [9, 74], "mirror": true},
						{"origin": [-4.125, 18.18109, -2.45595], "size": [2, 2, 2.25], "pivot": [-1.79952, 17.93891, 0], "rotation": [-12.5, 0, 17.5], "uv": [67, 25], "mirror": true},
						{"origin": [-4.14915, 15.17478, -0.59545], "size": [2, 3, 3.15], "pivot": [-1.79952, 17.93891, 0], "rotation": [12.5, 0, 17.5], "uv": [93, 23], "mirror": true},
						{"origin": [-4.14915, 18.17478, -0.69545], "size": [2, 2, 3.25], "pivot": [-1.79952, 17.93891, 0], "rotation": [12.5, 0, 17.5], "uv": [101, 34], "mirror": true},
						{"origin": [2.14915, 18.17478, -0.69545], "size": [2, 2, 3.25], "pivot": [1.79952, 17.93891, 0], "rotation": [12.5, 0, -17.5], "uv": [101, 34]},
						{"origin": [-1.74824, 18.19397, -2.4588], "size": [2, 2, 2.25], "pivot": [-2.19952, 17.93891, 0], "rotation": [-12.45392, 1.08089, 1.38206], "uv": [120, 42]},
						{"origin": [-1.74824, 15.19397, -2.5588], "size": [2, 3, 3.2], "pivot": [-2.19952, 17.93891, 0], "rotation": [-12.45392, 1.08089, 1.38206], "uv": [62, 91]},
						{"origin": [-2.92956, 15.8451, -0.51947], "size": [2, 4, 3.3], "pivot": [-1.45456, 16.9451, 1.20553], "rotation": [12.10041, -3.15894, 11.9151], "uv": [13, 88]},
						{"origin": [-2.63926, 15.37341, 1.4838], "size": [1.6, 1, 1.1], "pivot": [-1.79952, 17.93891, 0], "rotation": [12.31594, -2.15393, 7.26758], "uv": [9, 72]},
						{"origin": [-1.72409, 15.18765, -0.5926], "size": [2, 3, 3.2], "pivot": [-1.79952, 17.93891, 0], "rotation": [12.5, 0, -2.5], "uv": [9, 74]},
						{"origin": [-1.72409, 18.18765, -0.6926], "size": [2, 2, 3.3], "pivot": [-1.79952, 17.93891, 0], "rotation": [12.5, 0, -2.5], "uv": [0, 77]}
					]
				},
				{
					"name": "Trousers_Right3",
					"parent": "Trousers_Right",
					"pivot": [-1.93493, 18.84875, -0.07322],
					"cubes": [
						{"origin": [-4.125, 14.78109, -2.55595], "size": [1.8, 1, 3.2], "pivot": [-1.79952, 17.53891, 0], "rotation": [-12.5, 0, 17.5], "uv": [13, 41], "mirror": true},
						{"origin": [-4.14915, 14.77478, -0.59545], "size": [1.6, 1, 3.15], "pivot": [-1.79952, 17.53891, 0], "rotation": [12.5, 0, 17.5], "uv": [13, 41], "mirror": true},
						{"origin": [-4.14915, 17.77478, -0.69545], "size": [1.8, 1, 3.25], "pivot": [-1.79952, 17.53891, 0], "rotation": [12.5, 0, 17.5], "uv": [13, 41], "mirror": true},
						{"origin": [-1.76745, 15.11144, -3.02662], "size": [1.8, 1, 3.2], "pivot": [-0.86745, 15.61144, -1.42662], "rotation": [-12.4705, 0.86509, 0.40548], "uv": [13, 41]},
						{"origin": [-2.92956, 15.4451, -0.51947], "size": [2, 1, 3.2], "pivot": [-1.45456, 16.5451, 1.20553], "rotation": [12.10041, -3.15894, 11.9151], "uv": [77, 30]},
						{"origin": [-2.83926, 14.97341, 1.4838], "size": [1.8, 1, 1], "pivot": [-1.79952, 17.53891, 0], "rotation": [12.31594, -2.15393, 7.26758], "uv": [57, 2]},
						{"origin": [-1.72409, 14.78765, -0.5926], "size": [2, 1, 3.15], "pivot": [-1.79952, 17.53891, 0], "rotation": [12.5, 0, -2.5], "uv": [77, 30]},
						{"origin": [-1.72409, 17.78765, -0.6926], "size": [2, 1, 3.25], "pivot": [-1.79952, 17.53891, 0], "rotation": [12.5, 0, -2.5], "uv": [77, 30]}
					]
				},
				{
					"name": "RightLowerLeg",
					"parent": "RightLeg",
					"pivot": [-1.775, 10.55, 0.325],
					"cubes": [
						{"origin": [-3.7, 1.85, -1.975], "size": [3.3, 9, 4], "uv": [18, 41]},
						{"origin": [-3.9, 4.85, -2.175], "size": [3.7, 3, 4.4], "uv": [67, 30]}
					]
				},
				{
					"name": "HDJ",
					"parent": "RightLowerLeg",
					"pivot": [-2.07643, 7.86019, 2.2858],
					"rotation": [180, 0, 0],
					"cubes": [
						{"origin": [-2.80779, 7.11621, 1.62259], "size": [1.41154, 1.41154, 1.19438], "pivot": [-2.10202, 7.82198, 2.1112], "rotation": [0, 0, -45], "uv": [15, 53]},
						{"origin": [-4.73462, 7.9063, 1.83975], "size": [2.1716, 1.0858, 1.0858], "pivot": [-3.49339, 7.97336, 2.35551], "rotation": [-2.11751, -4.53051, 30.08377], "uv": [60, 34]},
						{"origin": [-4.72867, 6.95184, 1.81261], "size": [2.1716, 1.0858, 1.0858], "pivot": [-3.49339, 7.97336, 2.35551], "rotation": [2.11751, -4.53051, -20.08377], "uv": [88, 95]},
						{"origin": [-4.64599, 7.44026, 1.78546], "size": [2.1716, 1.0858, 1.0858], "pivot": [-3.49339, 7.97336, 2.35551], "rotation": [0, -5, 5], "uv": [86, 100]},
						{"origin": [-1.72966, 7.35882, 1.78546], "size": [2.1716, 1.0858, 1.0858], "pivot": [-0.71066, 7.89192, 2.35551], "rotation": [0, 5, -7.5], "uv": [86, 100], "mirror": true},
						{"origin": [-1.64698, 6.87041, 1.81261], "size": [2.1716, 1.0858, 1.0858], "pivot": [-0.71066, 7.89192, 2.35551], "rotation": [2.11751, 4.53051, 17.58377], "uv": [88, 95], "mirror": true},
						{"origin": [-1.64103, 7.82487, 1.83975], "size": [2.1716, 1.0858, 1.0858], "pivot": [-0.71066, 7.89192, 2.35551], "rotation": [-2.11751, 4.53051, -32.58377], "uv": [60, 34], "mirror": true}
					]
				},
				{
					"name": "RightFoot",
					"parent": "RightLowerLeg",
					"pivot": [-2.175, 2.875, 0.3],
					"cubes": [
						{"origin": [-3.825, 2.05175, -1.35907], "size": [3.475, 1.9, 3.43407], "uv": [0, 61], "mirror": true},
						{"origin": [-3.825, 0.875, -3.9], "size": [3.475, 2, 5.975], "inflate": 0.005, "uv": [60, 43], "mirror": true},
						{"origin": [-3.825, 2.31009, -3.78763], "size": [3.475, 1, 2.775], "pivot": [-0.075, 2.81009, -2.75013], "rotation": [22.5, 0, 0], "uv": [60, 50], "mirror": true}
					]
				},
				{
					"name": "Clogs2",
					"parent": "RightFoot",
					"pivot": [-0.4, -8.125, 4.825],
					"cubes": [
						{"origin": [-1.04431, 2.96066, -2.99144], "size": [1.225, 1.2, 1.1], "inflate": -0.4, "pivot": [-0.49431, 3.51066, -2.44144], "rotation": [-66.24819, -0.68648, -0.30207], "uv": [69, 2], "mirror": true},
						{"origin": [-1.075, 0.4, -2.975], "size": [1.25, 3.525, 1.3], "inflate": -0.4, "uv": [28, 41], "mirror": true},
						{"origin": [-2.5, 2.33993, -4.42288], "size": [1.35, 2.725, 1.1], "inflate": -0.395, "pivot": [-1.9, 2.65243, -3.52288], "rotation": [-58.43839, 39.69462, 21.42199], "uv": [59, 21], "mirror": true},
						{"origin": [-2.4, 0.4, -4.4], "size": [1.35, 2.975, 1.8], "inflate": -0.4, "uv": [18, 41], "mirror": true},
						{"origin": [-2.4, 1.925, -4.4], "size": [1.35, 1.425, 1.8], "inflate": -0.4, "pivot": [-1.725, 2.6625, -3.5], "rotation": [-66.25, 0, 0], "uv": [69, 2], "mirror": true},
						{"origin": [-2.275, 1.93993, -4.42288], "size": [1.35, 3.425, 1.8], "inflate": -0.395, "pivot": [-1.9, 2.65243, -3.52288], "rotation": [-50.09824, -51.10858, -33.05734], "uv": [32, 49], "mirror": true},
						{"origin": [-4.29431, 3.03566, -2.99144], "size": [1.35, 1.275, 1.1], "inflate": -0.4, "pivot": [-0.29431, 3.51066, -2.44144], "rotation": [-66.24819, -0.68648, -0.30207], "uv": [69, 2], "mirror": true},
						{"origin": [-4.325, 0.4, -2.975], "size": [1.25, 3.525, 1.3], "inflate": -0.4, "uv": [28, 41], "mirror": true},
						{"origin": [-4.075, 0.6, -4.2], "size": [3.975, 1.075, 6.875], "uv": [42, 7], "mirror": true},
						{"origin": [-3.975, -0.4, -2.9], "size": [3.775, 1.075, 1.2], "uv": [55, 19], "mirror": true},
						{"origin": [-3.975, -0.4, 0.6], "size": [3.775, 1.075, 1.2], "uv": [55, 19], "mirror": true}
					]
				}
			]
		}
	]
}