{
	"format_version": "1.12.0",
	"minecraft:geometry": [
		{
			"description": {
				"identifier": "geometry.model",
				"texture_width": 256,
				"texture_height": 256,
				"visible_bounds_width": 5,
				"visible_bounds_height": 3.5,
				"visible_bounds_offset": [0, 1.25, 0]
			},
			"bones": [
				{
					"name": "group3",
					"pivot": [-1, 14.54328, -15.7961]
				},
				{
					"name": "group4",
					"parent": "group3",
					"pivot": [-1, 14.54328, -15.7961],
					"cubes": [
						{"origin": [-24, 4, 9], "size": [46, 17, 20], "uv": [0, 28]},
						{"origin": [-24, 17, 2], "size": [46, 4, 7], "uv": [0, 65]},
						{"origin": [-25, 0, 5], "size": [48, 4, 24], "uv": [0, 0]},
						{"origin": [-0.5, 21, 9], "size": [22, 1, 1], "pivot": [10.5, 16, 9], "rotation": [-22.5, 0, 0], "uv": [106, 71]},
						{"origin": [-0.5, 20.24823, 17.80172], "size": [22, 17, 11], "uv": [66, 76]},
						{"origin": [-0.5, 21, 10], "size": [22, 16, 7], "pivot": [10.5, 16, 9], "rotation": [-22.5, 0, 0], "uv": [58, 104]},
						{"origin": [-0.5, 38, 9], "size": [22, 1, 1], "pivot": [10.5, 16, 9], "rotation": [-22.5, 0, 0], "uv": [99, 69]},
						{"origin": [-0.5, 22, 9], "size": [1, 16, 1], "pivot": [10.5, 16, 9], "rotation": [-22.5, 0, 0], "uv": [8, 28]},
						{"origin": [20.5, 22, 9], "size": [1, 16, 1], "pivot": [10.5, 16, 9], "rotation": [-22.5, 0, 0], "uv": [4, 28]},
						{"origin": [0.5, 22, 9.25], "size": [20, 16, 1], "pivot": [10.5, 16, 9], "rotation": [-22.5, 0, 0], "uv": [116, 104]},
						{"origin": [-23.5, 20.24823, 17.80172], "size": [22, 17, 11], "uv": [0, 76]},
						{"origin": [-23.5, 21, 10], "size": [22, 16, 7], "pivot": [-12.5, 16, 9], "rotation": [-22.5, 0, 0], "uv": [0, 104]},
						{"origin": [-23.5, 38, 9], "size": [22, 1, 1], "pivot": [-12.5, 16, 9], "rotation": [-22.5, 0, 0], "uv": [99, 65]},
						{"origin": [-2.5, 22, 9], "size": [1, 16, 1], "pivot": [-12.5, 16, 9], "rotation": [-22.5, 0, 0], "uv": [18, 0]},
						{"origin": [-23.5, 22, 9], "size": [1, 16, 1], "pivot": [-12.5, 16, 9], "rotation": [-22.5, 0, 0], "uv": [0, 28]},
						{"origin": [-22.5, 22, 9.25], "size": [20, 16, 1], "pivot": [10.5, 16, 9], "rotation": [-22.5, 0, 0], "uv": [112, 28]},
						{"origin": [-23.5, 21, 9], "size": [22, 1, 1], "pivot": [-12.5, 16, 9], "rotation": [-22.5, 0, 0], "uv": [99, 67]},
						{"origin": [-19.75, 20.1, 4], "size": [2, 1, 2], "uv": [12, 28]},
						{"origin": [-19.25, 20.7, 4.5], "size": [1, 3, 1], "inflate": -0.2, "pivot": [-18.75, 20.9, 5], "rotation": [-22.5, 0, 0], "uv": [71, 83]},
						{"origin": [-19.25, 23.1, 4.5], "size": [1, 1, 1], "inflate": 0, "pivot": [-18.75, 20.9, 5], "rotation": [-22.5, 0, 0], "uv": [16, 43]},
						{"origin": [-13.75, 20.375, 3.55], "size": [2, 1, 2], "inflate": -0.275, "uv": [12, 31]},
						{"origin": [-13.25, 20.475, 4.05], "size": [1, 1, 1], "uv": [6, 45]},
						{"origin": [-11.9, 20.375, 3.55], "size": [2, 1, 2], "inflate": -0.275, "uv": [12, 34]},
						{"origin": [-11.4, 20.475, 4.05], "size": [1, 1, 1], "uv": [9, 46]},
						{"origin": [-12.5, 20.475, 6.05], "size": [1, 1, 1], "uv": [13, 46]},
						{"origin": [-13, 20.375, 5.55], "size": [2, 1, 2], "inflate": -0.275, "uv": [12, 37]},
						{"origin": [-11.15, 20.375, 5.55], "size": [2, 1, 2], "inflate": -0.275, "uv": [12, 40]},
						{"origin": [-10.65, 20.475, 6.05], "size": [1, 1, 1], "uv": [61, 76]},
						{"origin": [-9.6, 20.475, 4.05], "size": [1, 1, 1], "uv": [4, 79]},
						{"origin": [-10.1, 20.375, 3.55], "size": [2, 1, 2], "inflate": -0.275, "uv": [10, 43]},
						{"origin": [-8.85, 20.475, 6.05], "size": [1, 1, 1], "uv": [61, 79]},
						{"origin": [-9.35, 20.375, 5.55], "size": [2, 1, 2], "inflate": -0.275, "uv": [0, 45]},
						{"origin": [6.5, 9, -13.5], "size": [9, 2, 9], "uv": [107, 121]},
						{"origin": [7, 11, -13], "size": [8, 1, 8], "uv": [32, 127]},
						{"origin": [10, 1, -10], "size": [2, 8, 2], "uv": [8, 12]},
						{"origin": [5.5, 0, -14.5], "size": [11, 1, 11], "uv": [120, 12]},
						{"origin": [12.5, 9, -13.5], "size": [1, 6, 1], "pivot": [11, 9, -13.5], "rotation": [22.5, 0, 0], "uv": [0, 76]},
						{"origin": [8.5, 9, -13.5], "size": [1, 6, 1], "pivot": [11, 9, -13.5], "rotation": [22.5, 0, 0], "uv": [0, 65]},
						{"origin": [8.5, 14.54328, -15.7961], "size": [1, 1, 1], "uv": [0, 84]},
						{"origin": [12.5, 14.54328, -15.7961], "size": [1, 1, 1], "uv": [59, 82]},
						{"origin": [7.5, 15.54328, -16.2961], "size": [7, 4, 2], "uv": [0, 6]},
						{"origin": [-17.5, 9, -13.5], "size": [9, 2, 9], "uv": [121, 73]},
						{"origin": [-17, 11, -13], "size": [8, 1, 8], "uv": [0, 127]},
						{"origin": [-14, 1, -10], "size": [2, 8, 2], "uv": [0, 12]},
						{"origin": [-18.5, 0, -14.5], "size": [11, 1, 11], "uv": [120, 0]},
						{"origin": [-15.5, 9, -13.5], "size": [1, 6, 1], "pivot": [-13, 9, -13.5], "rotation": [22.5, 0, 0], "uv": [16, 17]},
						{"origin": [-11.5, 9, -13.5], "size": [1, 6, 1], "pivot": [-13, 9, -13.5], "rotation": [22.5, 0, 0], "uv": [20, 17]},
						{"origin": [-11.5, 14.54328, -15.7961], "size": [1, 1, 1], "uv": [6, 12]},
						{"origin": [-15.5, 14.54328, -15.7961], "size": [1, 1, 1], "uv": [14, 12]},
						{"origin": [-16.5, 15.54328, -16.2961], "size": [7, 4, 2], "uv": [0, 0]}
					]
				},
				{
					"name": "group5",
					"parent": "group4",
					"pivot": [17.25, 8.5, 19],
					"cubes": [
						{"origin": [6.75, 23.1, 4.5], "size": [1, 1, 1], "inflate": 0, "pivot": [7.25, 20.9, 5], "rotation": [-22.5, 0, 0], "uv": [59, 104]},
						{"origin": [6.75, 20.7, 4.5], "size": [1, 3, 1], "inflate": -0.2, "pivot": [7.25, 20.9, 5], "rotation": [-22.5, 0, 0], "uv": [0, 104]},
						{"origin": [6.25, 20.1, 4], "size": [2, 1, 2], "uv": [2, 81]},
						{"origin": [12.25, 20.375, 3.55], "size": [2, 1, 2], "inflate": -0.275, "uv": [69, 80]},
						{"origin": [12.75, 20.475, 4.05], "size": [1, 1, 1], "uv": [55, 104]},
						{"origin": [13.5, 20.475, 6.05], "size": [1, 1, 1], "uv": [59, 85]},
						{"origin": [13, 20.375, 5.55], "size": [2, 1, 2], "inflate": -0.275, "uv": [55, 79]},
						{"origin": [14.85, 20.375, 5.55], "size": [2, 1, 2], "inflate": -0.275, "uv": [69, 77]},
						{"origin": [15.35, 20.475, 6.05], "size": [1, 1, 1], "uv": [55, 85]},
						{"origin": [14.1, 20.375, 3.55], "size": [2, 1, 2], "inflate": -0.275, "uv": [63, 79]},
						{"origin": [14.6, 20.475, 4.05], "size": [1, 1, 1], "uv": [51, 104]},
						{"origin": [15.9, 20.375, 3.55], "size": [2, 1, 2], "inflate": -0.275, "uv": [63, 76]},
						{"origin": [16.4, 20.475, 4.05], "size": [1, 1, 1], "uv": [7, 85]},
						{"origin": [16.65, 20.375, 5.55], "size": [2, 1, 2], "inflate": -0.275, "uv": [55, 76]},
						{"origin": [17.15, 20.475, 6.05], "size": [1, 1, 1], "uv": [4, 84]}
					]
				},
				{
					"name": "group",
					"parent": "group4",
					"pivot": [-11, 8.5, 19],
					"cubes": [
						{"origin": [-2.5, 20.1, 8.92388], "size": [3, 1, 1], "pivot": [-1, 20.79134, 7.46194], "rotation": [22.5, 0, 0], "uv": [8, 22]},
						{"origin": [-0.5, 20.1, 6.92388], "size": [1, 1, 2], "pivot": [-1, 20.79134, 7.46194], "rotation": [22.5, 0, 0], "uv": [61, 82]},
						{"origin": [-2.5, 20.1, 6.92388], "size": [1, 1, 2], "pivot": [-1, 20.79134, 7.46194], "rotation": [22.5, 0, 0], "uv": [65, 83]},
						{"origin": [-2.5, 20.1, 6], "size": [1, 1, 2], "uv": [4, 76]},
						{"origin": [-0.5, 20.1, 6], "size": [1, 1, 2], "uv": [55, 82]},
						{"origin": [-2.5, 20.1, 5], "size": [3, 1, 1], "uv": [0, 22]}
					]
				}
			]
		}
	]
}