{
	"format_version": "1.12.0",
	"minecraft:geometry": [
		{
			"description": {
				"identifier": "geometry.model",
				"texture_width": 256,
				"texture_height": 256,
				"visible_bounds_width": 6,
				"visible_bounds_height": 4.5,
				"visible_bounds_offset": [0, 1.75, 0]
			},
			"bones": [
				{
					"name": "bone2",
					"pivot": [-4.5, 16, -4.25]
				},
				{
					"name": "bone",
					"parent": "bone2",
					"pivot": [-4.5, 16, -4.25],
					"cubes": [
						{"origin": [-20.5, 1, 26.75], "size": [32, 41, 1], "uv": [0, 0]},
						{"origin": [-20.5, 0, 14.75], "size": [32, 1, 13], "uv": [0, 56]},
						{"origin": [-6.5, 2, -6.5], "size": [13, 3, 13], "uv": [66, 26]},
						{"origin": [-5.5, 0, 5.5], "size": [11, 2, 2], "uv": [77, 64]},
						{"origin": [-5.5, 0, -7.5], "size": [11, 2, 2], "uv": [105, 26]},
						{"origin": [-7.5, 0, -19.5], "size": [15, 1, 7], "uv": [71, 70]},
						{"origin": [-2.5, 0, -12], "size": [11, 1, 4], "uv": [77, 59]},
						{"origin": [4.5, 1, -10.5], "size": [1, 26, 1], "uv": [135, 150]},
						{"origin": [-8.5, 0, -19.5], "size": [1, 1, 7], "pivot": [-7.5, 0, -16], "rotation": [0, 0, 22.5], "uv": [164, 16]},
						{"origin": [-9.42388, 0.38268, -19.5], "size": [1, 1, 7], "pivot": [-8.42388, 0.38268, -16], "rotation": [0, 0, 45], "uv": [162, 50]},
						{"origin": [-9.13099, 1.08979, -19.5], "size": [1, 1, 7], "pivot": [-9.13099, 1.08979, -16], "rotation": [0, 0, -22.5], "uv": [32, 161]},
						{"origin": [8.13099, 1.08979, -19.5], "size": [1, 1, 7], "pivot": [9.13099, 1.08979, -16], "rotation": [0, 0, 22.5], "uv": [15, 123]},
						{"origin": [7.5, 0, -19.5], "size": [1, 1, 7], "pivot": [7.5, 0, -16], "rotation": [0, 0, -22.5], "uv": [39, 123]},
						{"origin": [8.42388, 0.38268, -19.5], "size": [1, 1, 7], "pivot": [8.42388, 0.38268, -16], "rotation": [0, 0, -45], "uv": [121, 131]},
						{"origin": [-9.51367, 2.01367, -19.5], "size": [1, 1, 7], "uv": [16, 161]},
						{"origin": [-9.51367, 3.01367, -19.5], "size": [1, 1, 7], "pivot": [-9.51367, 3.01367, -16], "rotation": [0, 0, 22.5], "uv": [0, 161]},
						{"origin": [-9.13099, 3.93755, -19.5], "size": [1, 1, 7], "pivot": [-9.13099, 3.93755, -16], "rotation": [0, 0, 45], "uv": [155, 160]},
						{"origin": [-8.42388, 3.64466, -19.5], "size": [1, 1, 7], "pivot": [-8.42388, 4.64466, -16], "rotation": [0, 0, -22.5], "uv": [160, 141]},
						{"origin": [1.61009, 4.58078, -19.5], "size": [1, 1, 7], "pivot": [3.4462, 6.54101, -16], "rotation": [0, 0, -22.5], "uv": [87, 140]},
						{"origin": [1.92358, 5.04996, -19.5], "size": [1, 1, 7], "pivot": [3.4462, 6.54101, -16], "rotation": [0, 0, -45], "uv": [15, 142]},
						{"origin": [3.62376, 5.48757, -19.5], "size": [1, 1, 7], "pivot": [3.4462, 6.54101, -16], "rotation": [0, 0, 22.5], "uv": [39, 143]},
						{"origin": [3.51367, 6.04101, -19.5], "size": [1, 1, 7], "uv": [144, 122]},
						{"origin": [3.62376, 6.59445, -19.5], "size": [1, 1, 7], "pivot": [3.4462, 6.54101, -16], "rotation": [0, 0, -22.5], "uv": [102, 150]},
						{"origin": [3.93725, 7.06363, -19.5], "size": [1, 1, 7], "pivot": [3.4462, 6.54101, -16], "rotation": [0, 0, -45], "uv": [159, 103]},
						{"origin": [1.61009, 7.50124, -19.5], "size": [1, 1, 7], "pivot": [3.4462, 6.54101, -16], "rotation": [0, 0, 22.5], "uv": [139, 160]},
						{"origin": [-7.61009, 7.50124, -19.5], "size": [1, 1, 7], "pivot": [-8.4462, 6.54101, -16], "rotation": [0, 0, -22.5], "uv": [96, 102]},
						{"origin": [-9.93725, 7.06363, -19.5], "size": [1, 1, 7], "pivot": [-8.4462, 6.54101, -16], "rotation": [0, 0, 45], "uv": [105, 30]},
						{"origin": [-9.62376, 6.59445, -19.5], "size": [1, 1, 7], "pivot": [-8.4462, 6.54101, -16], "rotation": [0, 0, 22.5], "uv": [82, 121]},
						{"origin": [-0.37406, 26.7706, -14.5], "size": [3, 1, 11], "pivot": [1.12594, 27.2706, -10], "rotation": [0, 0, 22.5], "uv": [156, 0]},
						{"origin": [0.12594, 26.2706, -14], "size": [1, 1, 10], "inflate": -0.2, "pivot": [1.12594, 27.2706, -10], "rotation": [0, 0, 22.5], "uv": [40, 70]},
						{"origin": [1.12594, 26.2706, -14], "size": [1, 1, 10], "inflate": -0.2, "pivot": [1.12594, 27.2706, -10], "rotation": [0, 0, 22.5], "uv": [14, 70]},
						{"origin": [0.04908, 27.02262, -10.5], "size": [1, 1, 1], "pivot": [1.54013, 26.5, -7], "rotation": [0, 0, 45], "uv": [9, 42]},
						{"origin": [2.37624, 27.46023, -10.5], "size": [1, 1, 1], "pivot": [1.54013, 26.5, -7], "rotation": [0, 0, -22.5], "uv": [5, 46]},
						{"origin": [-7.5, 8.05468, -19.5], "size": [10, 1, 7], "uv": [153, 74]},
						{"origin": [4.61009, 26.55344, -10.5], "size": [1, 1, 1], "pivot": [4.43253, 26.5, -7], "rotation": [0, 0, -22.5], "uv": [9, 46]},
						{"origin": [2.59642, 27.46023, -10.5], "size": [1, 1, 1], "pivot": [4.43253, 26.5, -7], "rotation": [0, 0, 22.5], "uv": [0, 52]},
						{"origin": [4.92358, 27.02262, -10.5], "size": [1, 1, 1], "pivot": [4.43253, 26.5, -7], "rotation": [0, 0, -45], "uv": [8, 56]},
						{"origin": [2.48633, 28.01367, -10.5], "size": [1, 1, 1], "uv": [8, 58]},
						{"origin": [0.8, 9.45468, -18.5], "size": [1, 3, 3], "inflate": -0.2, "uv": [5, 49]},
						{"origin": [-1.2, 9.45468, -18.5], "size": [3, 3, 1], "inflate": -0.2, "uv": [0, 56]},
						{"origin": [-1.2, 9.45468, -18.5], "size": [1, 3, 3], "inflate": -0.2, "uv": [0, 46]},
						{"origin": [-1.2, 8.85468, -18.5], "size": [3, 1, 3], "inflate": -0.2, "uv": [0, 42]},
						{"origin": [-1.2, 9.45468, -16.5], "size": [3, 3, 1], "inflate": -0.2, "uv": [0, 60]},
						{"origin": [-7.5, 4.02734, -19.5], "size": [10, 1, 7], "uv": [147, 42]},
						{"origin": [5.5, 0, -7.5], "size": [2, 2, 15], "uv": [69, 79]},
						{"origin": [-7.5, 0, -7.5], "size": [2, 2, 15], "uv": [77, 42]},
						{"origin": [3.13488, 4.11485, -6.5], "size": [3, 11, 13], "pivot": [0.90142, 2.13964, -0.825], "rotation": [0, 0, 22.5], "uv": [52, 70]},
						{"origin": [-19.5, 28, 14.75], "size": [30, 1, 12], "uv": [66, 13]},
						{"origin": [-19.5, 14, 14.75], "size": [30, 1, 12], "uv": [66, 0]},
						{"origin": [10.5, 1, 14.75], "size": [1, 41, 12], "uv": [26, 70]},
						{"origin": [-20.5, 1, 14.75], "size": [1, 41, 12], "uv": [0, 70]},
						{"origin": [-35.4, 0, 16.75], "size": [10, 3, 9], "pivot": [-31.05, 6, 21.15], "rotation": [0, 22.5, 0], "uv": [52, 96]},
						{"origin": [-34.1, 3, 16.75], "size": [10, 3, 9], "pivot": [-29.15, 6, 22.15], "rotation": [0, 22.5, 0], "uv": [96, 42]},
						{"origin": [-34.5, 6, 17.75], "size": [10, 3, 9], "pivot": [-29.15, 6, 22.15], "rotation": [0, 22.5, 0], "uv": [94, 90]},
						{"origin": [-33.5, 9, 18.35], "size": [10, 3, 9], "pivot": [-29.15, 6, 22.15], "rotation": [0, 22.5, 0], "uv": [88, 78]},
						{"origin": [-23.5, 0, 11.5], "size": [3, 10, 9], "uv": [81, 102]},
						{"origin": [-20.5, 42, 14.75], "size": [32, 1, 13], "uv": [0, 42]}
					]
				},
				{
					"name": "group",
					"parent": "bone2",
					"pivot": [10, 6, 22.25],
					"cubes": [
						{"origin": [7.5, 1, 17.75], "size": [3, 10, 9], "uv": [63, 160]},
						{"origin": [4.5, 1, 17.75], "size": [3, 10, 9], "uv": [154, 122]},
						{"origin": [1.5, 1, 17.75], "size": [3, 10, 9], "uv": [153, 84]},
						{"origin": [-1.5, 1, 17.75], "size": [3, 10, 9], "uv": [111, 150]},
						{"origin": [-4.5, 1, 17.75], "size": [3, 10, 9], "uv": [87, 150]},
						{"origin": [-7.5, 1, 17.75], "size": [3, 10, 9], "uv": [48, 150]},
						{"origin": [-10.5, 1, 17.75], "size": [3, 10, 9], "uv": [149, 23]},
						{"origin": [-13.5, 1, 17.75], "size": [3, 10, 9], "uv": [147, 55]},
						{"origin": [-16.5, 1, 17.75], "size": [3, 10, 9], "uv": [145, 141]},
						{"origin": [-19.5, 1, 17.75], "size": [3, 10, 9], "uv": [144, 103]},
						{"origin": [7.5, 14.9, 17.75], "size": [3, 10, 9], "uv": [24, 142]},
						{"origin": [4.5, 14.9, 17.75], "size": [3, 10, 9], "uv": [0, 142]},
						{"origin": [1.5, 14.9, 17.75], "size": [3, 10, 9], "uv": [141, 4]},
						{"origin": [-1.5, 14.9, 17.75], "size": [3, 10, 9], "uv": [72, 140]},
						{"origin": [-4.5, 14.9, 17.75], "size": [3, 10, 9], "uv": [138, 74]},
						{"origin": [-7.5, 14.9, 17.75], "size": [3, 10, 9], "uv": [132, 45]},
						{"origin": [-10.5, 14.9, 17.75], "size": [3, 10, 9], "uv": [130, 131]},
						{"origin": [-13.5, 14.9, 17.75], "size": [3, 10, 9], "uv": [106, 131]},
						{"origin": [-16.5, 14.9, 17.75], "size": [3, 10, 9], "uv": [48, 131]},
						{"origin": [-19.5, 14.9, 17.75], "size": [3, 10, 9], "uv": [129, 93]},
						{"origin": [7.5, 28.9, 17.75], "size": [3, 10, 9], "uv": [125, 26]},
						{"origin": [4.5, 28.9, 17.75], "size": [3, 10, 9], "uv": [123, 64]},
						{"origin": [1.5, 28.9, 17.75], "size": [3, 10, 9], "uv": [24, 123]},
						{"origin": [-1.5, 28.9, 17.75], "size": [3, 10, 9], "uv": [0, 123]},
						{"origin": [-4.5, 28.9, 17.75], "size": [3, 10, 9], "uv": [91, 121]},
						{"origin": [-7.5, 28.9, 17.75], "size": [3, 10, 9], "uv": [67, 121]},
						{"origin": [-10.5, 28.9, 17.75], "size": [3, 10, 9], "uv": [120, 112]},
						{"origin": [-13.5, 28.9, 17.75], "size": [3, 10, 9], "uv": [108, 54]},
						{"origin": [-16.5, 28.9, 17.75], "size": [3, 10, 9], "uv": [52, 108]},
						{"origin": [-19.5, 28.9, 17.75], "size": [3, 10, 9], "uv": [105, 102]}
					]
				}
			]
		}
	]
}