{
	"format_version": "1.12.0",
	"minecraft:geometry": [
		{
			"description": {
				"identifier": "geometry.model",
				"texture_width": 256,
				"texture_height": 256,
				"visible_bounds_width": 4,
				"visible_bounds_height": 4.5,
				"visible_bounds_offset": [0, 1.75, 0]
			},
			"bones": [
				{
					"name": "bone",
					"pivot": [8, 16, -14]
				},
				{
					"name": "group",
					"parent": "bone",
					"pivot": [8, 16, -14],
					"cubes": [
						{"origin": [-19, 23, -29], "size": [38, 1, 16], "uv": [0, 0]},
						{"origin": [17, 24, -27], "size": [1, 11, 5], "uv": [0, 0]},
						{"origin": [7, 24, -28], "size": [11, 11, 1], "uv": [144, 96]},
						{"origin": [6, 35, -29], "size": [13, 1, 8], "uv": [112, 73]},
						{"origin": [5, 34.5, -28], "size": [2, 2, 3], "uv": [66, 81]},
						{"origin": [4.26152, 35.29343, -27], "size": [1, 4, 1], "inflate": -0.2, "pivot": [4.76152, 37.29343, -26.5], "rotation": [0, 0, -22.5], "uv": [0, 0]},
						{"origin": [-0.45014, 38.27122, -27], "size": [5, 1, 1], "inflate": -0.2, "uv": [16, 90]},
						{"origin": [13, 36, -28], "size": [4, 4, 4], "uv": [158, 126]},
						{"origin": [13.5, 40, -27.5], "size": [3, 6, 3], "uv": [74, 17]},
						{"origin": [-9, 23.5, -28.5], "size": [6, 1, 5], "uv": [158, 84]},
						{"origin": [-13.82326, 23.75, -16.90874], "size": [5, 1, 2], "pivot": [-10.57326, 24.26667, -18.32541], "rotation": [0, 22.5, 0], "uv": [0, 57]},
						{"origin": [-11.07326, 24.25, -21.15874], "size": [2, 1, 3], "pivot": [-10.57326, 24.26667, -18.32541], "rotation": [0, 22.5, 0], "uv": [0, 90]},
						{"origin": [-14.32326, 23.3, -24.40874], "size": [8, 1, 10], "pivot": [-10.57326, 24.26667, -18.32541], "rotation": [0, 22.5, 0], "uv": [127, 29]},
						{"origin": [3, 23.5, -25.7], "size": [6, 1, 5], "pivot": [7, 24, -25.5], "rotation": [0, -22.5, 0], "uv": [158, 71]},
						{"origin": [6.93463, 23.5, -17.95224], "size": [5, 1, 6], "pivot": [9.23463, 24, -22.65224], "rotation": [0, 45, 0], "uv": [132, 152]},
						{"origin": [-7, 24.25, -27.5], "size": [2, 1, 1], "uv": [90, 29]},
						{"origin": [5, 24.25, -24.7], "size": [2, 1, 1], "pivot": [7, 24.75, -25.5], "rotation": [0, -22.5, 0], "uv": [92, 8]},
						{"origin": [9.93463, 24.25, -15.95224], "size": [1, 1, 2], "pivot": [9.23463, 24.75, -22.65224], "rotation": [0, 45, 0], "uv": [8, 93]},
						{"origin": [13.59149, 25.25, -24.12381], "size": [1, 8, 12], "pivot": [14.89149, 29.25, -19.82381], "rotation": [0, 45, 0], "uv": [132, 116]},
						{"origin": [0, 25.25, -24.7], "size": [12, 8, 1], "pivot": [7, 25.75, -25.5], "rotation": [0, -22.5, 0], "uv": [146, 108]},
						{"origin": [-12, 25.25, -27.5], "size": [12, 8, 1], "uv": [146, 117]},
						{"origin": [-15, 18, -25], "size": [30, 1, 14], "uv": [0, 49]},
						{"origin": [-15, 1.1, -28], "size": [30, 1, 6], "uv": [66, 66]},
						{"origin": [-15, 19, -25], "size": [30, 1, 1], "uv": [74, 54]},
						{"origin": [14, 17, -28], "size": [1, 1, 13], "uv": [61, 140]},
						{"origin": [-15, 17, -28], "size": [1, 1, 13], "uv": [132, 58]},
						{"origin": [-16, 0, -28], "size": [1, 23, 14], "uv": [0, 90]},
						{"origin": [-22, 0, -28], "size": [6, 13, 11], "uv": [104, 29]},
						{"origin": [15, 0, -28], "size": [1, 23, 14], "uv": [74, 17]},
						{"origin": [-16, 0, -29], "size": [32, 23, 1], "uv": [0, 66]}
					]
				},
				{
					"name": "group10",
					"parent": "bone",
					"pivot": [-1.66713, 39.77739, -26.05],
					"cubes": [
						{"origin": [-0.65, 40.27734, -26.55], "size": [1, 1, 1], "inflate": -0.375, "uv": [247, 3]},
						{"origin": [-0.45735, 39.81224, -26.55], "size": [1, 1, 1], "inflate": -0.375, "pivot": [1.11543, 39.01538, -26.05], "rotation": [0, 0, 22.5], "uv": [247, 3]},
						{"origin": [1.55632, 39.23218, -26.55], "size": [1, 1, 1], "inflate": -0.375, "pivot": [1.11543, 39.01538, -26.05], "rotation": [0, 0, -45], "uv": [247, 3]},
						{"origin": [1.36367, 38.76709, -26.55], "size": [1, 1, 1], "inflate": -0.375, "pivot": [1.11543, 39.01538, -26.05], "rotation": [0, 0, -22.5], "uv": [247, 3]},
						{"origin": [1.36367, 38.26367, -26.55], "size": [1, 1, 1], "inflate": -0.375, "uv": [247, 3]},
						{"origin": [1.55632, 37.79857, -26.55], "size": [1, 1, 1], "inflate": -0.375, "pivot": [1.11543, 39.01538, -26.05], "rotation": [0, 0, 22.5], "uv": [247, 3]},
						{"origin": [-0.45735, 37.21851, -26.55], "size": [1, 1, 1], "inflate": -0.375, "pivot": [1.11543, 39.01538, -26.05], "rotation": [0, 0, -45], "uv": [247, 3]},
						{"origin": [-0.65, 36.75342, -26.55], "size": [1, 1, 1], "inflate": -0.375, "pivot": [1.11543, 39.01538, -26.05], "rotation": [0, 0, -22.5], "uv": [247, 3]},
						{"origin": [-0.65, 36.25, -26.55], "size": [1, 1, 1], "inflate": -0.375, "uv": [247, 3]},
						{"origin": [-1.4206, 36.40328, -26.55], "size": [1, 1, 1], "inflate": -0.375, "pivot": [-0.9206, 36.90328, -26.05], "rotation": [0, 0, 22.5], "uv": [247, 3]},
						{"origin": [-2.51039, 37.49307, -26.55], "size": [1, 1, 1], "inflate": -0.375, "pivot": [-2.01039, 37.99307, -26.05], "rotation": [0, 0, -22.5], "uv": [247, 3]},
						{"origin": [-2.66367, 38.26367, -26.55], "size": [1, 1, 1], "inflate": -0.375, "uv": [247, 3]},
						{"origin": [-2.07388, 36.83979, -26.55], "size": [1, 1, 1], "inflate": -0.375, "pivot": [-1.57388, 37.33979, -26.05], "rotation": [0, 0, 45], "uv": [247, 3]},
						{"origin": [-2.39122, 38.92142, -26.55], "size": [1, 1, 1], "inflate": -0.375, "pivot": [-1.66713, 39.77739, -26.05], "rotation": [0, 0, 22.5], "uv": [247, 3]},
						{"origin": [-2.39122, 39.63336, -26.55], "size": [1, 1, 1], "inflate": -0.375, "pivot": [-1.66713, 39.77739, -26.05], "rotation": [0, 0, 45], "uv": [247, 3]},
						{"origin": [-1.15342, 39.77392, -26.55], "size": [1, 1, 1], "inflate": -0.375, "pivot": [-1.66713, 39.77739, -26.05], "rotation": [0, 0, -22.5], "uv": [247, 3]}
					]
				},
				{
					"name": "group9",
					"parent": "bone",
					"pivot": [3.44986, 38.77122, -26.5],
					"cubes": [
						{"origin": [-0.65, 36.25, -27], "size": [1, 1, 1], "uv": [142, 44]},
						{"origin": [-1.4206, 36.40328, -27], "size": [1, 1, 1], "pivot": [-0.9206, 36.90328, -26.5], "rotation": [0, 0, 22.5], "uv": [142, 42]},
						{"origin": [-2.51039, 37.49307, -27], "size": [1, 1, 1], "pivot": [-2.01039, 37.99307, -26.5], "rotation": [0, 0, -22.5], "uv": [142, 40]},
						{"origin": [-2.07388, 36.83979, -27], "size": [1, 1, 1], "pivot": [-1.57388, 37.33979, -26.5], "rotation": [0, 0, 45], "uv": [139, 141]},
						{"origin": [-2.39122, 39.63336, -27], "size": [1, 1, 1], "pivot": [-1.66713, 39.77739, -26.5], "rotation": [0, 0, 45], "uv": [94, 141]},
						{"origin": [-1.15342, 39.77392, -27], "size": [1, 1, 1], "pivot": [-1.66713, 39.77739, -26.5], "rotation": [0, 0, -22.5], "uv": [90, 141]},
						{"origin": [-2.39122, 38.92142, -27], "size": [1, 1, 1], "pivot": [-1.66713, 39.77739, -26.5], "rotation": [0, 0, 22.5], "uv": [80, 141]},
						{"origin": [-2.66367, 38.26367, -27], "size": [1, 1, 1], "uv": [76, 141]},
						{"origin": [1.36367, 38.26367, -27], "size": [1, 1, 1], "uv": [70, 141]},
						{"origin": [1.55632, 37.79857, -27], "size": [1, 1, 1], "pivot": [1.11543, 39.01538, -26.5], "rotation": [0, 0, 22.5], "uv": [141, 69]},
						{"origin": [-0.65, 36.75342, -27], "size": [1, 1, 1], "pivot": [1.11543, 39.01538, -26.5], "rotation": [0, 0, -22.5], "uv": [66, 141]},
						{"origin": [-0.45735, 37.21851, -27], "size": [1, 1, 1], "pivot": [1.11543, 39.01538, -26.5], "rotation": [0, 0, -45], "uv": [62, 141]},
						{"origin": [1.55632, 39.23218, -27], "size": [1, 1, 1], "pivot": [1.11543, 39.01538, -26.5], "rotation": [0, 0, -45], "uv": [136, 140]},
						{"origin": [1.36367, 38.76709, -27], "size": [1, 1, 1], "pivot": [1.11543, 39.01538, -26.5], "rotation": [0, 0, -22.5], "uv": [132, 140]},
						{"origin": [-0.45735, 39.81224, -27], "size": [1, 1, 1], "pivot": [1.11543, 39.01538, -26.5], "rotation": [0, 0, 22.5], "uv": [140, 66]},
						{"origin": [-0.65, 40.27734, -27], "size": [1, 1, 1], "uv": [140, 27]},
						{"origin": [-0.55014, 38.27122, -27], "size": [1, 1, 1], "inflate": 0, "uv": [140, 10]},
						{"origin": [-0.55014, 38.27122, -26.6], "size": [1, 1, 1], "inflate": -0.15, "uv": [72, 95]}
					]
				},
				{
					"name": "group8",
					"parent": "bone",
					"pivot": [0.24584, 20.97355, -10.94844],
					"cubes": [
						{"origin": [-8.99444, 19.89586, -17.39307], "size": [18, 1, 5], "pivot": [0.24584, 20.97355, -14.94844], "rotation": [-22.5, 0, 0], "uv": [74, 56]},
						{"origin": [-6.99444, 17.89586, -16.89307], "size": [13, 2, 1], "pivot": [0.24584, 20.97355, -14.94844], "rotation": [-22.5, 0, 0], "uv": [92, 13]},
						{"origin": [8.00556, 20.49586, -17.49307], "size": [1, 1, 1], "inflate": -0.2, "pivot": [0.24584, 20.97355, -14.94844], "rotation": [-22.5, 0, 0], "uv": [248, 27]},
						{"origin": [6.70556, 20.49586, -17.49307], "size": [1, 1, 1], "inflate": -0.2, "pivot": [0.24584, 20.97355, -14.94844], "rotation": [-22.5, 0, 0], "uv": [248, 27]},
						{"origin": [5.90556, 20.49586, -17.49307], "size": [1, 1, 1], "inflate": -0.2, "pivot": [0.24584, 20.97355, -14.94844], "rotation": [-22.5, 0, 0], "uv": [248, 27]},
						{"origin": [5.10556, 20.49586, -17.49307], "size": [1, 1, 1], "inflate": -0.2, "pivot": [0.24584, 20.97355, -14.94844], "rotation": [-22.5, 0, 0], "uv": [248, 27]},
						{"origin": [4.30556, 20.49586, -17.49307], "size": [1, 1, 1], "inflate": -0.2, "pivot": [0.24584, 20.97355, -14.94844], "rotation": [-22.5, 0, 0], "uv": [248, 27]},
						{"origin": [3.20556, 20.49586, -17.49307], "size": [1, 1, 1], "inflate": -0.2, "pivot": [0.24584, 20.97355, -14.94844], "rotation": [-22.5, 0, 0], "uv": [248, 27]},
						{"origin": [2.40556, 20.49586, -17.49307], "size": [1, 1, 1], "inflate": -0.2, "pivot": [0.24584, 20.97355, -14.94844], "rotation": [-22.5, 0, 0], "uv": [248, 27]},
						{"origin": [1.60556, 20.49586, -17.49307], "size": [1, 1, 1], "inflate": -0.2, "pivot": [0.24584, 20.97355, -14.94844], "rotation": [-22.5, 0, 0], "uv": [248, 27]},
						{"origin": [0.80556, 20.49586, -17.49307], "size": [1, 1, 1], "inflate": -0.2, "pivot": [0.24584, 20.97355, -14.94844], "rotation": [-22.5, 0, 0], "uv": [248, 27]},
						{"origin": [-0.29444, 20.49586, -17.49307], "size": [1, 1, 1], "inflate": -0.2, "pivot": [0.24584, 20.97355, -14.94844], "rotation": [-22.5, 0, 0], "uv": [248, 27]},
						{"origin": [-1.09444, 20.49586, -17.49307], "size": [1, 1, 1], "inflate": -0.2, "pivot": [0.24584, 20.97355, -14.94844], "rotation": [-22.5, 0, 0], "uv": [248, 27]},
						{"origin": [-1.89444, 20.49586, -17.49307], "size": [1, 1, 1], "inflate": -0.2, "pivot": [0.24584, 20.97355, -14.94844], "rotation": [-22.5, 0, 0], "uv": [248, 27]},
						{"origin": [-2.69444, 20.49586, -17.49307], "size": [1, 1, 1], "inflate": -0.2, "pivot": [0.24584, 20.97355, -14.94844], "rotation": [-22.5, 0, 0], "uv": [248, 27]},
						{"origin": [-3.89444, 20.49586, -17.49307], "size": [1, 1, 1], "inflate": -0.2, "pivot": [0.24584, 20.97355, -14.94844], "rotation": [-22.5, 0, 0], "uv": [248, 27]},
						{"origin": [-4.69444, 20.49586, -17.49307], "size": [1, 1, 1], "inflate": -0.2, "pivot": [0.24584, 20.97355, -14.94844], "rotation": [-22.5, 0, 0], "uv": [248, 27]},
						{"origin": [-5.49444, 20.49586, -17.49307], "size": [1, 1, 1], "inflate": -0.2, "pivot": [0.24584, 20.97355, -14.94844], "rotation": [-22.5, 0, 0], "uv": [248, 27]},
						{"origin": [8.00556, 20.49586, -16.64307], "size": [1, 1, 1], "inflate": -0.2, "pivot": [0.24584, 20.97355, -14.94844], "rotation": [-22.5, 0, 0], "uv": [248, 27]},
						{"origin": [7.20556, 20.49586, -16.64307], "size": [1, 1, 1], "inflate": -0.2, "pivot": [0.24584, 20.97355, -14.94844], "rotation": [-22.5, 0, 0], "uv": [248, 27]},
						{"origin": [6.40556, 20.49586, -16.64307], "size": [1, 1, 1], "inflate": -0.2, "pivot": [0.24584, 20.97355, -14.94844], "rotation": [-22.5, 0, 0], "uv": [248, 27]},
						{"origin": [5.60556, 20.49586, -16.64307], "size": [1, 1, 1], "inflate": -0.2, "pivot": [0.24584, 20.97355, -14.94844], "rotation": [-22.5, 0, 0], "uv": [248, 27]},
						{"origin": [4.80556, 20.49586, -16.64307], "size": [1, 1, 1], "inflate": -0.2, "pivot": [0.24584, 20.97355, -14.94844], "rotation": [-22.5, 0, 0], "uv": [248, 27]},
						{"origin": [4.00556, 20.49586, -16.64307], "size": [1, 1, 1], "inflate": -0.2, "pivot": [0.24584, 20.97355, -14.94844], "rotation": [-22.5, 0, 0], "uv": [248, 27]},
						{"origin": [3.20556, 20.49586, -16.64307], "size": [1, 1, 1], "inflate": -0.2, "pivot": [0.24584, 20.97355, -14.94844], "rotation": [-22.5, 0, 0], "uv": [248, 27]},
						{"origin": [2.40556, 20.49586, -16.64307], "size": [1, 1, 1], "inflate": -0.2, "pivot": [0.24584, 20.97355, -14.94844], "rotation": [-22.5, 0, 0], "uv": [248, 27]},
						{"origin": [0.80556, 20.49586, -16.64307], "size": [1, 1, 1], "inflate": -0.2, "pivot": [0.24584, 20.97355, -14.94844], "rotation": [-22.5, 0, 0], "uv": [248, 27]},
						{"origin": [1.60556, 20.49586, -16.64307], "size": [1, 1, 1], "inflate": -0.2, "pivot": [0.24584, 20.97355, -14.94844], "rotation": [-22.5, 0, 0], "uv": [248, 27]},
						{"origin": [0.00556, 20.49586, -16.64307], "size": [1, 1, 1], "inflate": -0.2, "pivot": [0.24584, 20.97355, -14.94844], "rotation": [-22.5, 0, 0], "uv": [248, 27]},
						{"origin": [-0.79444, 20.49586, -16.64307], "size": [1, 1, 1], "inflate": -0.2, "pivot": [0.24584, 20.97355, -14.94844], "rotation": [-22.5, 0, 0], "uv": [248, 27]},
						{"origin": [-1.59444, 20.49586, -16.64307], "size": [1, 1, 1], "inflate": -0.2, "pivot": [0.24584, 20.97355, -14.94844], "rotation": [-22.5, 0, 0], "uv": [248, 27]},
						{"origin": [-2.39444, 20.49586, -16.64307], "size": [1, 1, 1], "inflate": -0.2, "pivot": [0.24584, 20.97355, -14.94844], "rotation": [-22.5, 0, 0], "uv": [248, 27]},
						{"origin": [-2.69444, 20.49586, -16.64307], "size": [1, 1, 1], "inflate": -0.2, "pivot": [0.24584, 20.97355, -14.94844], "rotation": [-22.5, 0, 0], "uv": [248, 27]},
						{"origin": [-5.49444, 20.49586, -16.39307], "size": [1, 1, 1], "inflate": -0.2, "pivot": [0.24584, 20.97355, -14.94844], "rotation": [-22.5, 0, 0], "uv": [248, 27]},
						{"origin": [-4.69444, 20.49586, -16.39307], "size": [1, 1, 1], "inflate": -0.2, "pivot": [0.24584, 20.97355, -14.94844], "rotation": [-22.5, 0, 0], "uv": [248, 27]},
						{"origin": [-3.89444, 20.49586, -16.39307], "size": [1, 1, 1], "inflate": -0.2, "pivot": [0.24584, 20.97355, -14.94844], "rotation": [-22.5, 0, 0], "uv": [248, 27]},
						{"origin": [-5.49444, 20.49586, -15.59307], "size": [1, 1, 1], "inflate": -0.2, "pivot": [0.24584, 20.97355, -14.94844], "rotation": [-22.5, 0, 0], "uv": [248, 27]},
						{"origin": [-4.69444, 20.49586, -15.59307], "size": [1, 1, 1], "inflate": -0.2, "pivot": [0.24584, 20.97355, -14.94844], "rotation": [-22.5, 0, 0], "uv": [248, 27]},
						{"origin": [-3.89444, 20.49586, -15.59307], "size": [1, 1, 1], "inflate": -0.2, "pivot": [0.24584, 20.97355, -14.94844], "rotation": [-22.5, 0, 0], "uv": [248, 27]},
						{"origin": [-5.49444, 20.49586, -13.39307], "size": [1, 1, 1], "inflate": -0.2, "pivot": [0.24584, 20.97355, -14.94844], "rotation": [-22.5, 0, 0], "uv": [248, 27]},
						{"origin": [-4.69444, 20.49586, -13.39307], "size": [1, 1, 1], "inflate": -0.2, "pivot": [0.24584, 20.97355, -14.94844], "rotation": [-22.5, 0, 0], "uv": [248, 27]},
						{"origin": [-3.89444, 20.49586, -13.39307], "size": [1, 1, 1], "inflate": -0.2, "pivot": [0.24584, 20.97355, -14.94844], "rotation": [-22.5, 0, 0], "uv": [248, 27]},
						{"origin": [-4.69444, 20.49586, -14.19307], "size": [1, 1, 1], "inflate": -0.2, "pivot": [0.24584, 20.97355, -14.94844], "rotation": [-22.5, 0, 0], "uv": [248, 27]},
						{"origin": [-8.19444, 20.49586, -15.79307], "size": [1, 1, 1], "inflate": -0.2, "pivot": [0.24584, 20.97355, -14.94844], "rotation": [-22.5, 0, 0], "uv": [248, 27]},
						{"origin": [-7.39444, 20.49586, -15.79307], "size": [1, 1, 1], "inflate": -0.2, "pivot": [0.24584, 20.97355, -14.94844], "rotation": [-22.5, 0, 0], "uv": [248, 27]},
						{"origin": [-6.59444, 20.49586, -15.79307], "size": [1, 1, 1], "inflate": -0.2, "pivot": [0.24584, 20.97355, -14.94844], "rotation": [-22.5, 0, 0], "uv": [248, 27]},
						{"origin": [-8.99444, 20.49586, -15.79307], "size": [1, 1, 1], "inflate": -0.2, "pivot": [0.24584, 20.97355, -14.94844], "rotation": [-22.5, 0, 0], "uv": [248, 27]},
						{"origin": [-8.19444, 20.49586, -14.99307], "size": [1, 1, 1], "inflate": -0.2, "pivot": [0.24584, 20.97355, -14.94844], "rotation": [-22.5, 0, 0], "uv": [248, 27]},
						{"origin": [-7.39444, 20.49586, -14.99307], "size": [1, 1, 1], "inflate": -0.2, "pivot": [0.24584, 20.97355, -14.94844], "rotation": [-22.5, 0, 0], "uv": [248, 27]},
						{"origin": [-6.59444, 20.49586, -14.99307], "size": [1, 1, 1], "inflate": -0.2, "pivot": [0.24584, 20.97355, -14.94844], "rotation": [-22.5, 0, 0], "uv": [248, 27]},
						{"origin": [-8.99444, 20.49586, -14.99307], "size": [1, 1, 1], "inflate": -0.2, "pivot": [0.24584, 20.97355, -14.94844], "rotation": [-22.5, 0, 0], "uv": [248, 27]},
						{"origin": [-8.19444, 20.49586, -14.19307], "size": [1, 1, 1], "inflate": -0.2, "pivot": [0.24584, 20.97355, -14.94844], "rotation": [-22.5, 0, 0], "uv": [248, 27]},
						{"origin": [-7.39444, 20.49586, -14.19307], "size": [1, 1, 1], "inflate": -0.2, "pivot": [0.24584, 20.97355, -14.94844], "rotation": [-22.5, 0, 0], "uv": [248, 27]},
						{"origin": [-6.59444, 20.49586, -14.19307], "size": [1, 1, 1], "inflate": -0.2, "pivot": [0.24584, 20.97355, -14.94844], "rotation": [-22.5, 0, 0], "uv": [248, 27]},
						{"origin": [-8.99444, 20.49586, -14.19307], "size": [1, 1, 1], "inflate": -0.2, "pivot": [0.24584, 20.97355, -14.94844], "rotation": [-22.5, 0, 0], "uv": [248, 27]},
						{"origin": [-8.19444, 20.49586, -16.59307], "size": [1, 1, 1], "inflate": -0.2, "pivot": [0.24584, 20.97355, -14.94844], "rotation": [-22.5, 0, 0], "uv": [248, 27]},
						{"origin": [-7.39444, 20.49586, -16.59307], "size": [1, 1, 1], "inflate": -0.2, "pivot": [0.24584, 20.97355, -14.94844], "rotation": [-22.5, 0, 0], "uv": [248, 27]},
						{"origin": [-6.59444, 20.49586, -16.59307], "size": [1, 1, 1], "inflate": -0.2, "pivot": [0.24584, 20.97355, -14.94844], "rotation": [-22.5, 0, 0], "uv": [248, 27]},
						{"origin": [-8.99444, 20.49586, -16.59307], "size": [1, 1, 1], "inflate": -0.2, "pivot": [0.24584, 20.97355, -14.94844], "rotation": [-22.5, 0, 0], "uv": [248, 27]},
						{"origin": [-8.19444, 20.49586, -13.39307], "size": [1, 1, 1], "inflate": -0.2, "pivot": [0.24584, 20.97355, -14.94844], "rotation": [-22.5, 0, 0], "uv": [248, 27]},
						{"origin": [-7.39444, 20.49586, -13.39307], "size": [1, 1, 1], "inflate": -0.2, "pivot": [0.24584, 20.97355, -14.94844], "rotation": [-22.5, 0, 0], "uv": [248, 27]},
						{"origin": [-6.59444, 20.49586, -13.39307], "size": [1, 1, 1], "inflate": -0.2, "pivot": [0.24584, 20.97355, -14.94844], "rotation": [-22.5, 0, 0], "uv": [248, 27]},
						{"origin": [-8.99444, 20.49586, -13.39307], "size": [1, 1, 1], "inflate": -0.2, "pivot": [0.24584, 20.97355, -14.94844], "rotation": [-22.5, 0, 0], "uv": [248, 27]},
						{"origin": [-6.99444, 20.49586, -13.39307], "size": [1, 1, 1], "inflate": -0.2, "pivot": [0.24584, 20.97355, -14.94844], "rotation": [-22.5, 0, 0], "uv": [248, 27]},
						{"origin": [-8.99444, 20.49586, -15.39307], "size": [1, 1, 1], "inflate": -0.2, "pivot": [0.24584, 20.97355, -14.94844], "rotation": [-22.5, 0, 0], "uv": [248, 27]},
						{"origin": [-8.99444, 20.49586, -13.89307], "size": [1, 1, 1], "inflate": -0.2, "pivot": [0.24584, 20.97355, -14.94844], "rotation": [-22.5, 0, 0], "uv": [248, 27]},
						{"origin": [7.60556, 20.49586, -15.84307], "size": [1, 1, 1], "inflate": -0.2, "pivot": [0.24584, 20.97355, -14.94844], "rotation": [-22.5, 0, 0], "uv": [248, 27]},
						{"origin": [6.80556, 20.49586, -15.84307], "size": [1, 1, 1], "inflate": -0.2, "pivot": [0.24584, 20.97355, -14.94844], "rotation": [-22.5, 0, 0], "uv": [248, 27]},
						{"origin": [6.00556, 20.49586, -15.84307], "size": [1, 1, 1], "inflate": -0.2, "pivot": [0.24584, 20.97355, -14.94844], "rotation": [-22.5, 0, 0], "uv": [248, 27]},
						{"origin": [5.20556, 20.49586, -15.84307], "size": [1, 1, 1], "inflate": -0.2, "pivot": [0.24584, 20.97355, -14.94844], "rotation": [-22.5, 0, 0], "uv": [248, 27]},
						{"origin": [4.40556, 20.49586, -15.84307], "size": [1, 1, 1], "inflate": -0.2, "pivot": [0.24584, 20.97355, -14.94844], "rotation": [-22.5, 0, 0], "uv": [248, 27]},
						{"origin": [3.60556, 20.49586, -15.84307], "size": [1, 1, 1], "inflate": -0.2, "pivot": [0.24584, 20.97355, -14.94844], "rotation": [-22.5, 0, 0], "uv": [248, 27]},
						{"origin": [2.80556, 20.49586, -15.84307], "size": [1, 1, 1], "inflate": -0.2, "pivot": [0.24584, 20.97355, -14.94844], "rotation": [-22.5, 0, 0], "uv": [248, 27]},
						{"origin": [2.00556, 20.49586, -15.84307], "size": [1, 1, 1], "inflate": -0.2, "pivot": [0.24584, 20.97355, -14.94844], "rotation": [-22.5, 0, 0], "uv": [248, 27]},
						{"origin": [1.20556, 20.49586, -15.84307], "size": [1, 1, 1], "inflate": -0.2, "pivot": [0.24584, 20.97355, -14.94844], "rotation": [-22.5, 0, 0], "uv": [248, 27]},
						{"origin": [0.40556, 20.49586, -15.84307], "size": [1, 1, 1], "inflate": -0.2, "pivot": [0.24584, 20.97355, -14.94844], "rotation": [-22.5, 0, 0], "uv": [248, 27]},
						{"origin": [-0.39444, 20.49586, -15.84307], "size": [1, 1, 1], "inflate": -0.2, "pivot": [0.24584, 20.97355, -14.94844], "rotation": [-22.5, 0, 0], "uv": [248, 27]},
						{"origin": [-1.19444, 20.49586, -15.84307], "size": [1, 1, 1], "inflate": -0.2, "pivot": [0.24584, 20.97355, -14.94844], "rotation": [-22.5, 0, 0], "uv": [248, 27]},
						{"origin": [-1.99444, 20.49586, -15.84307], "size": [1, 1, 1], "inflate": -0.2, "pivot": [0.24584, 20.97355, -14.94844], "rotation": [-22.5, 0, 0], "uv": [248, 27]},
						{"origin": [7.20556, 20.49586, -15.04307], "size": [1, 1, 1], "inflate": -0.2, "pivot": [0.24584, 20.97355, -14.94844], "rotation": [-22.5, 0, 0], "uv": [248, 27]},
						{"origin": [6.40556, 20.49586, -15.04307], "size": [1, 1, 1], "inflate": -0.2, "pivot": [0.24584, 20.97355, -14.94844], "rotation": [-22.5, 0, 0], "uv": [248, 27]},
						{"origin": [5.60556, 20.49586, -15.04307], "size": [1, 1, 1], "inflate": -0.2, "pivot": [0.24584, 20.97355, -14.94844], "rotation": [-22.5, 0, 0], "uv": [248, 27]},
						{"origin": [4.80556, 20.49586, -15.04307], "size": [1, 1, 1], "inflate": -0.2, "pivot": [0.24584, 20.97355, -14.94844], "rotation": [-22.5, 0, 0], "uv": [248, 27]},
						{"origin": [4.00556, 20.49586, -15.04307], "size": [1, 1, 1], "inflate": -0.2, "pivot": [0.24584, 20.97355, -14.94844], "rotation": [-22.5, 0, 0], "uv": [248, 27]},
						{"origin": [3.20556, 20.49586, -15.04307], "size": [1, 1, 1], "inflate": -0.2, "pivot": [0.24584, 20.97355, -14.94844], "rotation": [-22.5, 0, 0], "uv": [248, 27]},
						{"origin": [2.40556, 20.49586, -15.04307], "size": [1, 1, 1], "inflate": -0.2, "pivot": [0.24584, 20.97355, -14.94844], "rotation": [-22.5, 0, 0], "uv": [248, 27]},
						{"origin": [1.60556, 20.49586, -15.04307], "size": [1, 1, 1], "inflate": -0.2, "pivot": [0.24584, 20.97355, -14.94844], "rotation": [-22.5, 0, 0], "uv": [248, 27]},
						{"origin": [0.80556, 20.49586, -15.04307], "size": [1, 1, 1], "inflate": -0.2, "pivot": [0.24584, 20.97355, -14.94844], "rotation": [-22.5, 0, 0], "uv": [248, 27]},
						{"origin": [0.00556, 20.49586, -15.04307], "size": [1, 1, 1], "inflate": -0.2, "pivot": [0.24584, 20.97355, -14.94844], "rotation": [-22.5, 0, 0], "uv": [248, 27]},
						{"origin": [-0.79444, 20.49586, -15.04307], "size": [1, 1, 1], "inflate": -0.2, "pivot": [0.24584, 20.97355, -14.94844], "rotation": [-22.5, 0, 0], "uv": [248, 27]},
						{"origin": [-1.59444, 20.49586, -15.04307], "size": [1, 1, 1], "inflate": -0.2, "pivot": [0.24584, 20.97355, -14.94844], "rotation": [-22.5, 0, 0], "uv": [248, 27]},
						{"origin": [-2.39444, 20.49586, -15.04307], "size": [1, 1, 1], "inflate": -0.2, "pivot": [0.24584, 20.97355, -14.94844], "rotation": [-22.5, 0, 0], "uv": [248, 27]},
						{"origin": [8.00556, 20.49586, -15.04307], "size": [1, 1, 1], "inflate": -0.2, "pivot": [0.24584, 20.97355, -14.94844], "rotation": [-22.5, 0, 0], "uv": [248, 27]},
						{"origin": [8.00556, 20.49586, -15.84307], "size": [1, 1, 1], "inflate": -0.2, "pivot": [0.24584, 20.97355, -14.94844], "rotation": [-22.5, 0, 0], "uv": [248, 27]},
						{"origin": [7.60556, 20.49586, -15.04307], "size": [1, 1, 1], "inflate": -0.2, "pivot": [0.24584, 20.97355, -14.94844], "rotation": [-22.5, 0, 0], "uv": [248, 27]},
						{"origin": [-2.64444, 20.49586, -14.24307], "size": [1, 1, 1], "inflate": -0.2, "pivot": [0.24584, 20.97355, -14.94844], "rotation": [-22.5, 0, 0], "uv": [248, 27]},
						{"origin": [-2.06944, 20.49586, -14.24307], "size": [1, 1, 1], "inflate": -0.2, "pivot": [0.24584, 20.97355, -14.94844], "rotation": [-22.5, 0, 0], "uv": [248, 27]},
						{"origin": [-1.19444, 20.49586, -14.24307], "size": [1, 1, 1], "inflate": -0.2, "pivot": [0.24584, 20.97355, -14.94844], "rotation": [-22.5, 0, 0], "uv": [248, 27]},
						{"origin": [-0.39444, 20.49586, -14.24307], "size": [1, 1, 1], "inflate": -0.2, "pivot": [0.24584, 20.97355, -14.94844], "rotation": [-22.5, 0, 0], "uv": [248, 27]},
						{"origin": [0.40556, 20.49586, -14.24307], "size": [1, 1, 1], "inflate": -0.2, "pivot": [0.24584, 20.97355, -14.94844], "rotation": [-22.5, 0, 0], "uv": [248, 27]},
						{"origin": [3.60556, 20.49586, -14.24307], "size": [1, 1, 1], "inflate": -0.2, "pivot": [0.24584, 20.97355, -14.94844], "rotation": [-22.5, 0, 0], "uv": [248, 27]},
						{"origin": [1.20556, 20.49586, -14.24307], "size": [1, 1, 1], "inflate": -0.2, "pivot": [0.24584, 20.97355, -14.94844], "rotation": [-22.5, 0, 0], "uv": [248, 27]},
						{"origin": [2.00556, 20.49586, -14.24307], "size": [1, 1, 1], "inflate": -0.2, "pivot": [0.24584, 20.97355, -14.94844], "rotation": [-22.5, 0, 0], "uv": [248, 27]},
						{"origin": [2.80556, 20.49586, -14.24307], "size": [1, 1, 1], "inflate": -0.2, "pivot": [0.24584, 20.97355, -14.94844], "rotation": [-22.5, 0, 0], "uv": [248, 27]},
						{"origin": [4.40556, 20.49586, -14.24307], "size": [1, 1, 1], "inflate": -0.2, "pivot": [0.24584, 20.97355, -14.94844], "rotation": [-22.5, 0, 0], "uv": [248, 27]},
						{"origin": [5.20556, 20.49586, -14.24307], "size": [1, 1, 1], "inflate": -0.2, "pivot": [0.24584, 20.97355, -14.94844], "rotation": [-22.5, 0, 0], "uv": [248, 27]},
						{"origin": [6.00556, 20.49586, -14.24307], "size": [1, 1, 1], "inflate": -0.2, "pivot": [0.24584, 20.97355, -14.94844], "rotation": [-22.5, 0, 0], "uv": [248, 27]},
						{"origin": [6.80556, 20.49586, -14.24307], "size": [1, 1, 1], "inflate": -0.2, "pivot": [0.24584, 20.97355, -14.94844], "rotation": [-22.5, 0, 0], "uv": [248, 27]},
						{"origin": [7.60556, 20.49586, -14.24307], "size": [1, 1, 1], "inflate": -0.2, "pivot": [0.24584, 20.97355, -14.94844], "rotation": [-22.5, 0, 0], "uv": [248, 27]},
						{"origin": [-2.61944, 20.49586, -13.39307], "size": [1, 1, 1], "inflate": -0.2, "pivot": [0.24584, 20.97355, -14.94844], "rotation": [-22.5, 0, 0], "uv": [248, 27]},
						{"origin": [-1.81944, 20.49586, -13.39307], "size": [1, 1, 1], "inflate": -0.2, "pivot": [0.24584, 20.97355, -14.94844], "rotation": [-22.5, 0, 0], "uv": [248, 27]},
						{"origin": [-1.04444, 20.49586, -13.39307], "size": [1, 1, 1], "inflate": -0.2, "pivot": [0.24584, 20.97355, -14.94844], "rotation": [-22.5, 0, 0], "uv": [248, 27]},
						{"origin": [-0.24444, 20.49586, -13.39307], "size": [1, 1, 1], "inflate": -0.2, "pivot": [0.24584, 20.97355, -14.94844], "rotation": [-22.5, 0, 0], "uv": [248, 27]},
						{"origin": [0.60556, 20.49586, -13.39307], "size": [6, 1, 1], "inflate": -0.2, "pivot": [0.24584, 20.97355, -14.94844], "rotation": [-22.5, 0, 0], "uv": [238, 27]},
						{"origin": [6.40556, 20.49586, -13.39307], "size": [1, 1, 1], "inflate": -0.2, "pivot": [0.24584, 20.97355, -14.94844], "rotation": [-22.5, 0, 0], "uv": [248, 27]},
						{"origin": [7.20556, 20.49586, -13.39307], "size": [1, 1, 1], "inflate": -0.2, "pivot": [0.24584, 20.97355, -14.94844], "rotation": [-22.5, 0, 0], "uv": [248, 27]},
						{"origin": [8.00556, 20.49586, -13.39307], "size": [1, 1, 1], "inflate": -0.2, "pivot": [0.24584, 20.97355, -14.94844], "rotation": [-22.5, 0, 0], "uv": [248, 27]},
						{"origin": [8.00556, 20.49586, -14.24307], "size": [1, 1, 1], "inflate": -0.2, "pivot": [0.24584, 20.97355, -14.94844], "rotation": [-22.5, 0, 0], "uv": [248, 27]},
						{"origin": [-2.64444, 20.49586, -15.04307], "size": [1, 1, 1], "inflate": -0.2, "pivot": [0.24584, 20.97355, -14.94844], "rotation": [-22.5, 0, 0], "uv": [248, 27]},
						{"origin": [-2.64444, 20.49586, -15.44307], "size": [0.8, 1, 1], "inflate": -0.2, "pivot": [0.24584, 20.97355, -14.94844], "rotation": [-22.5, 0, 0], "uv": [248.4, 27]},
						{"origin": [-2.64444, 20.49586, -15.84307], "size": [0.8, 1, 1], "inflate": -0.2, "pivot": [0.24584, 20.97355, -14.94844], "rotation": [-22.5, 0, 0], "uv": [248.4, 27]}
					]
				},
				{
					"name": "group6",
					"parent": "bone",
					"pivot": [0.80866, 35.63806, -20]
				},
				{
					"name": "group7",
					"parent": "group6",
					"pivot": [-13.98633, 24, -6],
					"cubes": [
						{"origin": [-17.5, 23.80378, -27.5], "size": [3, 1, 3], "uv": [74, 26]},
						{"origin": [-16.5, 24.40378, -26.5], "size": [1, 6, 1], "inflate": -0.15, "uv": [12, 5]},
						{"origin": [-16.5, 29.40378, -26.5], "size": [1, 1, 1], "uv": [78, 137]},
						{"origin": [-16.5, 29.40378, -27.5], "size": [1, 1, 1], "pivot": [-16, 29.40378, -26.5], "rotation": [-22.5, 0, 0], "uv": [74, 137]},
						{"origin": [-16.5, 29.40378, -25.5], "size": [1, 1, 1], "pivot": [-16, 29.40378, -25.5], "rotation": [22.5, 0, 0], "uv": [70, 137]},
						{"origin": [-17, 30.40378, -26.5], "size": [2, 1, 1], "uv": [88, 62]},
						{"origin": [-17.80866, 30.44184, -26.5], "size": [1, 1, 1], "pivot": [-16.80866, 30.94184, -26], "rotation": [0, 0, -22.5], "uv": [66, 137]},
						{"origin": [-18.57033, 30.16755, -26.5], "size": [1, 1, 1], "pivot": [-17.57033, 30.66755, -26], "rotation": [0, 0, -45], "uv": [137, 65]},
						{"origin": [-19.01367, 28.39011, -26.5], "size": [1, 1, 1], "uv": [62, 137]},
						{"origin": [-18.66905, 29.12265, -26.5], "size": [1, 1, 1], "pivot": [-18.16905, 30.12265, -26], "rotation": [0, 0, 22.5], "uv": [136, 136]},
						{"origin": [-19.01367, 26.40516, -28.00905], "size": [1, 1, 1], "pivot": [-18.51367, 27, -26], "rotation": [45, 0, 0], "uv": [132, 136]},
						{"origin": [-13.98633, 28.39011, -26.5], "size": [1, 1, 1], "uv": [136, 62]},
						{"origin": [-14.33095, 29.12265, -26.5], "size": [1, 1, 1], "pivot": [-13.83095, 30.12265, -26], "rotation": [0, 0, -22.5], "uv": [135, 69]},
						{"origin": [-14.42967, 30.16755, -26.5], "size": [1, 1, 1], "pivot": [-14.42967, 30.66755, -26], "rotation": [0, 0, 45], "uv": [135, 67]},
						{"origin": [-15.19134, 30.44184, -26.5], "size": [1, 1, 1], "pivot": [-15.19134, 30.94184, -26], "rotation": [0, 0, 22.5], "uv": [46, 135]},
						{"origin": [-19.51367, 26, -27], "size": [1, 2, 2], "uv": [90, 89]},
						{"origin": [-19.01367, 25.86588, -27.70711], "size": [1, 2, 1], "uv": [83, 26]},
						{"origin": [-19.01367, 27.81937, -26.59484], "size": [1, 1, 1], "pivot": [-18.51367, 27, -26], "rotation": [45, 0, 0], "uv": [134, 64]},
						{"origin": [-19.01367, 24.99095, -26.59484], "size": [1, 1, 1], "pivot": [-18.51367, 27, -26], "rotation": [45, 0, 0], "uv": [46, 133]},
						{"origin": [-19.01367, 26.40516, -25.18063], "size": [1, 1, 1], "pivot": [-18.51367, 27, -26], "rotation": [45, 0, 0], "uv": [133, 37]},
						{"origin": [-19.01367, 25.86588, -25.29289], "size": [1, 2, 1], "uv": [83, 17]},
						{"origin": [-19.01367, 25.15877, -27], "size": [1, 1, 2], "uv": [16, 92]},
						{"origin": [-19.01367, 27.57298, -27], "size": [1, 1, 2], "uv": [7, 90]},
						{"origin": [-13.48633, 26, -27], "size": [1, 2, 2], "uv": [58, 90]},
						{"origin": [-13.98633, 27.57298, -27], "size": [1, 1, 2], "uv": [74, 84]},
						{"origin": [-13.98633, 27.81937, -26.59484], "size": [1, 1, 1], "pivot": [-13.48633, 27, -26], "rotation": [45, 0, 0], "uv": [133, 35]},
						{"origin": [-13.98633, 25.86588, -27.70711], "size": [1, 2, 1], "uv": [74, 56]},
						{"origin": [-13.98633, 26.40516, -28.00905], "size": [1, 1, 1], "pivot": [-13.48633, 27, -26], "rotation": [45, 0, 0], "uv": [133, 33]},
						{"origin": [-13.98633, 25.15877, -27], "size": [1, 1, 2], "uv": [73, 81]},
						{"origin": [-13.98633, 24.99095, -26.59484], "size": [1, 1, 1], "pivot": [-13.48633, 27, -26], "rotation": [45, 0, 0], "uv": [133, 31]},
						{"origin": [-13.98633, 25.86588, -25.29289], "size": [1, 2, 1], "uv": [12, 12]},
						{"origin": [-13.98633, 26.40516, -25.18063], "size": [1, 1, 1], "pivot": [-13.48633, 27, -26], "rotation": [45, 0, 0], "uv": [133, 29]}
					]
				},
				{
					"name": "group3",
					"parent": "bone",
					"pivot": [-16.24551, 24, 4.5371],
					"cubes": [
						{"origin": [20.39925, 6, 4.18208], "size": [1, 38, 10], "pivot": [16.42377, 24, 6.53711], "rotation": [0, -22.5, 0], "uv": [78, 89]},
						{"origin": [17.09491, 0, 14.50418], "size": [2, 48, 2], "uv": [38, 129]},
						{"origin": [4.53615, 6, 14.46112], "size": [10, 38, 1], "pivot": [16.42377, 24, 6.53711], "rotation": [0, 22.5, 0], "uv": [0, 127]},
						{"origin": [-0.57194, 6, 16.45565], "size": [10, 38, 1], "pivot": [4.42806, 24, 16.95565], "rotation": [0, -22.5, 0], "uv": [122, 89]},
						{"origin": [1.02597, 0, 9.23262], "size": [2, 48, 2], "pivot": [16.42377, 24, 6.53711], "rotation": [0, 45, 0], "uv": [30, 129]},
						{"origin": [-0.5, 0, 13.7874], "size": [2, 48, 2], "pivot": [0, 24, 15.2874], "rotation": [0, 45, 0], "uv": [124, 128]},
						{"origin": [-18.28417, 6, 16.45565], "size": [10, 38, 1], "pivot": [-13.28417, 24, 16.95565], "rotation": [0, -22.5, 0], "uv": [100, 89]},
						{"origin": [-16.68625, 0, 9.23262], "size": [2, 48, 2], "pivot": [-1.28846, 24, 6.53711], "rotation": [0, 45, 0], "uv": [116, 128]},
						{"origin": [-13.17607, 6, 14.46112], "size": [10, 38, 1], "pivot": [-1.28846, 24, 6.53711], "rotation": [0, 22.5, 0], "uv": [30, 90]},
						{"origin": [-21.39925, 6, 4.18208], "size": [1, 38, 10], "pivot": [-16.42377, 24, 6.5371], "rotation": [0, 22.5, 0], "uv": [56, 89]},
						{"origin": [19.89925, 44, 4.18208], "size": [2, 2, 10], "pivot": [16.42377, 23, 6.53711], "rotation": [0, -22.5, 0], "uv": [144, 72]},
						{"origin": [19.89925, 0, 2.18208], "size": [2, 48, 2], "pivot": [16.42377, 24, 6.53711], "rotation": [0, -22.5, 0], "uv": [100, 128]},
						{"origin": [-21.89925, 0, 2.18208], "size": [2, 48, 2], "pivot": [-16.42377, 24, 6.53711], "rotation": [0, 22.5, 0], "uv": [22, 127]},
						{"origin": [4.53615, 44, 13.96112], "size": [10, 2, 2], "pivot": [16.42377, 23, 6.53711], "rotation": [0, 22.5, 0], "uv": [156, 40]},
						{"origin": [-0.57194, 44, 15.95565], "size": [10, 2, 2], "pivot": [4.42806, 23, 16.95565], "rotation": [0, -22.5, 0], "uv": [156, 44]},
						{"origin": [-13.17607, 44, 13.96112], "size": [10, 2, 2], "pivot": [-1.28846, 23, 6.53711], "rotation": [0, 22.5, 0], "uv": [46, 158]},
						{"origin": [-18.28417, 44, 15.95565], "size": [10, 2, 2], "pivot": [-13.28417, 23, 16.95565], "rotation": [0, -22.5, 0], "uv": [158, 56]},
						{"origin": [-21.89925, 44, 4.18208], "size": [2, 2, 10], "pivot": [-16.42377, 23, 6.5371], "rotation": [0, 22.5, 0], "uv": [144, 84]},
						{"origin": [19.89925, 4, 4.18208], "size": [2, 2, 10], "pivot": [16.42377, -17, 6.53711], "rotation": [0, -22.5, 0], "uv": [76, 137]},
						{"origin": [4.53615, 4, 13.96112], "size": [10, 2, 2], "pivot": [16.42377, -17, 6.53711], "rotation": [0, 22.5, 0], "uv": [120, 58]},
						{"origin": [-0.57194, 4, 15.95565], "size": [10, 2, 2], "pivot": [4.42806, -17, 16.95565], "rotation": [0, -22.5, 0], "uv": [142, 52]},
						{"origin": [-13.17607, 4, 13.96112], "size": [10, 2, 2], "pivot": [-1.28846, -17, 6.53711], "rotation": [0, 22.5, 0], "uv": [46, 154]},
						{"origin": [-18.28417, 4, 15.95565], "size": [10, 2, 2], "pivot": [-13.28417, -17, 16.95565], "rotation": [0, -22.5, 0], "uv": [154, 155]},
						{"origin": [-21.89925, 4, 4.18208], "size": [2, 2, 10], "pivot": [-16.42377, -17, 6.5371], "rotation": [0, 22.5, 0], "uv": [142, 40]},
						{"origin": [-19.09491, 0, 14.50418], "size": [2, 48, 2], "uv": [108, 128]}
					]
				},
				{
					"name": "group4",
					"parent": "group3",
					"pivot": [-0.5, 24, 15.2874],
					"cubes": [
						{"origin": [-8, 46, 11.7874], "size": [1, 1, 1], "inflate": 0.2, "uv": [68, 95]},
						{"origin": [-5, 46, 11.7874], "size": [1, 1, 1], "inflate": 0.2, "uv": [24, 95]},
						{"origin": [-2, 46, 11.7874], "size": [1, 1, 1], "inflate": 0.2, "uv": [20, 95]},
						{"origin": [-17, 46, 11.7874], "size": [1, 1, 1], "inflate": 0.2, "uv": [16, 95]},
						{"origin": [-14, 46, 11.7874], "size": [1, 1, 1], "inflate": 0.2, "uv": [94, 89]},
						{"origin": [-11, 46, 11.7874], "size": [1, 1, 1], "inflate": 0.2, "uv": [62, 94]},
						{"origin": [16, 46, 11.7874], "size": [1, 1, 1], "inflate": 0.2, "uv": [58, 94]},
						{"origin": [13, 46, 11.7874], "size": [1, 1, 1], "inflate": 0.2, "uv": [4, 94]},
						{"origin": [10, 46, 11.7874], "size": [1, 1, 1], "inflate": 0.2, "uv": [0, 94]},
						{"origin": [1, 46, 11.7874], "size": [1, 1, 1], "inflate": 0.2, "uv": [62, 90]},
						{"origin": [4, 46, 11.7874], "size": [1, 1, 1], "inflate": 0.2, "uv": [56, 90]},
						{"origin": [7, 46, 11.7874], "size": [1, 1, 1], "inflate": 0.2, "uv": [74, 59]},
						{"origin": [-18, 15.5, 11.7874], "size": [36, 31, 1], "inflate": -0.4, "uv": [0, 17]},
						{"origin": [-23, 46, 11.7874], "size": [46, 1, 1], "uv": [0, 64]}
					]
				},
				{
					"name": "group5",
					"parent": "group3",
					"pivot": [-0.5, 24, 15.2874]
				},
				{
					"name": "group2",
					"parent": "bone",
					"pivot": [-8, 16, -14],
					"cubes": [
						{"origin": [-2, 1.1, -2], "size": [4, 3, 4], "uv": [132, 159]},
						{"origin": [-2, 7.1, -2], "size": [4, 2, 4], "uv": [132, 83]},
						{"origin": [-8, 12.1, -8], "size": [16, 2, 14], "uv": [66, 73]},
						{"origin": [-7, 9.1, -5], "size": [14, 3, 10], "uv": [92, 0]},
						{"origin": [-4, 4.63703, -12.67251], "size": [8, 1, 4], "uv": [112, 82]},
						{"origin": [-4, 5.1, -7], "size": [8, 9, 2], "pivot": [0, 14.1, -8], "rotation": [-22.5, 0, 0], "uv": [153, 27]},
						{"origin": [-7, 14.1, -7], "size": [14, 1, 11], "uv": [90, 17]},
						{"origin": [-8, 12.1, 4], "size": [16, 12, 2], "pivot": [0, 12.1, 6], "rotation": [-22.5, 0, 0], "uv": [129, 13]},
						{"origin": [8, 12.1, 2], "size": [2, 11, 4], "pivot": [0, 12.1, 6], "rotation": [-22.5, 0, 0], "uv": [66, 158]},
						{"origin": [8, 12.1, -6], "size": [2, 4, 12], "uv": [46, 137]},
						{"origin": [-10, 12.1, -6], "size": [2, 4, 12], "uv": [132, 136]},
						{"origin": [-9.5, 14.20755, -4.3309], "size": [1, 4, 9], "uv": [147, 58]},
						{"origin": [-10, 18.20755, -4.3309], "size": [2, 1, 9], "uv": [151, 145]},
						{"origin": [8, 18.20755, -4.3309], "size": [2, 1, 9], "uv": [151, 1]},
						{"origin": [8.5, 14.20755, -4.3309], "size": [1, 4, 9], "uv": [80, 149]},
						{"origin": [-10, 12.1, 2], "size": [2, 11, 4], "pivot": [0, 12.1, 6], "rotation": [-22.5, 0, 0], "uv": [46, 133]},
						{"origin": [-9.5, 10.8, -6.6], "size": [1, 4, 2], "pivot": [0, 10.8, 3.1], "rotation": [-22.5, 0, 0], "uv": [66, 66]},
						{"origin": [8.5, 10.8, -6.6], "size": [1, 4, 2], "pivot": [0, 10.8, 3.1], "rotation": [-22.5, 0, 0], "uv": [52, 90]},
						{"origin": [-7, 14.6, 3], "size": [14, 9, 1], "pivot": [0, 12.1, 6], "rotation": [-22.5, 0, 0], "uv": [130, 0]},
						{"origin": [-5, 23.18655, 8.5922], "size": [10, 7, 2], "uv": [148, 136]},
						{"origin": [-10, 24.18655, 8.5922], "size": [5, 6, 2], "pivot": [-5, 26.68655, 10.5922], "rotation": [0, -22.5, 0], "uv": [66, 73]},
						{"origin": [-9, 25.18655, 7.5922], "size": [3, 4, 1], "pivot": [-5, 26.68655, 10.5922], "rotation": [0, -22.5, 0], "uv": [90, 17]},
						{"origin": [6, 25.18655, 7.5922], "size": [3, 4, 1], "pivot": [5, 26.68655, 10.5922], "rotation": [0, 22.5, 0], "uv": [7, 0]},
						{"origin": [5, 24.18655, 8.5922], "size": [5, 6, 2], "pivot": [5, 26.68655, 10.5922], "rotation": [0, 22.5, 0], "uv": [0, 49]},
						{"origin": [-4, 24.18655, 7.5922], "size": [8, 5, 1], "uv": [68, 89]},
						{"origin": [-4, 29.15371, 7.47099], "size": [8, 3, 3], "pivot": [0, 30.15371, 8.77099], "rotation": [-22.5, 0, 0], "uv": [158, 60]},
						{"origin": [-8, 1.1, -1], "size": [16, 2, 2], "uv": [94, 62]},
						{"origin": [-1, 1.1, -8], "size": [2, 2, 16], "uv": [122, 40]},
						{"origin": [-1, 4.1, -1], "size": [2, 3, 2], "uv": [90, 22]},
						{"origin": [-0.5, 0.1, 7], "size": [1, 2, 2], "uv": [92, 4]},
						{"origin": [-0.5, 0.1, -9], "size": [1, 2, 2], "uv": [92, 0]},
						{"origin": [-9, 0.1, -0.5], "size": [2, 2, 1], "uv": [90, 93]},
						{"origin": [7, 0.1, -0.5], "size": [2, 2, 1], "uv": [22, 92]}
					]
				}
			]
		}
	]
}