{
	"format_version": "1.12.0",
	"minecraft:geometry": [
		{
			"description": {
				"identifier": "geometry.model",
				"texture_width": 256,
				"texture_height": 256,
				"visible_bounds_width": 5,
				"visible_bounds_height": 3.5,
				"visible_bounds_offset": [0, 1.25, 0]
			},
			"bones": [
				{
					"name": "bone2",
					"pivot": [8, 16, -1]
				},
				{
					"name": "bone",
					"parent": "bone2",
					"pivot": [8, 16, -1],
					"cubes": [
						{"origin": [-21, 14, 11], "size": [42, 1, 15], "uv": [0, 0]},
						{"origin": [-21, 15, 17], "size": [42, 2, 9], "uv": [0, 16]},
						{"origin": [-4, 15.1, 21], "size": [8, 2, 3], "uv": [70, 75]},
						{"origin": [-1, 15.1, 19.5], "size": [2, 2, 1], "uv": [0, 74]},
						{"origin": [-1, 15.1, 18], "size": [2, 2, 1], "uv": [61, 73]},
						{"origin": [1.7, 15.35, 18], "size": [2, 2, 1], "inflate": -0.25, "uv": [62, 66]},
						{"origin": [1.7, 15.35, 18.75], "size": [2, 2, 1], "inflate": -0.25, "uv": [38, 66]},
						{"origin": [1.7, 15.35, 19.5], "size": [2, 2, 1], "inflate": -0.25, "uv": [40, 73]},
						{"origin": [3.7, 15.35, 19.5], "size": [2, 2, 1], "inflate": -0.25, "uv": [54, 49]},
						{"origin": [3.7, 15.35, 18.75], "size": [2, 2, 1], "inflate": -0.25, "uv": [38, 63]},
						{"origin": [3.7, 15.35, 18], "size": [2, 2, 1], "inflate": -0.25, "uv": [62, 63]},
						{"origin": [4.7, 15.35, 22.5], "size": [1, 2, 1], "inflate": -0.25, "uv": [81, 83]},
						{"origin": [4.7, 15.35, 21.75], "size": [1, 2, 1], "inflate": -0.25, "uv": [13, 84]},
						{"origin": [4.7, 15.35, 21], "size": [1, 2, 1], "inflate": -0.25, "uv": [20, 84]},
						{"origin": [5.7, 15.35, 22.5], "size": [1, 2, 1], "inflate": -0.25, "uv": [10, 82]},
						{"origin": [5.7, 15.35, 21.75], "size": [1, 2, 1], "inflate": -0.25, "uv": [57, 83]},
						{"origin": [5.7, 15.35, 21], "size": [1, 2, 1], "inflate": -0.25, "uv": [73, 83]},
						{"origin": [5.7, 15.35, 19.5], "size": [1, 2, 1], "inflate": -0.25, "uv": [81, 80]},
						{"origin": [5.7, 15.35, 18.75], "size": [1, 2, 1], "inflate": -0.25, "uv": [0, 82]},
						{"origin": [5.7, 15.35, 18], "size": [1, 2, 1], "inflate": -0.25, "uv": [4, 82]},
						{"origin": [6.7, 15.35, 19.5], "size": [1, 2, 1], "inflate": -0.25, "uv": [77, 47]},
						{"origin": [6.7, 15.35, 18.75], "size": [1, 2, 1], "inflate": -0.25, "uv": [17, 78]},
						{"origin": [6.7, 15.35, 18], "size": [1, 2, 1], "inflate": -0.25, "uv": [34, 80]},
						{"origin": [6.7, 15.35, 21], "size": [1, 2, 1], "inflate": -0.25, "uv": [80, 40]},
						{"origin": [6.7, 15.35, 21.75], "size": [1, 2, 1], "inflate": -0.25, "uv": [81, 35]},
						{"origin": [6.7, 15.35, 22.5], "size": [1, 2, 1], "inflate": -0.25, "uv": [54, 81]},
						{"origin": [-7.7, 15.35, 19.5], "size": [1, 2, 1], "inflate": -0.25, "uv": [0, 27]},
						{"origin": [-7.7, 15.35, 18.75], "size": [1, 2, 1], "inflate": -0.25, "uv": [44, 46]},
						{"origin": [-7.7, 15.35, 18], "size": [1, 2, 1], "inflate": -0.25, "uv": [44, 53]},
						{"origin": [-7.7, 15.35, 21], "size": [1, 2, 1], "inflate": -0.25, "uv": [57, 35]},
						{"origin": [-7.7, 15.35, 21.75], "size": [1, 2, 1], "inflate": -0.25, "uv": [44, 58]},
						{"origin": [-7.7, 15.35, 22.5], "size": [1, 2, 1], "inflate": -0.25, "uv": [17, 74]},
						{"origin": [-6.7, 15.35, 22.5], "size": [1, 2, 1], "inflate": -0.25, "uv": [34, 74]},
						{"origin": [-6.7, 15.35, 21.75], "size": [1, 2, 1], "inflate": -0.25, "uv": [20, 76]},
						{"origin": [-5.7, 15.35, 22.5], "size": [1, 2, 1], "inflate": -0.25, "uv": [40, 76]},
						{"origin": [-5.7, 15.35, 21.75], "size": [1, 2, 1], "inflate": -0.25, "uv": [61, 76]},
						{"origin": [-5.7, 15.35, 21], "size": [1, 2, 1], "inflate": -0.25, "uv": [0, 77]},
						{"origin": [-6.7, 15.35, 21], "size": [1, 2, 1], "inflate": -0.25, "uv": [34, 77]},
						{"origin": [-6.7, 15.35, 19.5], "size": [1, 2, 1], "inflate": -0.25, "uv": [77, 35]},
						{"origin": [-6.7, 15.35, 18.75], "size": [1, 2, 1], "inflate": -0.25, "uv": [77, 38]},
						{"origin": [-6.7, 15.35, 18], "size": [1, 2, 1], "inflate": -0.25, "uv": [77, 44]},
						{"origin": [-5.7, 15.35, 19.5], "size": [2, 2, 1], "inflate": -0.25, "uv": [8, 0]},
						{"origin": [-5.7, 15.35, 18.75], "size": [2, 2, 1], "inflate": -0.25, "uv": [9, 11]},
						{"origin": [-5.7, 15.35, 18], "size": [2, 2, 1], "inflate": -0.25, "uv": [9, 27]},
						{"origin": [-3.7, 15.35, 19.5], "size": [2, 2, 1], "inflate": -0.25, "uv": [44, 41]},
						{"origin": [-3.7, 15.35, 18.75], "size": [2, 2, 1], "inflate": -0.25, "uv": [53, 38]},
						{"origin": [-3.7, 15.35, 18], "size": [2, 2, 1], "inflate": -0.25, "uv": [53, 41]},
						{"origin": [-9, 16, 25], "size": [18, 10, 1], "inflate": -0.3, "pivot": [0, 17, 25.5], "rotation": [-22.5, 0, 0], "uv": [0, 63]},
						{"origin": [-6, 16.4, 24.1], "size": [12, 1, 2], "inflate": -0.4, "pivot": [0, 17, 25.5], "rotation": [-22.5, 0, 0], "uv": [29, 35]},
						{"origin": [-7, 16.5, 24.5], "size": [14, 11, 1], "inflate": -0.475, "pivot": [0, 17, 25.5], "rotation": [-22.5, 0, 0], "uv": [70, 63]},
						{"origin": [-21, 14.41421, 12.41421], "size": [4, 2, 5], "uv": [109, 0]},
						{"origin": [-21, 15.20711, 10.91421], "size": [4, 1, 2], "pivot": [-19, 15.70711, 12.41421], "rotation": [45, 0, 0], "uv": [40, 86]},
						{"origin": [17, 15.20711, 10.91421], "size": [4, 1, 2], "pivot": [19, 15.70711, 12.41421], "rotation": [45, 0, 0], "uv": [38, 38]},
						{"origin": [17, 14.41421, 12.41421], "size": [4, 2, 5], "uv": [77, 45]},
						{"origin": [-12, 13, 21], "size": [24, 1, 4], "uv": [44, 58]},
						{"origin": [7, 13, 16], "size": [4, 1, 5], "uv": [111, 36]},
						{"origin": [-11, 13, 16], "size": [2, 1, 5], "uv": [0, 27]},
						{"origin": [18, 0, 21], "size": [3, 1, 3], "uv": [64, 83]},
						{"origin": [-21, 0, 22], "size": [3, 1, 3], "uv": [40, 81]},
						{"origin": [-24, 9, 23], "size": [34, 1, 1], "pivot": [0, 14.5, 17.5], "rotation": [0, 0, -22.5], "uv": [29, 33]},
						{"origin": [-10, 9, 22], "size": [34, 1, 1], "pivot": [0, 14.5, 17.5], "rotation": [0, 0, 22.5], "uv": [29, 31]},
						{"origin": [-12, 13, 12], "size": [24, 1, 4], "uv": [44, 53]},
						{"origin": [-0.5, 8.6, 12.5], "size": [1, 1, 12], "inflate": -0.2, "pivot": [0, 9.1, 18.5], "rotation": [0, 0, -45], "uv": [26, 73]},
						{"origin": [-24, 9, 13], "size": [34, 1, 1], "pivot": [0, 14.5, 19.5], "rotation": [0, 0, -22.5], "uv": [29, 27]},
						{"origin": [-10, 9, 14], "size": [34, 1, 1], "pivot": [0, 14.5, 19.5], "rotation": [0, 0, 22.5], "uv": [29, 29]},
						{"origin": [17, 9, 15], "size": [1, 1, 7], "pivot": [0, 14.5, 19.5], "rotation": [0, 0, 22.5], "uv": [114, 91]},
						{"origin": [-18, 9, 14], "size": [1, 1, 9], "pivot": [0, 14.5, 19.5], "rotation": [0, 0, -22.5], "uv": [15, 74]},
						{"origin": [6, 9, 14], "size": [1, 1, 9], "pivot": [0, 14.5, 19.5], "rotation": [0, 0, -22.5], "uv": [59, 73]},
						{"origin": [-7, 9, 15], "size": [1, 1, 7], "pivot": [0, 14.5, 19.5], "rotation": [0, 0, 22.5], "uv": [44, 38]},
						{"origin": [-21, 0, 12], "size": [3, 1, 3], "uv": [0, 11]},
						{"origin": [-3.5, 9, -3.5], "size": [7, 1, 7], "uv": [40, 73]},
						{"origin": [16.5, 0, -16], "size": [7, 21, 15], "uv": [0, 27]},
						{"origin": [15.5, 21, -17], "size": [8, 1, 17], "uv": [44, 35]},
						{"origin": [17.5, 22, -10.25], "size": [5, 1, 7], "uv": [0, 74]},
						{"origin": [19.5, 23, -8.75], "size": [2, 7, 4], "uv": [0, 0]},
						{"origin": [18.25, 26, -7.25], "size": [2, 1, 1], "inflate": -0.3, "uv": [9, 30]},
						{"origin": [18.75, 26, -7.25], "size": [1, 1, 1], "inflate": -0.2, "uv": [38, 69]},
						{"origin": [18.75, 24, -7.25], "size": [1, 8, 1], "inflate": -0.45, "pivot": [19.25, 26.5, -6.75], "rotation": [45, 0, 0], "uv": [8, 33]},
						{"origin": [18.75, 29, -7.25], "size": [1, 2, 1], "inflate": -0.4, "pivot": [19.25, 26.5, -6.75], "rotation": [45, 0, 0], "uv": [0, 0]},
						{"origin": [18.75, 23.8, -7.25], "size": [1, 1, 1], "inflate": -0.275, "pivot": [19.25, 26.5, -6.75], "rotation": [45, 0, 0], "uv": [0, 30]},
						{"origin": [-4, 7, -4], "size": [8, 2, 8], "uv": [38, 63]},
						{"origin": [2, 0, -4], "size": [2, 7, 2], "uv": [116, 7]},
						{"origin": [2, 0, 2], "size": [2, 7, 2], "uv": [26, 74]},
						{"origin": [-4, 0, 2], "size": [2, 7, 2], "uv": [0, 16]},
						{"origin": [-3.5, 3, -2], "size": [1, 2, 4], "uv": [96, 54]},
						{"origin": [2.5, 3, -2], "size": [1, 2, 4], "uv": [44, 46]},
						{"origin": [-4, 0, -4], "size": [2, 7, 2], "uv": [0, 33]},
						{"origin": [-2, 1, 2.5], "size": [4, 2, 1], "uv": [50, 46]},
						{"origin": [-2, 1, -3.5], "size": [4, 2, 1], "uv": [89, 75]},
						{"origin": [18, 0, 13], "size": [3, 1, 3], "uv": [29, 38]}
					]
				},
				{
					"name": "group",
					"parent": "bone2",
					"pivot": [0, 14.8, 20.4],
					"cubes": [
						{"origin": [-14, 14.9, 13.55], "size": [1, 1, 8], "inflate": -0.175, "uv": [99, 0]},
						{"origin": [-10.4, 14.9, 13.55], "size": [1, 1, 8], "inflate": -0.175, "uv": [60, 98]},
						{"origin": [-13.1, 14.9, 13.55], "size": [1, 1, 8], "inflate": -0.175, "uv": [96, 45]},
						{"origin": [-12.2, 14.9, 13.55], "size": [1, 1, 8], "inflate": -0.175, "uv": [30, 96]},
						{"origin": [-4.1, 14.9, 13.55], "size": [1, 1, 8], "inflate": -0.175, "uv": [20, 95]},
						{"origin": [-3.2, 14.9, 13.55], "size": [1, 1, 8], "inflate": -0.175, "uv": [94, 93]},
						{"origin": [-5.9, 14.9, 13.55], "size": [1, 1, 8], "inflate": -0.175, "uv": [94, 84]},
						{"origin": [-6.8, 14.9, 13.55], "size": [1, 1, 8], "inflate": -0.175, "uv": [93, 16]},
						{"origin": [-7.7, 14.9, 13.55], "size": [1, 1, 8], "inflate": -0.175, "uv": [10, 93]},
						{"origin": [-9.5, 14.9, 13.55], "size": [1, 1, 8], "inflate": -0.175, "uv": [50, 92]},
						{"origin": [-1.4, 14.9, 13.55], "size": [1, 1, 8], "inflate": -0.175, "uv": [84, 91]},
						{"origin": [0.4, 14.9, 13.55], "size": [1, 1, 8], "inflate": -0.175, "uv": [91, 75]},
						{"origin": [-0.5, 14.9, 13.55], "size": [1, 1, 8], "inflate": -0.175, "uv": [91, 27]},
						{"origin": [2.2, 14.9, 13.55], "size": [1, 1, 8], "inflate": -0.175, "uv": [0, 91]},
						{"origin": [3.1, 14.9, 13.55], "size": [1, 1, 8], "inflate": -0.175, "uv": [74, 90]},
						{"origin": [4.9, 14.9, 13.55], "size": [1, 1, 8], "inflate": -0.175, "uv": [40, 90]},
						{"origin": [5.8, 14.9, 13.55], "size": [1, 1, 8], "inflate": -0.175, "uv": [64, 89]},
						{"origin": [6.7, 14.9, 13.55], "size": [1, 1, 8], "inflate": -0.175, "uv": [87, 36]},
						{"origin": [9.4, 14.9, 13.55], "size": [1, 1, 8], "inflate": -0.175, "uv": [30, 87]},
						{"origin": [8.5, 14.9, 13.55], "size": [1, 1, 8], "inflate": -0.175, "uv": [20, 86]},
						{"origin": [11.2, 14.9, 13.55], "size": [1, 1, 8], "inflate": -0.175, "uv": [10, 84]},
						{"origin": [-16.7, 14.9, 13.55], "size": [1, 1, 8], "inflate": -0.175, "uv": [54, 83]},
						{"origin": [-15.8, 14.9, 13.55], "size": [1, 1, 8], "inflate": -0.175, "uv": [0, 82]},
						{"origin": [15.7, 14.9, 13.55], "size": [1, 1, 8], "inflate": -0.175, "uv": [81, 81]},
						{"origin": [14.8, 14.9, 13.55], "size": [1, 1, 8], "inflate": -0.175, "uv": [44, 81]},
						{"origin": [13, 14.9, 13.55], "size": [1, 1, 8], "inflate": -0.175, "uv": [71, 80]},
						{"origin": [12.1, 14.9, 13.55], "size": [1, 1, 8], "inflate": -0.175, "uv": [77, 35]}
					]
				},
				{
					"name": "group2",
					"parent": "bone2",
					"pivot": [0, 14.8, 20.4],
					"cubes": [
						{"origin": [16.15, 14.525, 11.55], "size": [1, 1, 8], "inflate": -0.075, "uv": [40, 99]},
						{"origin": [-14.45, 14.525, 11.55], "size": [1, 1, 8], "inflate": -0.075, "uv": [20, 113]},
						{"origin": [-11.75, 14.525, 11.55], "size": [1, 1, 8], "inflate": -0.075, "uv": [111, 18]},
						{"origin": [-10.85, 14.525, 11.55], "size": [1, 1, 8], "inflate": -0.075, "uv": [111, 27]},
						{"origin": [-13.55, 14.525, 11.55], "size": [1, 1, 8], "inflate": -0.075, "uv": [111, 70]},
						{"origin": [-12.65, 14.525, 11.55], "size": [1, 1, 8], "inflate": -0.075, "uv": [90, 111]},
						{"origin": [-4.55, 14.525, 11.55], "size": [1, 1, 8], "inflate": -0.075, "uv": [0, 109]},
						{"origin": [-3.65, 14.525, 11.55], "size": [1, 1, 8], "inflate": -0.075, "uv": [109, 52]},
						{"origin": [-6.35, 14.525, 11.55], "size": [1, 1, 8], "inflate": -0.075, "uv": [80, 109]},
						{"origin": [-5.45, 14.525, 11.55], "size": [1, 1, 8], "inflate": -0.075, "uv": [50, 110]},
						{"origin": [-7.25, 14.525, 11.55], "size": [1, 1, 8], "inflate": -0.075, "uv": [110, 61]},
						{"origin": [-8.15, 14.525, 11.55], "size": [1, 1, 8], "inflate": -0.075, "uv": [110, 100]},
						{"origin": [-9.05, 14.525, 11.55], "size": [1, 1, 8], "inflate": -0.075, "uv": [110, 109]},
						{"origin": [-9.95, 14.525, 11.55], "size": [1, 1, 8], "inflate": -0.075, "uv": [10, 111]},
						{"origin": [-2.75, 14.525, 11.55], "size": [1, 1, 8], "inflate": -0.075, "uv": [101, 25]},
						{"origin": [-1.85, 14.525, 11.55], "size": [1, 1, 8], "inflate": -0.075, "uv": [101, 34]},
						{"origin": [-0.05, 14.525, 11.55], "size": [1, 1, 8], "inflate": -0.075, "uv": [50, 101]},
						{"origin": [-0.95, 14.525, 11.55], "size": [1, 1, 8], "inflate": -0.075, "uv": [101, 73]},
						{"origin": [1.75, 14.525, 11.55], "size": [1, 1, 8], "inflate": -0.075, "uv": [10, 102]},
						{"origin": [0.85, 14.525, 11.55], "size": [1, 1, 8], "inflate": -0.075, "uv": [90, 102]},
						{"origin": [3.55, 14.525, 11.55], "size": [1, 1, 8], "inflate": -0.075, "uv": [100, 103]},
						{"origin": [2.65, 14.525, 11.55], "size": [1, 1, 8], "inflate": -0.075, "uv": [20, 104]},
						{"origin": [4.45, 14.525, 11.55], "size": [1, 1, 8], "inflate": -0.075, "uv": [104, 82]},
						{"origin": [5.35, 14.525, 11.55], "size": [1, 1, 8], "inflate": -0.075, "uv": [104, 91]},
						{"origin": [6.25, 14.525, 11.55], "size": [1, 1, 8], "inflate": -0.075, "uv": [30, 105]},
						{"origin": [7.15, 14.525, 11.55], "size": [1, 1, 8], "inflate": -0.075, "uv": [106, 9]},
						{"origin": [8.95, 14.525, 11.55], "size": [1, 1, 8], "inflate": -0.075, "uv": [106, 43]},
						{"origin": [8.05, 14.525, 11.55], "size": [1, 1, 8], "inflate": -0.075, "uv": [60, 107]},
						{"origin": [10.75, 14.525, 11.55], "size": [1, 1, 8], "inflate": -0.075, "uv": [40, 108]},
						{"origin": [9.85, 14.525, 11.55], "size": [1, 1, 8], "inflate": -0.075, "uv": [70, 108]},
						{"origin": [-17.15, 14.525, 11.55], "size": [1, 1, 8], "inflate": -0.075, "uv": [114, 79]},
						{"origin": [-16.25, 14.525, 11.55], "size": [1, 1, 8], "inflate": -0.075, "uv": [30, 114]},
						{"origin": [-15.35, 14.525, 11.55], "size": [1, 1, 8], "inflate": -0.075, "uv": [100, 112]},
						{"origin": [15.25, 14.525, 11.55], "size": [1, 1, 8], "inflate": -0.075, "uv": [99, 55]},
						{"origin": [14.35, 14.525, 11.55], "size": [1, 1, 8], "inflate": -0.075, "uv": [70, 99]},
						{"origin": [13.45, 14.525, 11.55], "size": [1, 1, 8], "inflate": -0.075, "uv": [0, 100]},
						{"origin": [12.55, 14.525, 11.55], "size": [1, 1, 8], "inflate": -0.075, "uv": [100, 64]},
						{"origin": [11.65, 14.525, 11.55], "size": [1, 1, 8], "inflate": -0.075, "uv": [80, 100]}
					]
				}
			]
		}
	]
}