{
	"pack_name": "{maid_pack.authors_and_credits.name}",
	"author": ["TartaricAcid"],
	"description": ["{maid_pack.authors_and_credits.desc}"],
	"date": "2021-11-10",
	"icon": "authors_and_credits:textures/maid_icon.png",
	"version": "1.0.0",
	"model_list": [
		{
			"model_id": "authors_and_credits:wine_fox_maid",
			"description": ["{model.authors_and_credits.wine_fox_maid.desc}", "{model.authors_and_credits.wine_fox_maid.author.desc}"],
			"animation": ["touhou_little_maid:animation/maid/default/head/default.js", "touhou_little_maid:animation/maid/default/head/beg.js", "touhou_little_maid:animation/maid/default/head/music_shake.js", "touhou_little_maid:animation/maid/default/arm/default.js", "touhou_little_maid:animation/maid/default/arm/swing.js", "touhou_little_maid:animation/maid/default/leg/default.js", "touhou_little_maid:animation/maid/default/sit/default.js", "touhou_little_maid:animation/maid/default/head/blink.js", "touhou_little_maid:animation/maid/default/tail/default.js", "touhou_little_maid:animation/maid/default/sit/skirt_rotation.js"]
		},
		{
			"model_id": "authors_and_credits:sazuki",
			"description": ["{model.authors_and_credits.sazuki.desc}", "{model.authors_and_credits.sazuki.author.desc}"],
			"animation": ["touhou_little_maid:animation/maid/default/head/default.js", "touhou_little_maid:animation/maid/default/head/beg.js", "touhou_little_maid:animation/maid/default/head/music_shake.js", "touhou_little_maid:animation/maid/default/arm/default.js", "touhou_little_maid:animation/maid/default/arm/swing.js", "touhou_little_maid:animation/maid/default/leg/default.js", "touhou_little_maid:animation/maid/default/sit/default.js", "touhou_little_maid:animation/maid/default/head/blink.js", "touhou_little_maid:animation/maid/default/tail/default.js", "touhou_little_maid:animation/maid/default/sit/skirt_rotation.js"]
		}
	]
}