{
	"pack_name": "{pack.touhou_little_maid_old.maid.name}",
	"author": ["Succinum", "Pajinyi", "ZeniCrow"],
	"description": ["{pack.touhou_little_maid_old.maid.desc}"],
	"version": "1.0.0",
	"date": "2021-01-17",
	"icon": "touhou_little_maid_old:textures/maid_icon.png",
	"model_list": [
		{
			"model_id": "touhou_little_maid_old:reimu_hakurei",
			"description": ["{model.touhou_little_maid_old.reimu_hakurei.desc}"]
		},
		{
			"model_id": "touhou_little_maid_old:singyoku2",
			"description": ["{model.touhou_little_maid_old.singyoku2.desc}"]
		},
		{
			"model_id": "touhou_little_maid_old:singyoku3",
			"description": ["{model.touhou_little_maid_old.singyoku3.desc}"]
		},
		{
			"model_id": "touhou_little_maid_old:mima",
			"description": ["{model.touhou_little_maid_old.mima.desc}"]
		},
		{
			"model_id": "touhou_little_maid_old:kikuri",
			"description": ["{model.touhou_little_maid_old.kikuri.desc}"]
		},
		{
			"model_id": "touhou_little_maid_old:konngara",
			"description": ["{model.touhou_little_maid_old.konngara.desc}"]
		},
		{
			"model_id": "touhou_little_maid_old:elis",
			"description": ["{model.touhou_little_maid_old.elis.desc}"]
		},
		{
			"model_id": "touhou_little_maid_old:sariel",
			"description": ["{model.touhou_little_maid_old.sariel.desc}"]
		},
		{
			"model_id": "touhou_little_maid_old:meira",
			"description": ["{model.touhou_little_maid_old.meira.desc}"]
		},
		{
			"model_id": "touhou_little_maid_old:kirisame_marisa",
			"description": ["{model.touhou_little_maid_old.kirisame_marisa.desc}"]
		},
		{
			"model_id": "touhou_little_maid_old:yumemi_okazaki",
			"description": ["{model.touhou_little_maid_old.yumemi_okazaki.desc}"]
		},
		{
			"model_id": "touhou_little_maid_old:elly",
			"description": ["{model.touhou_little_maid_old.elly.desc}"]
		},
		{
			"model_id": "touhou_little_maid_old:alice",
			"description": ["{model.touhou_little_maid_old.alice.desc}"]
		},
		{
			"model_id": "touhou_little_maid_old:yumeko",
			"description": ["{model.touhou_little_maid_old.yumeko.desc}"]
		},
		{
			"model_id": "touhou_little_maid_old:shinki",
			"description": ["{model.touhou_little_maid_old.shinki.desc}"]
		},
		{
			"model_id": "touhou_little_maid_old:trump_king",
			"description": ["{model.touhou_little_maid_old.trump_king.desc}"]
		}
	]
}