{
  "format_version": "1.10.0",
  "geometry.model": {
    "texturewidth": 512,
    "textureheight": 512,
    "visible_bounds_width": 7,
    "visible_bounds_height": 4,
    "visible_bounds_offset": [0, 2, 0],
    "bones": [
      {
        "name": "main",
        "pivot": [0, -7, 0],
        "rotation": [0, 90, 0]
      },
      {
        "name": "cart",
        "parent": "main",
        "pivot": [0, -7, 20],
        "cubes": [
          {"origin": [-14, 16, -27], "size": [22, 1, 15], "uv": [96, 35]},
          {"origin": [-14, 0, -27], "size": [28, 3, 54], "uv": [0, 65]},
          {"origin": [14, 25, -27], "size": [1, 16, 3], "uv": [110, 67]},
          {"origin": [-15, 25, -27], "size": [1, 16, 3], "uv": [110, 67]},
          {"origin": [14, 25, 24], "size": [1, 16, 3], "uv": [110, 67]},
          {"origin": [-15, 25, 24], "size": [1, 16, 3], "uv": [110, 67]},
          {"origin": [11, 25, 27], "size": [4, 16, 1], "uv": [118, 67]},
          {"origin": [11, 25, -28], "size": [4, 16, 1], "uv": [118, 67]},
          {"origin": [-15, 25, -28], "size": [4, 16, 1], "uv": [118, 67]},
          {"origin": [-15, 25, 27], "size": [4, 16, 1], "uv": [118, 67]},
          {"origin": [14, 0, -27], "size": [1, 25, 54], "uv": [0, 122]},
          {"origin": [-15.001, 0, 20], "size": [1, 25, 7], "uv": [34, 65]},
          {"origin": [-15.001, 0, -27], "size": [1, 25, 15], "uv": [0, 65]},
          {"origin": [-15.001, 0, 27], "size": [30, 25, 1], "uv": [0, 0]},
          {"origin": [-15, 0, -28.001], "size": [30, 25, 1], "uv": [0, 0]},
          {"origin": [8, 16, -28], "size": [16, 1, 48], "uv": [170, 67]},
          {"origin": [8, 9, -27], "size": [6, 1, 47], "uv": [170, 116]},
          {"origin": [-15, 16, 20], "size": [39, 1, 16], "uv": [110, 172]},
          {"origin": [-14, 9, 20], "size": [28, 1, 7], "uv": [96, 51]},
          {"origin": [-15, 0, -12], "size": [1, 3, 32], "uv": [96, 0]},
          {"origin": [-13, 12.001, -26], "size": [21, 5, 12], "uv": [56, 122]}
        ]
      },
      {
        "name": "bone57",
        "parent": "cart",
        "pivot": [0, 41, -28],
        "rotation": [-75, 0, 0],
        "cubes": [
          {"origin": [-15, 16, -29.001], "size": [30, 25, 1], "uv": [0, 0]}
        ]
      },
      {
        "name": "stick",
        "parent": "cart",
        "pivot": [0, 25, -28],
        "rotation": [-45, 0, 0],
        "cubes": [
          {"origin": [-11, 25, -46], "size": [1, 1, 19], "uv": [13, 86]},
          {"origin": [10, 25, -46], "size": [1, 1, 19], "uv": [13, 86]}
        ]
      },
      {
        "name": "awning",
        "parent": "main",
        "pivot": [0, -7, -36],
        "cubes": [
          {"origin": [-1.5, 46, -28], "size": [3, 8, 64], "uv": [100, 100]},
          {"origin": [-1.5, 41, -28], "size": [3, 5, 1], "uv": [56, 26]},
          {"origin": [-1.5, 41, 27], "size": [3, 5, 1], "uv": [56, 26]},
          {"origin": [-11, 39, -28], "size": [22, 2, 1], "uv": [0, 46]},
          {"origin": [-11, 39, 27], "size": [22, 2, 1], "uv": [0, 46]}
        ]
      },
      {
        "name": "bone56",
        "parent": "awning",
        "pivot": [15, 41, -28],
        "rotation": [0, 0, 25],
        "cubes": [
          {"origin": [-1, 41, -28], "size": [16, 1, 64], "uv": [0, 0], "mirror": true},
          {"origin": [-3, 45, -28], "size": [16, 1, 64], "uv": [0, 0], "mirror": true},
          {"origin": [10, 43, -28], "size": [1, 2, 64], "uv": [110, 1], "mirror": true},
          {"origin": [15, 41, -28], "size": [16, 1, 64], "uv": [0, 0], "mirror": true},
          {"origin": [-1, 42, 35], "size": [32, 1, 1], "uv": [96, 61], "mirror": true},
          {"origin": [-1, 42, 26], "size": [32, 1, 1], "uv": [96, 61], "mirror": true},
          {"origin": [-1, 42, 17], "size": [32, 1, 1], "uv": [96, 61], "mirror": true},
          {"origin": [-1, 42, 8], "size": [32, 1, 1], "uv": [96, 61], "mirror": true},
          {"origin": [-1, 42, -1], "size": [32, 1, 1], "uv": [96, 61], "mirror": true},
          {"origin": [-1, 42, -10], "size": [32, 1, 1], "uv": [96, 61], "mirror": true},
          {"origin": [-1, 42, -19], "size": [32, 1, 1], "uv": [96, 61], "mirror": true},
          {"origin": [-1, 42, -28], "size": [32, 1, 1], "uv": [96, 61], "mirror": true},
          {"origin": [-1, 39, -28], "size": [16, 2, 1], "uv": [30, 35]},
          {"origin": [-1, 39, 27], "size": [16, 2, 1], "uv": [30, 35]}
        ]
      },
      {
        "name": "bone55",
        "parent": "awning",
        "pivot": [-15, 41, -28],
        "rotation": [0, 0, -25],
        "cubes": [
          {"origin": [-15, 41, -28], "size": [16, 1, 64], "uv": [0, 0]},
          {"origin": [-13, 45, -28], "size": [16, 1, 64], "uv": [0, 0]},
          {"origin": [-11, 43, -28], "size": [1, 2, 64], "uv": [110, 1]},
          {"origin": [-31, 41, -28], "size": [16, 1, 64], "uv": [0, 0]},
          {"origin": [-31, 42, 35], "size": [32, 1, 1], "uv": [96, 61]},
          {"origin": [-31, 42, 26], "size": [32, 1, 1], "uv": [96, 61]},
          {"origin": [-31, 42, 17], "size": [32, 1, 1], "uv": [96, 61]},
          {"origin": [-31, 42, 8], "size": [32, 1, 1], "uv": [96, 61]},
          {"origin": [-31, 42, -1], "size": [32, 1, 1], "uv": [96, 61]},
          {"origin": [-31, 42, -10], "size": [32, 1, 1], "uv": [96, 61]},
          {"origin": [-31, 42, -19], "size": [32, 1, 1], "uv": [96, 61]},
          {"origin": [-31, 42, -28], "size": [32, 1, 1], "uv": [96, 61]},
          {"origin": [-15, 39, -28], "size": [16, 2, 1], "uv": [30, 35], "mirror": true},
          {"origin": [-15, 39, 27], "size": [16, 2, 1], "uv": [30, 35], "mirror": true}
        ]
      },
      {
        "name": "sign",
        "parent": "main",
        "pivot": [0, -7, -36],
        "cubes": [
          {"origin": [29, 26, -24], "size": [0, 9, 13], "uv": [30, 13]},
          {"origin": [29, 26, -10], "size": [0, 9, 13], "uv": [30, 13]},
          {"origin": [29, 26, 4], "size": [0, 9, 13], "uv": [30, 13]},
          {"origin": [29, 26, 18], "size": [0, 9, 13], "uv": [30, 13]}
        ]
      },
      {
        "name": "lantern",
        "parent": "main",
        "pivot": [0, -7, -36],
        "cubes": [
          {"origin": [28, 33, -29], "size": [3, 1, 3], "uv": [14, 59]},
          {"origin": [28, 26, -29], "size": [3, 1, 3], "uv": [14, 59]},
          {"origin": [27.5, 32.5, -29.5], "size": [4, 1, 4], "uv": [41, 58]},
          {"origin": [27.5, 26.5, -29.5], "size": [4, 1, 4], "uv": [41, 58]},
          {"origin": [26.5, 27.5, -30.5], "size": [6, 5, 6], "uv": [96, 0]},
          {"origin": [27, 32, -30], "size": [5, 1, 5], "uv": [25, 56]},
          {"origin": [27, 27, -30], "size": [5, 1, 5], "uv": [25, 56]}
        ]
      },
      {
        "name": "lantern2",
        "parent": "main",
        "pivot": [0, -7, -36],
        "cubes": [
          {"origin": [28, 33, 33], "size": [3, 1, 3], "uv": [14, 59]},
          {"origin": [28, 26, 33], "size": [3, 1, 3], "uv": [14, 59]},
          {"origin": [27.5, 32.5, 32.5], "size": [4, 1, 4], "uv": [41, 58]},
          {"origin": [27.5, 26.5, 32.5], "size": [4, 1, 4], "uv": [41, 58]},
          {"origin": [26.5, 27.5, 31.5], "size": [6, 5, 6], "uv": [96, 0]},
          {"origin": [27, 32, 32], "size": [5, 1, 5], "uv": [25, 56]},
          {"origin": [27, 27, 32], "size": [5, 1, 5], "uv": [25, 56]}
        ]
      }
    ]
  }
}