{
  "format_version": "1.10.0",
  "geometry.model": {
    "texturewidth": 64,
    "textureheight": 64,
    "visible_bounds_width": 2,
    "visible_bounds_height": 1,
    "visible_bounds_offset": [0, 0.5, 0],
    "bones": [
      {
        "name": "hat",
        "pivot": [0, 8, 0.1],
        "rotation": [180, 0, 0],
        "cubes": [
          {
            "origin": [-2, 14, -1.9],
            "size": [4, 1, 4],
            "uv": [32, 8]
          }
        ]
      },
      {
        "name": "section",
        "parent": "hat",
        "pivot": [0, 8, 0.1]
      },
      {
        "name": "level1",
        "parent": "section",
        "pivot": [0, 8, 0.1],
        "cubes": [
          {
            "origin": [4, 8, -6.9],
            "size": [1, 3, 1],
            "uv": [18, 16]
          },
          {
            "origin": [4, 11, -5.9],
            "size": [1, 1, 1],
            "uv": [42, 3]
          },
          {
            "origin": [3, 8, -6.9],
            "size": [1, 4, 1],
            "uv": [16, 31]
          },
          {
            "origin": [6, 8, -3.9],
            "size": [1, 4, 1],
            "uv": [16, 31]
          },
          {
            "origin": [5, 11, -4.9],
            "size": [1, 1, 1],
            "uv": [42, 3]
          },
          {
            "origin": [5, 8, -5.9],
            "size": [1, 3, 1],
            "uv": [18, 16]
          },
          {
            "origin": [6, 8, -4.9],
            "size": [1, 3, 1],
            "uv": [18, 16]
          },
          {
            "origin": [-3, 8, -7.9],
            "size": [6, 3, 1],
            "uv": [25, 36]
          }
        ]
      },
      {
        "name": "level2",
        "parent": "section",
        "pivot": [0, 8, 0.1],
        "cubes": [
          {
            "origin": [5, 11, -3.9],
            "size": [1, 2, 2],
            "uv": [0, 16]
          },
          {
            "origin": [-3, 11, -6.9],
            "size": [6, 2, 1],
            "uv": [32, 13]
          },
          {
            "origin": [2, 11, -5.9],
            "size": [2, 2, 1],
            "uv": [24, 0]
          },
          {
            "origin": [4, 11, -4.9],
            "size": [1, 2, 1],
            "uv": [24, 27]
          }
        ]
      },
      {
        "name": "level3",
        "parent": "section",
        "pivot": [0, 8, 0.1],
        "cubes": [
          {
            "origin": [4, 13, -3.9],
            "size": [1, 1, 2],
            "uv": [24, 24]
          },
          {
            "origin": [-2, 13, -5.9],
            "size": [4, 1, 1],
            "uv": [40, 22]
          },
          {
            "origin": [2, 13, -4.9],
            "size": [2, 1, 1],
            "uv": [0, 6]
          }
        ]
      },
      {
        "name": "level4",
        "parent": "section",
        "pivot": [0, 8, 0.1],
        "cubes": [
          {
            "origin": [-2, 14, -4.9],
            "size": [4, 1, 2],
            "uv": [38, 16]
          },
          {
            "origin": [2, 14, -3.9],
            "size": [2, 1, 2],
            "uv": [0, 0]
          }
        ]
      },
      {
        "name": "level5",
        "parent": "section",
        "pivot": [0, 8, 0.1],
        "cubes": [
          {
            "origin": [-2, 15, -2.9],
            "size": [4, 1, 1],
            "uv": [39, 36]
          }
        ]
      },
      {
        "name": "section2",
        "parent": "hat",
        "pivot": [0, 8, 0.1],
        "rotation": [0, -90, 0]
      },
      {
        "name": "level6",
        "parent": "section2",
        "pivot": [0, 8, 0.1],
        "cubes": [
          {
            "origin": [4, 8, -6.9],
            "size": [1, 3, 1],
            "uv": [18, 16]
          },
          {
            "origin": [4, 11, -5.9],
            "size": [1, 1, 1],
            "uv": [42, 3]
          },
          {
            "origin": [3, 8, -6.9],
            "size": [1, 4, 1],
            "uv": [16, 31]
          },
          {
            "origin": [6, 8, -3.9],
            "size": [1, 4, 1],
            "uv": [16, 31]
          },
          {
            "origin": [5, 11, -4.9],
            "size": [1, 1, 1],
            "uv": [42, 3]
          },
          {
            "origin": [5, 8, -5.9],
            "size": [1, 3, 1],
            "uv": [18, 16]
          },
          {
            "origin": [6, 8, -4.9],
            "size": [1, 3, 1],
            "uv": [18, 16]
          },
          {
            "origin": [-3, 8, -7.9],
            "size": [6, 3, 1],
            "uv": [25, 36]
          }
        ]
      },
      {
        "name": "level7",
        "parent": "section2",
        "pivot": [0, 8, 0.1],
        "cubes": [
          {
            "origin": [5, 11, -3.9],
            "size": [1, 2, 2],
            "uv": [0, 16]
          },
          {
            "origin": [-3, 11, -6.9],
            "size": [6, 2, 1],
            "uv": [32, 13]
          },
          {
            "origin": [2, 11, -5.9],
            "size": [2, 2, 1],
            "uv": [24, 0]
          },
          {
            "origin": [4, 11, -4.9],
            "size": [1, 2, 1],
            "uv": [24, 27]
          }
        ]
      },
      {
        "name": "level8",
        "parent": "section2",
        "pivot": [0, 8, 0.1],
        "cubes": [
          {
            "origin": [4, 13, -3.9],
            "size": [1, 1, 2],
            "uv": [24, 24]
          },
          {
            "origin": [-2, 13, -5.9],
            "size": [4, 1, 1],
            "uv": [40, 22]
          },
          {
            "origin": [2, 13, -4.9],
            "size": [2, 1, 1],
            "uv": [0, 6]
          }
        ]
      },
      {
        "name": "level9",
        "parent": "section2",
        "pivot": [0, 8, 0.1],
        "cubes": [
          {
            "origin": [-2, 14, -4.9],
            "size": [4, 1, 2],
            "uv": [38, 16]
          },
          {
            "origin": [2, 14, -3.9],
            "size": [2, 1, 2],
            "uv": [0, 0]
          }
        ]
      },
      {
        "name": "level10",
        "parent": "section2",
        "pivot": [0, 8, 0.1],
        "cubes": [
          {
            "origin": [-2, 15, -2.9],
            "size": [4, 1, 1],
            "uv": [39, 36]
          }
        ]
      },
      {
        "name": "section3",
        "parent": "hat",
        "pivot": [0, 8, 0.1],
        "rotation": [0, 180, 0]
      },
      {
        "name": "level11",
        "parent": "section3",
        "pivot": [0, 8, 0.1],
        "cubes": [
          {
            "origin": [4, 8, -6.9],
            "size": [1, 3, 1],
            "uv": [18, 16]
          },
          {
            "origin": [4, 11, -5.9],
            "size": [1, 1, 1],
            "uv": [42, 3]
          },
          {
            "origin": [3, 8, -6.9],
            "size": [1, 4, 1],
            "uv": [16, 31]
          },
          {
            "origin": [6, 8, -3.9],
            "size": [1, 4, 1],
            "uv": [16, 31]
          },
          {
            "origin": [5, 11, -4.9],
            "size": [1, 1, 1],
            "uv": [42, 3]
          },
          {
            "origin": [5, 8, -5.9],
            "size": [1, 3, 1],
            "uv": [18, 16]
          },
          {
            "origin": [6, 8, -4.9],
            "size": [1, 3, 1],
            "uv": [18, 16]
          },
          {
            "origin": [-3, 8, -7.9],
            "size": [6, 3, 1],
            "uv": [25, 36]
          }
        ]
      },
      {
        "name": "level12",
        "parent": "section3",
        "pivot": [0, 8, 0.1],
        "cubes": [
          {
            "origin": [5, 11, -3.9],
            "size": [1, 2, 2],
            "uv": [0, 16]
          },
          {
            "origin": [-3, 11, -6.9],
            "size": [6, 2, 1],
            "uv": [32, 13]
          },
          {
            "origin": [2, 11, -5.9],
            "size": [2, 2, 1],
            "uv": [24, 0]
          },
          {
            "origin": [4, 11, -4.9],
            "size": [1, 2, 1],
            "uv": [24, 27]
          }
        ]
      },
      {
        "name": "level13",
        "parent": "section3",
        "pivot": [0, 8, 0.1],
        "cubes": [
          {
            "origin": [4, 13, -3.9],
            "size": [1, 1, 2],
            "uv": [24, 24]
          },
          {
            "origin": [-2, 13, -5.9],
            "size": [4, 1, 1],
            "uv": [40, 22]
          },
          {
            "origin": [2, 13, -4.9],
            "size": [2, 1, 1],
            "uv": [0, 6]
          }
        ]
      },
      {
        "name": "level14",
        "parent": "section3",
        "pivot": [0, 8, 0.1],
        "cubes": [
          {
            "origin": [-2, 14, -4.9],
            "size": [4, 1, 2],
            "uv": [38, 16]
          },
          {
            "origin": [2, 14, -3.9],
            "size": [2, 1, 2],
            "uv": [0, 0]
          }
        ]
      },
      {
        "name": "level15",
        "parent": "section3",
        "pivot": [0, 8, 0.1],
        "cubes": [
          {
            "origin": [-2, 15, -2.9],
            "size": [4, 1, 1],
            "uv": [39, 36]
          }
        ]
      },
      {
        "name": "section4",
        "parent": "hat",
        "pivot": [0, 8, 0.1],
        "rotation": [0, 90, 0]
      },
      {
        "name": "level16",
        "parent": "section4",
        "pivot": [0, 8, 0.1],
        "cubes": [
          {
            "origin": [4, 8, -6.9],
            "size": [1, 3, 1],
            "uv": [18, 16]
          },
          {
            "origin": [4, 11, -5.9],
            "size": [1, 1, 1],
            "uv": [42, 3]
          },
          {
            "origin": [3, 8, -6.9],
            "size": [1, 4, 1],
            "uv": [16, 31]
          },
          {
            "origin": [6, 8, -3.9],
            "size": [1, 4, 1],
            "uv": [16, 31]
          },
          {
            "origin": [5, 11, -4.9],
            "size": [1, 1, 1],
            "uv": [42, 3]
          },
          {
            "origin": [5, 8, -5.9],
            "size": [1, 3, 1],
            "uv": [18, 16]
          },
          {
            "origin": [6, 8, -4.9],
            "size": [1, 3, 1],
            "uv": [18, 16]
          },
          {
            "origin": [-3, 8, -7.9],
            "size": [6, 3, 1],
            "uv": [25, 36]
          }
        ]
      },
      {
        "name": "level17",
        "parent": "section4",
        "pivot": [0, 8, 0.1],
        "cubes": [
          {
            "origin": [5, 11, -3.9],
            "size": [1, 2, 2],
            "uv": [0, 16]
          },
          {
            "origin": [-3, 11, -6.9],
            "size": [6, 2, 1],
            "uv": [32, 13]
          },
          {
            "origin": [2, 11, -5.9],
            "size": [2, 2, 1],
            "uv": [24, 0]
          },
          {
            "origin": [4, 11, -4.9],
            "size": [1, 2, 1],
            "uv": [24, 27]
          }
        ]
      },
      {
        "name": "level18",
        "parent": "section4",
        "pivot": [0, 8, 0.1],
        "cubes": [
          {
            "origin": [4, 13, -3.9],
            "size": [1, 1, 2],
            "uv": [24, 24]
          },
          {
            "origin": [-2, 13, -5.9],
            "size": [4, 1, 1],
            "uv": [40, 22]
          },
          {
            "origin": [2, 13, -4.9],
            "size": [2, 1, 1],
            "uv": [0, 6]
          }
        ]
      },
      {
        "name": "level19",
        "parent": "section4",
        "pivot": [0, 8, 0.1],
        "cubes": [
          {
            "origin": [-2, 14, -4.9],
            "size": [4, 1, 2],
            "uv": [38, 16]
          },
          {
            "origin": [2, 14, -3.9],
            "size": [2, 1, 2],
            "uv": [0, 0]
          }
        ]
      },
      {
        "name": "level20",
        "parent": "section4",
        "pivot": [0, 8, 0.1],
        "cubes": [
          {
            "origin": [-2, 15, -2.9],
            "size": [4, 1, 1],
            "uv": [39, 36]
          }
        ]
      }
    ]
  }
}