{
  "format_version": "1.10.0",
  "geometry.model": {
    "texturewidth": 128,
    "textureheight": 128,
    "visible_bounds_width": 3,
    "visible_bounds_height": 2,
    "visible_bounds_offset": [0, 1, 0],
    "bones": [
      {
        "name": "head",
        "pivot": [0, 18, 0],
        "cubes": [
          {"origin": [-4, 18, -4], "size": [8, 8, 8], "uv": [0, 11]}
        ]
      },
      {
        "name": "blink",
        "parent": "head",
        "pivot": [0, 18, 0],
        "cubes": [
          {"origin": [-4, 18, -4.001], "size": [8, 8, 0], "uv": [54, 0]}
        ]
      },
      {
        "name": "ear",
        "parent": "head",
        "pivot": [4, 24.8, 0],
        "rotation": [0, 0, 32]
      },
      {
        "name": "bone2",
        "parent": "ear",
        "pivot": [5.98511, 23.5472, -0.6],
        "rotation": [0, -10, -20],
        "cubes": [
          {"origin": [5.43081, 23.70473, -1.60963], "size": [4, 1, 2], "uv": [48, 45], "inflate": -0.1}
        ]
      },
      {
        "name": "bone4",
        "parent": "ear",
        "pivot": [7.98511, 25.5472, 0.4],
        "rotation": [0, -20, 20],
        "cubes": [
          {"origin": [3.88323, 22.94131, -1.01589], "size": [2.3, 1, 3], "uv": [48, 64], "inflate": -0.1}
        ]
      },
      {
        "name": "bone3",
        "parent": "ear",
        "pivot": [5.98511, 23.5472, 0.4],
        "rotation": [0, 10, -20],
        "cubes": [
          {"origin": [5.41598, 23.70473, -0.47149], "size": [4, 1, 2], "uv": [33, 33], "inflate": -0.1}
        ]
      },
      {
        "name": "bone5",
        "parent": "ear",
        "pivot": [7.98511, 25.5472, 0.4],
        "rotation": [0, 20, 20],
        "cubes": [
          {"origin": [4.14205, 22.94131, -2.15004], "size": [2.5, 1, 3], "uv": [63, 8], "inflate": -0.1}
        ]
      },
      {
        "name": "ear2",
        "parent": "head",
        "pivot": [-4, 24.8, 0],
        "rotation": [0, 0, -32]
      },
      {
        "name": "bone6",
        "parent": "ear2",
        "pivot": [-5.98511, 23.5472, -0.6],
        "rotation": [0, 10, 20],
        "cubes": [
          {"origin": [-9.43081, 23.70473, -1.60963], "size": [4, 1, 2], "uv": [32, 19], "inflate": -0.1}
        ]
      },
      {
        "name": "bone7",
        "parent": "ear2",
        "pivot": [-7.98511, 25.5472, 0.4],
        "rotation": [0, 20, -20],
        "cubes": [
          {"origin": [-6.18323, 22.94131, -1.01589], "size": [2.3, 1, 3], "uv": [62, 25], "inflate": -0.1}
        ]
      },
      {
        "name": "bone8",
        "parent": "ear2",
        "pivot": [-5.98511, 23.5472, 0.4],
        "rotation": [0, -10, 20],
        "cubes": [
          {"origin": [-9.41598, 23.70473, -0.47149], "size": [4, 1, 2], "uv": [18, 27], "inflate": -0.1}
        ]
      },
      {
        "name": "bone9",
        "parent": "ear2",
        "pivot": [-7.98511, 25.5472, 0.4],
        "rotation": [0, -20, -20],
        "cubes": [
          {"origin": [-6.64205, 22.94131, -2.15004], "size": [2.5, 1, 3], "uv": [60, 56], "inflate": -0.1}
        ]
      },
      {
        "name": "armRight",
        "pivot": [-3, 17.5, 0],
        "rotation": [0, 0, 25],
        "cubes": [
          {"origin": [-5, 8.5, -1], "size": [2, 8, 2], "uv": [16, 56]},
          {"origin": [-5.5, 10.5, -1.5], "size": [3, 7, 3], "uv": [60, 40], "inflate": -0.1}
        ]
      },
      {
        "name": "armLeft",
        "pivot": [3, 17.5, 0],
        "rotation": [0, 0, -25],
        "cubes": [
          {"origin": [3, 8.5, -1], "size": [2, 8, 2], "uv": [62, 15]},
          {"origin": [2.5, 9.5, -1.5], "size": [3, 8, 3], "uv": [60, 29], "inflate": -0.1}
        ]
      },
      {
        "name": "body",
        "pivot": [0, 10.5, 0],
        "cubes": [
          {"origin": [-3, 11.001, -3], "size": [6, 7, 6], "uv": [0, 27]},
          {"origin": [-3.5, 8, -2], "size": [7, 2, 4], "uv": [45, 9]}
        ]
      },
      {
        "name": "middle",
        "parent": "body",
        "pivot": [0, 0, 0]
      },
      {
        "name": "skirt",
        "parent": "body",
        "pivot": [-1, 0, -1],
        "cubes": [
          {"origin": [-5, 7, -5], "size": [10, 1, 10], "uv": [0, 0]},
          {"origin": [-4.5, 8, -4.5], "size": [9, 1, 9], "uv": [23, 23]},
          {"origin": [-4, 9, -4], "size": [8, 1, 8], "uv": [30, 0]},
          {"origin": [-3.5, 10, -3.5], "size": [7, 1, 7], "uv": [24, 11]}
        ]
      },
      {
        "name": "lace",
        "parent": "body",
        "pivot": [0, 19.5, 0]
      },
      {
        "name": "lacePart1",
        "parent": "lace",
        "pivot": [0, 10, 0],
        "rotation": [0, 0, -65],
        "cubes": [
          {"origin": [-5.7144, 12.23315, -2.5], "size": [2, 0, 5], "uv": [25, 0]},
          {"origin": [-5.7144, 12.23315, 2.5], "size": [2, 1, 2], "uv": [69, 23]},
          {"origin": [-5.7144, 12.23315, -1.5], "size": [2, 1, 3], "uv": [45, 68]},
          {"origin": [-5.7144, 12.23315, -4.5], "size": [2, 1, 2], "uv": [16, 69]}
        ]
      },
      {
        "name": "lacePart2",
        "parent": "lace",
        "pivot": [0, 10, 0],
        "rotation": [0, 0, 65],
        "cubes": [
          {"origin": [3.7144, 12.23315, -2.5], "size": [2, 0, 5], "uv": [19, 11]},
          {"origin": [3.7144, 12.23315, 2.5], "size": [2, 1, 2], "uv": [52, 68]},
          {"origin": [3.7144, 12.23315, -1.5], "size": [2, 1, 3], "uv": [35, 68]},
          {"origin": [3.7144, 12.23315, -4.5], "size": [2, 1, 2], "uv": [67, 56]}
        ]
      },
      {
        "name": "lace2",
        "parent": "body",
        "pivot": [0, 19.5, 0],
        "rotation": [0, -90, 0]
      },
      {
        "name": "lacePart3",
        "parent": "lace2",
        "pivot": [0, 10, 0],
        "rotation": [0, 0, -65],
        "cubes": [
          {"origin": [-5.7144, 12.23315, -2.5], "size": [2, 0, 5], "uv": [0, 5]},
          {"origin": [-5.7144, 12.23315, 2.5], "size": [2, 1, 2], "uv": [67, 12]},
          {"origin": [-5.7144, 12.23315, -1.5], "size": [2, 1, 3], "uv": [28, 66]},
          {"origin": [-5.7144, 12.23315, -4.5], "size": [2, 1, 2], "uv": [45, 15]}
        ]
      },
      {
        "name": "lacePart4",
        "parent": "lace2",
        "pivot": [0, 10, 0],
        "rotation": [0, 0, 65],
        "cubes": [
          {"origin": [3.7144, 12.23315, -2.5], "size": [2, 0, 5], "uv": [0, 0]},
          {"origin": [3.7144, 12.23315, 2.5], "size": [2, 1, 2], "uv": [42, 20]},
          {"origin": [3.7144, 12.23315, -1.5], "size": [2, 1, 3], "uv": [21, 65]},
          {"origin": [3.7144, 12.23315, -4.5], "size": [2, 1, 2], "uv": [30, 5]}
        ]
      },
      {
        "name": "decoration",
        "parent": "body",
        "pivot": [-0.75, 16.5, -3],
        "rotation": [0, 0, 20]
      },
      {
        "name": "bone200",
        "parent": "decoration",
        "pivot": [-0.75, 16.5, -3],
        "rotation": [0, 0, -10],
        "cubes": [
          {"origin": [-0.75, 15.5, -3.001], "size": [1, 1, 0], "uv": [0, 11]},
          {"origin": [-1.75, 16.5, -3.5], "size": [1, 1, 1], "uv": [24, 16]}
        ]
      },
      {
        "name": "bone201",
        "parent": "decoration",
        "pivot": [-0.75, 16.5, -3],
        "rotation": [0, 0, 10],
        "cubes": [
          {"origin": [-1.75, 15.5, -3.001], "size": [1, 1, 0], "uv": [3, 8]},
          {"origin": [-0.75, 16.5, -3.5], "size": [1, 1, 1], "uv": [0, 8]}
        ]
      },
      {
        "name": "decoration3",
        "parent": "body",
        "pivot": [-1, 10, -4]
      },
      {
        "name": "bone204",
        "parent": "decoration3",
        "pivot": [-1, 10, -4],
        "rotation": [0, 0, -10],
        "cubes": [
          {"origin": [-1, 9, -4.001], "size": [1, 1, 0], "uv": [3, 6]},
          {"origin": [-2, 10, -4.5], "size": [1, 1, 1], "uv": [0, 6]}
        ]
      },
      {
        "name": "bone205",
        "parent": "decoration3",
        "pivot": [-1, 10, -4],
        "rotation": [0, 0, 10],
        "cubes": [
          {"origin": [-2, 9, -4.001], "size": [1, 1, 0], "uv": [3, 4]},
          {"origin": [-1, 10, -4.5], "size": [1, 1, 1], "uv": [0, 4]}
        ]
      },
      {
        "name": "decoration4",
        "parent": "body",
        "pivot": [-2.4, 8, -5]
      },
      {
        "name": "bone206",
        "parent": "decoration4",
        "pivot": [-2.4, 8, -5],
        "rotation": [0, 0, -10],
        "cubes": [
          {"origin": [-2.4, 7, -5.001], "size": [1, 1, 0], "uv": [3, 2]},
          {"origin": [-3.4, 8, -5.5], "size": [1, 1, 1], "uv": [0, 2]}
        ]
      },
      {
        "name": "bone207",
        "parent": "decoration4",
        "pivot": [-2.4, 8, -5],
        "rotation": [0, 0, 10],
        "cubes": [
          {"origin": [-3.4, 7, -5.001], "size": [1, 1, 0], "uv": [3, 0]},
          {"origin": [-2.4, 8, -5.5], "size": [1, 1, 1], "uv": [0, 0]}
        ]
      },
      {
        "name": "chestPlate",
        "parent": "body",
        "pivot": [0, 10.5, 0]
      },
      {
        "name": "bone",
        "parent": "chestPlate",
        "pivot": [0, 14.5, 4],
        "rotation": [0, 0, -65],
        "cubes": [
          {"origin": [-1, 14.5, 4], "size": [1, 19, 1], "uv": [12, 56]},
          {"origin": [-1.5, 9.5, 3.5], "size": [2, 6, 2], "uv": [0, 11]},
          {"origin": [-2, 11, 3], "size": [3, 3, 3], "uv": [60, 50]}
        ]
      },
      {
        "name": "bone10",
        "parent": "bone",
        "pivot": [-0.5, 9, 4.5],
        "rotation": [0, 0, 15],
        "cubes": [
          {"origin": [-2, -3.5, 3], "size": [3, 13, 3], "uv": [0, 56]}
        ]
      },
      {
        "name": "bone11",
        "parent": "bone",
        "pivot": [-0.5, 9, 4.5],
        "rotation": [0, 0, -15],
        "cubes": [
          {"origin": [-2, -3.5, 3], "size": [3, 13, 3], "uv": [36, 52]}
        ]
      },
      {
        "name": "bone12",
        "parent": "bone",
        "pivot": [-0.5, 9, 4.5],
        "rotation": [-15, 0, 0],
        "cubes": [
          {"origin": [-2, -3.5, 3], "size": [3, 13, 3], "uv": [50, 16]}
        ]
      },
      {
        "name": "bone14",
        "parent": "bone",
        "pivot": [-0.5, 9, 4.5],
        "cubes": [
          {"origin": [-2, -3.5, 3], "size": [3, 13, 3], "uv": [48, 48]}
        ]
      },
      {
        "name": "bone15",
        "parent": "bone",
        "pivot": [-0.5, 9, 4.5],
        "rotation": [10, 0, 10],
        "cubes": [
          {"origin": [-2, -3.5, 3], "size": [3, 13, 3], "uv": [12, 40]}
        ]
      },
      {
        "name": "bone16",
        "parent": "bone",
        "pivot": [-0.5, 9, 4.5],
        "rotation": [-10, 0, 10],
        "cubes": [
          {"origin": [-2, -3.5, 3], "size": [3, 13, 3], "uv": [0, 40]}
        ]
      },
      {
        "name": "bone17",
        "parent": "bone",
        "pivot": [-0.5, 9, 4.5],
        "rotation": [-10, 0, -10],
        "cubes": [
          {"origin": [-2, -3.5, 3], "size": [3, 13, 3], "uv": [36, 36]}
        ]
      },
      {
        "name": "bone18",
        "parent": "bone",
        "pivot": [-0.5, 9, 4.5],
        "rotation": [10, 0, -10],
        "cubes": [
          {"origin": [-2, -3.5, 3], "size": [3, 13, 3], "uv": [24, 33]}
        ]
      },
      {
        "name": "bone13",
        "parent": "bone",
        "pivot": [-0.5, 9, 4.5],
        "rotation": [15, 0, 0],
        "cubes": [
          {"origin": [-2, -3.5, 3], "size": [3, 13, 3], "uv": [24, 49]}
        ]
      },
      {
        "name": "legLeft",
        "pivot": [2, 9, 0],
        "cubes": [
          {"origin": [0.5, 0, -1.5], "size": [3, 9, 3], "uv": [60, 60]}
        ]
      },
      {
        "name": "legRight",
        "pivot": [-2, 9, 0],
        "cubes": [
          {"origin": [-3.5, 0, -1.5], "size": [3, 9, 3], "uv": [48, 33]}
        ]
      }
    ]
  }
}