{
  "format_version": "1.10.0",
  "geometry.model": {
    "texturewidth": 256,
    "textureheight": 256,
    "visible_bounds_width": 3,
    "visible_bounds_height": 2,
    "visible_bounds_offset": [0, 1, 0],
    "bones": [
      {
        "name": "blink",
        "parent": "head",
        "pivot": [0, 18, 0],
        "cubes": [
          {
            "origin": [-4, 18, -4.001],
            "size": [8, 8, 0],
            "uv": [0, 105]
          }
        ]
      },
      {
        "name": "cap",
        "parent": "head",
        "pivot": [0, 0, 0],
        "rotation": [-10, 0, 0],
        "cubes": [
          {
            "origin": [-4.5, 23.40813, -8.74211],
            "size": [9, 3, 9],
            "uv": [40, 61]
          }
        ]
      },
      {
        "name": "hairR2",
        "parent": "head",
        "pivot": [-4, 24, 0],
        "rotation": [0, 0, 20],
        "cubes": [
          {
            "origin": [-5, 19, -1],
            "size": [2, 4, 2],
            "uv": [8, 126]
          },
          {
            "origin": [-4.5, 18, -0.5],
            "size": [1, 1, 1],
            "uv": [32, 134]
          },
          {
            "origin": [-4.5, 23, -0.5],
            "size": [1, 1, 1],
            "uv": [28, 134]
          }
        ]
      },
      {
        "name": "hairL2",
        "parent": "head",
        "pivot": [4, 24, 0],
        "rotation": [0, 0, -20],
        "cubes": [
          {
            "origin": [3, 19, -1],
            "size": [2, 4, 2],
            "uv": [0, 126]
          },
          {
            "origin": [3.5, 18, -0.5],
            "size": [1, 1, 1],
            "uv": [24, 134]
          },
          {
            "origin": [3.5, 23, -0.5],
            "size": [1, 1, 1],
            "uv": [20, 134]
          }
        ]
      },
      {
        "name": "hairR3",
        "parent": "head",
        "pivot": [-4, 24, 4],
        "rotation": [10, 0, 10],
        "cubes": [
          {
            "origin": [-5, 18, 3],
            "size": [2, 4, 2],
            "uv": [50, 120]
          },
          {
            "origin": [-4.5, 17, 3.5],
            "size": [1, 1, 1],
            "uv": [16, 134]
          },
          {
            "origin": [-4.5, 22, 3.5],
            "size": [1, 1, 1],
            "uv": [12, 134]
          }
        ]
      },
      {
        "name": "hairR1",
        "parent": "head",
        "pivot": [-4, 24, 4],
        "rotation": [-10, 0, 10],
        "cubes": [
          {
            "origin": [-5, 18, -5],
            "size": [2, 4, 2],
            "uv": [34, 120]
          },
          {
            "origin": [-4.5, 17, -4.5],
            "size": [1, 1, 1],
            "uv": [0, 134]
          },
          {
            "origin": [-4.5, 22, -4.5],
            "size": [1, 1, 1],
            "uv": [68, 132]
          }
        ]
      },
      {
        "name": "hairL3",
        "parent": "head",
        "pivot": [4, 24, 4],
        "rotation": [10, 0, -10],
        "cubes": [
          {
            "origin": [3, 18, 3],
            "size": [2, 4, 2],
            "uv": [42, 120]
          },
          {
            "origin": [3.5, 17, 3.5],
            "size": [1, 1, 1],
            "uv": [8, 134]
          },
          {
            "origin": [3.5, 22, 3.5],
            "size": [1, 1, 1],
            "uv": [4, 134]
          }
        ]
      },
      {
        "name": "hairL1",
        "parent": "head",
        "pivot": [4, 24, 4],
        "rotation": [-10, 0, -10],
        "cubes": [
          {
            "origin": [3, 18, -5],
            "size": [2, 4, 2],
            "uv": [26, 120]
          },
          {
            "origin": [3.5, 17, -4.5],
            "size": [1, 1, 1],
            "uv": [64, 132]
          },
          {
            "origin": [3.5, 22, -4.5],
            "size": [1, 1, 1],
            "uv": [60, 132]
          }
        ]
      },
      {
        "name": "hatRibbonRight",
        "parent": "head",
        "pivot": [-5, 24, -3],
        "rotation": [0, 0, 10],
        "cubes": [
          {
            "origin": [-6, 24, -3],
            "size": [2, 1, 1],
            "uv": [0, 132]
          },
          {
            "origin": [3.90838, 24.39446, -3],
            "size": [2, 1, 1],
            "uv": [42, 126]
          }
        ]
      },
      {
        "name": "hatRibbonLeft",
        "parent": "head",
        "pivot": [5, 24, -3],
        "rotation": [0, 0, -10],
        "cubes": [
          {
            "origin": [4, 24, -3],
            "size": [2, 1, 1],
            "uv": [42, 128]
          },
          {
            "origin": [-5.90838, 24.39446, -3],
            "size": [2, 1, 1],
            "uv": [36, 130]
          }
        ]
      },
      {
        "name": "head",
        "pivot": [0, 18, 0],
        "cubes": [
          {
            "origin": [-4, 18, -4],
            "size": [8, 8, 8],
            "uv": [0, 77]
          },
          {
            "origin": [-2, 23, -4.25],
            "size": [4, 1, 1],
            "uv": [16, 126]
          },
          {
            "origin": [-3, 24, -4.4],
            "size": [6, 1, 1],
            "uv": [0, 120]
          },
          {
            "origin": [-1, 22.5, -4.1],
            "size": [2, 1, 1],
            "uv": [6, 132]
          }
        ]
      },
      {
        "name": "bone",
        "parent": "body",
        "pivot": [0, 10.5, 0],
        "cubes": [
          {
            "origin": [-3, 17, -3.5],
            "size": [2, 1, 1],
            "uv": [36, 132]
          },
          {
            "origin": [1, 17, -3.5],
            "size": [2, 1, 1],
            "uv": [30, 132]
          },
          {
            "origin": [-3, 17, 2.5],
            "size": [2, 1, 1],
            "uv": [24, 132]
          },
          {
            "origin": [1, 17, 2.5],
            "size": [2, 1, 1],
            "uv": [18, 132]
          },
          {
            "origin": [-1, 16.5, 2.5],
            "size": [2, 1, 1],
            "uv": [12, 132]
          }
        ]
      },
      {
        "name": "ribbonBackRight",
        "parent": "body",
        "pivot": [0, 10.5, 5],
        "rotation": [30, 15, 25],
        "cubes": [
          {
            "origin": [-5, 10.5, 4.5],
            "size": [5, 3, 1],
            "uv": [14, 120]
          },
          {
            "origin": [-1, 7.5, 4.5],
            "size": [1, 3, 1],
            "uv": [32, 126]
          }
        ]
      },
      {
        "name": "ribbonBackLeft",
        "parent": "body",
        "pivot": [0, 10.5, 5],
        "rotation": [30, -15, -25],
        "cubes": [
          {
            "origin": [0, 10.5, 4.5],
            "size": [5, 3, 1],
            "uv": [0, 122]
          },
          {
            "origin": [0, 7.5, 4.5],
            "size": [1, 3, 1],
            "uv": [36, 126]
          }
        ]
      },
      {
        "name": "ribbonFrontRight",
        "parent": "body",
        "pivot": [-1.5, 16.5, -3.5],
        "rotation": [-15, -15, 10],
        "cubes": [
          {
            "origin": [-2.5, 15.5, -4],
            "size": [2, 2, 1],
            "uv": [16, 128]
          }
        ]
      },
      {
        "name": "ribbonFrontLeft",
        "parent": "body",
        "pivot": [1.5, 16.5, -3.5],
        "rotation": [-15, 15, -10],
        "cubes": [
          {
            "origin": [0.5, 15.5, -4],
            "size": [2, 2, 1],
            "uv": [26, 126]
          }
        ]
      },
      {
        "name": "smallRibbon1L",
        "parent": "body",
        "pivot": [0.5, 12, -4.5],
        "rotation": [-30, 0, -30],
        "cubes": [
          {
            "origin": [0, 11.5, -4.5],
            "size": [1, 1, 0],
            "uv": [2, 138]
          }
        ]
      },
      {
        "name": "smallRibbon1R",
        "parent": "body",
        "pivot": [-0.5, 12, -4.5],
        "rotation": [-30, 0, 30],
        "cubes": [
          {
            "origin": [-1, 11.5, -4.5],
            "size": [1, 1, 0],
            "uv": [0, 138]
          }
        ]
      },
      {
        "name": "smallRibbon2L",
        "parent": "body",
        "pivot": [0.5, 9.5, -5.5],
        "rotation": [-30, 0, -30],
        "cubes": [
          {
            "origin": [0, 9, -5.5],
            "size": [1, 1, 0],
            "uv": [58, 137]
          }
        ]
      },
      {
        "name": "smallRibbon2R",
        "parent": "body",
        "pivot": [-0.5, 9.5, -5.5],
        "rotation": [-30, 0, 30],
        "cubes": [
          {
            "origin": [-1, 9, -5.5],
            "size": [1, 1, 0],
            "uv": [58, 136]
          }
        ]
      },
      {
        "name": "smallRibbon3L",
        "parent": "body",
        "pivot": [0.5, 6.5, -5.5],
        "rotation": [-30, 0, -30],
        "cubes": [
          {
            "origin": [0, 6, -5.5],
            "size": [1, 1, 0],
            "uv": [56, 137]
          }
        ]
      },
      {
        "name": "smallRibbon3R",
        "parent": "body",
        "pivot": [-0.5, 6.5, -5.5],
        "rotation": [-30, 0, 30],
        "cubes": [
          {
            "origin": [-1, 6, -5.5],
            "size": [1, 1, 0],
            "uv": [56, 136]
          }
        ]
      },
      {
        "name": "body",
        "pivot": [0, 10.5, 0],
        "cubes": [
          {
            "origin": [-3, 12, -3],
            "size": [6, 6, 6],
            "uv": [64, 77]
          },
          {
            "origin": [-4, 9.5, -4],
            "size": [8, 3, 8],
            "uv": [32, 77]
          },
          {
            "origin": [-5, 4, -5],
            "size": [10, 6, 10],
            "uv": [0, 61]
          },
          {
            "origin": [-1, 12, -4.5],
            "size": [2, 1, 1],
            "uv": [54, 132]
          },
          {
            "origin": [-1, 9.5, -5.5],
            "size": [2, 1, 1],
            "uv": [48, 132]
          },
          {
            "origin": [-1, 6.5, -5.5],
            "size": [2, 1, 1],
            "uv": [42, 132]
          },
          {
            "origin": [-0.5, 16, -3.5],
            "size": [1, 1, 1],
            "uv": [52, 136]
          },
          {
            "origin": [-1.5, 3.5, -5.5],
            "size": [1, 1, 1],
            "uv": [48, 136]
          },
          {
            "origin": [-3.5, 3.5, -5.5],
            "size": [1, 1, 1],
            "uv": [44, 136]
          },
          {
            "origin": [-5.5, 3.5, -5.5],
            "size": [1, 1, 1],
            "uv": [40, 136]
          },
          {
            "origin": [4.5, 3.5, -3.5],
            "size": [1, 1, 1],
            "uv": [36, 136]
          },
          {
            "origin": [4.5, 3.5, 0.5],
            "size": [1, 1, 1],
            "uv": [32, 136]
          },
          {
            "origin": [0.5, 3.5, -5.5],
            "size": [1, 1, 1],
            "uv": [28, 136]
          },
          {
            "origin": [2.5, 3.5, -5.5],
            "size": [1, 1, 1],
            "uv": [24, 136]
          },
          {
            "origin": [4.5, 3.5, 2.5],
            "size": [1, 1, 1],
            "uv": [20, 136]
          },
          {
            "origin": [4.5, 3.5, -5.5],
            "size": [1, 1, 1],
            "uv": [16, 136]
          },
          {
            "origin": [4.5, 3.5, -1.5],
            "size": [1, 1, 1],
            "uv": [12, 136]
          },
          {
            "origin": [0.5, 3.5, 4.5],
            "size": [1, 1, 1],
            "uv": [8, 136]
          },
          {
            "origin": [-1.5, 3.5, 4.5],
            "size": [1, 1, 1],
            "uv": [4, 136]
          },
          {
            "origin": [-3.5, 3.5, 4.5],
            "size": [1, 1, 1],
            "uv": [0, 136]
          },
          {
            "origin": [-5.5, 3.5, -1.5],
            "size": [1, 1, 1],
            "uv": [60, 134]
          },
          {
            "origin": [-5.5, 3.5, 0.5],
            "size": [1, 1, 1],
            "uv": [56, 134]
          },
          {
            "origin": [4.5, 3.5, 4.5],
            "size": [1, 1, 1],
            "uv": [52, 134]
          },
          {
            "origin": [2.5, 3.5, 4.5],
            "size": [1, 1, 1],
            "uv": [48, 134]
          },
          {
            "origin": [-5.5, 3.5, -3.5],
            "size": [1, 1, 1],
            "uv": [44, 134]
          },
          {
            "origin": [-5.5, 3.5, 4.5],
            "size": [1, 1, 1],
            "uv": [40, 134]
          },
          {
            "origin": [-5.5, 3.5, 2.5],
            "size": [1, 1, 1],
            "uv": [36, 134]
          }
        ]
      },
      {
        "name": "armRight",
        "pivot": [-3, 17.5, 0],
        "rotation": [0, 0, 25],
        "cubes": [
          {
            "origin": [-5, 8.5, -1],
            "size": [2, 8, 2],
            "uv": [48, 105]
          },
          {
            "origin": [-5.5, 12.5, -1.5],
            "size": [3, 5, 3],
            "uv": [28, 105]
          },
          {
            "origin": [-6, 10, -2],
            "size": [4, 4, 4],
            "uv": [40, 93]
          }
        ]
      },
      {
        "name": "armLeft",
        "pivot": [3, 17.5, 0],
        "rotation": [0, 0, -25],
        "cubes": [
          {
            "origin": [3, 8.5, -1],
            "size": [2, 8, 2],
            "uv": [40, 105]
          },
          {
            "origin": [2.5, 12.5, -1.5],
            "size": [3, 5, 3],
            "uv": [16, 105]
          },
          {
            "origin": [2, 10, -2],
            "size": [4, 4, 4],
            "uv": [24, 93]
          }
        ]
      },
      {
        "name": "legLeft",
        "pivot": [2, 9, 0],
        "cubes": [
          {
            "origin": [0.5, 0, -1.5],
            "size": [3, 9, 3],
            "uv": [12, 93]
          }
        ]
      },
      {
        "name": "legRight",
        "pivot": [-2, 9, 0],
        "cubes": [
          {
            "origin": [-3.5, 0, -1.5],
            "size": [3, 9, 3],
            "uv": [0, 93]
          }
        ]
      },
      {
        "name": "wingLeft",
        "pivot": [0, 14, 3],
        "rotation": [0, 60, 0],
        "cubes": [
          {
            "origin": [1.5, 12.5, 4],
            "size": [0, 19, 16],
            "uv": [32, 0]
          },
          {
            "origin": [0.5, 7.5, 4],
            "size": [0, 10, 16],
            "uv": [32, 35]
          }
        ]
      },
      {
        "name": "wingRight",
        "pivot": [0, 14, 3],
        "rotation": [0, -60, 0],
        "cubes": [
          {
            "origin": [-1.5, 12.5, 4],
            "size": [0, 19, 16],
            "uv": [0, 0]
          },
          {
            "origin": [-0.5, 7.5, 4],
            "size": [0, 10, 16],
            "uv": [0, 35]
          }
        ]
      }
    ]
  }
}