{
  "format_version": "1.10.0",
  "geometry.model": {
    "texturewidth": 128,
    "textureheight": 128,
    "visible_bounds_width": 3,
    "visible_bounds_height": 2,
    "visible_bounds_offset": [0, 1, 0],
    "bones": [
      {
        "name": "bone",
        "pivot": [0, 0, 0],
        "cubes": [
          {"origin": [-12, 15, -12], "size": [24, 1, 24], "uv": [0, 0]},
          {"origin": [-6, 14.33905, 5.8109], "size": [2, 1, 1], "uv": [4, 0]},
          {"origin": [4, 14.33905, 5.8109], "size": [2, 1, 1], "uv": [4, 0]},
          {"origin": [-8, 14.33905, -6.8109], "size": [2, 1, 1], "uv": [4, 0]},
          {"origin": [6, 14.33905, -6.8109], "size": [2, 1, 1], "uv": [4, 0]}
        ]
      },
      {
        "name": "bone6",
        "parent": "bone",
        "pivot": [0, 0, 0],
        "cubes": [
          {"origin": [-11, 16, -12], "size": [23, 1, 1], "uv": [0, 25]},
          {"origin": [-12, 16, 11], "size": [23, 1, 1], "uv": [0, 25]}
        ]
      },
      {
        "name": "bone7",
        "parent": "bone",
        "pivot": [0, 0, 0],
        "rotation": [0, -90, 0],
        "cubes": [
          {"origin": [-11, 16, -12], "size": [23, 1, 1], "uv": [0, 25]},
          {"origin": [-12, 16, 11], "size": [23, 1, 1], "uv": [0, 25]}
        ]
      },
      {
        "name": "bone2",
        "parent": "bone",
        "pivot": [0, 8, 0],
        "rotation": [40, 0, 0],
        "cubes": [
          {"origin": [-8, -2, -0.5], "size": [1, 20, 1], "uv": [0, 0]},
          {"origin": [-7, 2, -0.5], "size": [14, 1, 1], "uv": [0, 33]},
          {"origin": [7, -2, -0.5], "size": [1, 20, 1], "uv": [0, 0]}
        ]
      },
      {
        "name": "bone3",
        "parent": "bone",
        "pivot": [0, 8, 0],
        "rotation": [-40, 0, 0],
        "cubes": [
          {"origin": [-7, -2, -0.5], "size": [1, 16, 1], "uv": [4, 6]},
          {"origin": [-6, 11, -0.5], "size": [1, 7, 1], "uv": [8, 8]},
          {"origin": [-7, 13, -1.5], "size": [2, 1, 1], "uv": [4, 0]},
          {"origin": [5, 13, -1.5], "size": [2, 1, 1], "uv": [4, 0]},
          {"origin": [5, 11, -0.5], "size": [1, 7, 1], "uv": [8, 8]},
          {"origin": [-6, 3, -0.5], "size": [12, 1, 1], "uv": [30, 33]},
          {"origin": [-4.63397, 9.63397, -0.5], "size": [1, 1, 1], "uv": [8, 2]},
          {"origin": [-4.36603, 9.63397, -0.5], "size": [9, 1, 1], "uv": [4, 4]},
          {"origin": [6, -2, -0.5], "size": [1, 16, 1], "uv": [4, 6]}
        ]
      },
      {
        "name": "bone4",
        "parent": "bone3",
        "pivot": [0.5, -2, -0.5],
        "rotation": [0, 0, -30],
        "cubes": [
          {"origin": [1.37083, 11.50833, -0.5], "size": [1, 1, 1], "uv": [8, 2]},
          {"origin": [9.89711, 6.00833, -0.5], "size": [1, 1, 1], "uv": [8, 2]}
        ]
      },
      {
        "name": "bone5",
        "parent": "bone3",
        "pivot": [0.5, -2, -0.5],
        "rotation": [0, 0, 30],
        "cubes": [
          {"origin": [-10.76314, 5.50833, -0.5], "size": [1, 1, 1], "uv": [8, 2]},
          {"origin": [-2.23686, 11.00833, -0.5], "size": [1, 1, 1], "uv": [8, 2]}
        ]
      },
      {
        "name": "bone8",
        "pivot": [0, 0, 0],
        "cubes": [
          {"origin": [-7, 16, -10], "size": [14, 2, 1], "uv": [30, 30]},
          {"origin": [-7, 16, 9], "size": [14, 2, 1], "uv": [0, 30]}
        ]
      },
      {
        "name": "bone9",
        "parent": "bone8",
        "pivot": [0, 0, 0],
        "rotation": [0, -10, 0],
        "cubes": [
          {"origin": [-10.4, 16, -7.6], "size": [16, 1, 2], "uv": [0, 27]},
          {"origin": [-10.6, 17, -7.4], "size": [16, 1, 2], "uv": [0, 27]}
        ]
      },
      {
        "name": "bone10",
        "parent": "bone8",
        "pivot": [0, 0, 0],
        "rotation": [0, 170, 0],
        "cubes": [
          {"origin": [-10.4, 16, -7.6], "size": [16, 1, 2], "uv": [0, 27]},
          {"origin": [-10.6, 17, -7.4], "size": [16, 1, 2], "uv": [0, 27]}
        ]
      },
      {
        "name": "bone11",
        "pivot": [0, 0, 0],
        "rotation": [0, -90, 0],
        "cubes": [
          {"origin": [-7, 16, -10], "size": [14, 2, 1], "uv": [30, 30]},
          {"origin": [-7, 16, 9], "size": [14, 2, 1], "uv": [0, 30]}
        ]
      },
      {
        "name": "bone12",
        "parent": "bone11",
        "pivot": [0, 0, 0],
        "rotation": [0, -10, 0],
        "cubes": [
          {"origin": [-10.4, 16, -7.6], "size": [16, 1, 2], "uv": [0, 27]},
          {"origin": [-10.6, 17, -7.4], "size": [16, 1, 2], "uv": [0, 27]}
        ]
      },
      {
        "name": "bone13",
        "parent": "bone11",
        "pivot": [0, 0, 0],
        "rotation": [0, 170, 0],
        "cubes": [
          {"origin": [-10.4, 16, -7.6], "size": [16, 1, 2], "uv": [0, 27]},
          {"origin": [-10.6, 17, -7.4], "size": [16, 1, 2], "uv": [0, 27]}
        ]
      },
      {
        "name": "bone14",
        "pivot": [0, 0, 0],
        "cubes": [
          {"origin": [-1, 16, 0], "size": [1, 1, 1], "uv": [4, 2]},
          {"origin": [0, 16, -2], "size": [1, 1, 1], "uv": [4, 2]}
        ]
      }
    ]
  }
}