{
  "format_version": "1.10.0",
  "geometry.model": {
    "texturewidth": 128,
    "textureheight": 128,
    "visible_bounds_width": 4,
    "visible_bounds_height": 2,
    "visible_bounds_offset": [0, 1, 0],
    "bones": [
      {
        "name": "head",
        "pivot": [0, 18, 0],
        "cubes": [
          {"origin": [-4, 18, -4], "size": [8, 8, 8], "uv": [36, 0]}
        ]
      },
      {
        "name": "hat",
        "parent": "head",
        "pivot": [0, 26, 0],
        "cubes": [
          {"origin": [-2.5, 25.5, -2.5], "size": [5, 1, 5], "uv": [68, 0]},
          {"origin": [-3.5, 26, -2.5], "size": [1, 1, 5], "uv": [88, 0]},
          {"origin": [-2.5, 26, -3.5], "size": [5, 1, 1], "uv": [100, 0]},
          {"origin": [2.5, 26, -2.5], "size": [1, 1, 5], "uv": [112, 0]},
          {"origin": [-2.5, 26, 2.5], "size": [5, 1, 1], "uv": [100, 2]},
          {"origin": [-2.5, 27, -2.5], "size": [5, 1, 5], "uv": [68, 6]},
          {"origin": [-3, 27, -1.5], "size": [1, 1, 3], "uv": [88, 8]},
          {"origin": [2, 27, -1.5], "size": [1, 1, 3], "uv": [96, 8]},
          {"origin": [-1.5, 27, -3], "size": [3, 1, 1], "uv": [88, 6]},
          {"origin": [-1.5, 27, 2], "size": [3, 1, 1], "uv": [96, 6]},
          {"origin": [-2, 28, -2], "size": [4, 1, 4], "uv": [68, 12]},
          {"origin": [-1, 28, -2.5], "size": [2, 1, 1], "uv": [84, 12]},
          {"origin": [-1, 28, 1.5], "size": [2, 1, 1], "uv": [90, 12]},
          {"origin": [-2.5, 28, -1], "size": [1, 1, 2], "uv": [84, 14]},
          {"origin": [1.5, 27.5, -1], "size": [1, 1, 2], "uv": [90, 14]},
          {"origin": [-1.5, 29, -1], "size": [3, 1, 3], "uv": [68, 17]},
          {"origin": [-1, 29, -1.5], "size": [2, 1, 1], "uv": [80, 17]},
          {"origin": [-1, 29, 1.5], "size": [2, 1, 1], "uv": [80, 19]},
          {"origin": [-2, 29, -0.5], "size": [1, 1, 2], "uv": [86, 17]},
          {"origin": [1, 29, -0.5], "size": [1, 1, 2], "uv": [92, 17]},
          {"origin": [-1, 30, -0.25], "size": [2, 1, 2], "uv": [98, 12]},
          {"origin": [-0.75, 31, 0.625], "size": [1, 1, 1], "uv": [102, 19]},
          {"origin": [-4, 25.25, -4], "size": [8, 1, 8], "uv": [68, 21]},
          {"origin": [-4, 25.25, -4.002], "size": [8, 1, 0], "uv": [68, 30]},
          {"origin": [-4, 25.25, 4.001], "size": [8, 1, 0], "uv": [68, 31]},
          {"origin": [4.001, 25.25, -4], "size": [0, 1, 8], "uv": [106, 6]},
          {"origin": [-4.001, 25.25, -4], "size": [0, 1, 8], "uv": [106, 15]},
          {"origin": [0.5, 30, 0.25], "size": [1, 1, 1], "uv": [98, 17]},
          {"origin": [-1.5, 30, 0.25], "size": [1, 1, 1], "uv": [98, 19]},
          {"origin": [-0.5, 30, -0.75], "size": [1, 1, 1], "uv": [102, 15]},
          {"origin": [-0.5, 30, 1.25], "size": [1, 1, 1], "uv": [102, 17]},
          {"origin": [-0.25, 31, 0.625], "size": [1, 1, 1], "uv": [98, 15]},
          {"origin": [-0.75, 31, 0], "size": [1, 1, 1], "uv": [100, 24]},
          {"origin": [-0.25, 31, 0], "size": [1, 1, 1], "uv": [100, 26]},
          {"origin": [-0.5, 31.75, 0.75], "size": [1, 1, 1], "uv": [100, 28]}
        ]
      },
      {
        "name": "hatFront",
        "parent": "hat",
        "pivot": [0, 26.25, -4],
        "rotation": [30, 0, 0],
        "cubes": [
          {"origin": [-0.5, 25.25, -4], "size": [1, 1, 1], "uv": [0, 0]}
        ]
      },
      {
        "name": "bone3",
        "parent": "hatFront",
        "pivot": [0, 26.25, -4],
        "rotation": [0, 0, 45],
        "cubes": [
          {"origin": [-2, 23.25, -4], "size": [5, 5, 1], "uv": [18, 10]}
        ]
      },
      {
        "name": "hatRight",
        "parent": "hat",
        "pivot": [-4, 26, 0],
        "rotation": [30, 0, -20],
        "cubes": [
          {"origin": [-4, 24, -3.5], "size": [1, 4, 7], "uv": [106, 24]}
        ]
      },
      {
        "name": "hatLeft",
        "parent": "hat",
        "pivot": [4, 26, 0],
        "rotation": [30, 0, 20],
        "cubes": [
          {"origin": [3, 24, -3.5], "size": [1, 4, 7], "uv": [106, 35]}
        ]
      },
      {
        "name": "headFront",
        "parent": "head",
        "pivot": [0, 25.25, -4],
        "rotation": [-30, 0, 0],
        "cubes": [
          {"origin": [-4, 24.25, -4], "size": [8, 1, 1], "uv": [84, 30]}
        ]
      },
      {
        "name": "bone4",
        "parent": "headFront",
        "pivot": [0, 24.25, -4],
        "rotation": [30, 0, 0],
        "cubes": [
          {"origin": [-4, 22.25, -4], "size": [3, 2, 1], "uv": [68, 32]},
          {"origin": [0, 22.25, -4], "size": [4, 2, 1], "uv": [76, 32]},
          {"origin": [-1, 23.25, -4], "size": [2, 1, 1], "uv": [68, 35]},
          {"origin": [-3.5, 21.25, -4], "size": [1, 1, 1], "uv": [74, 35]},
          {"origin": [2.5, 21.25, -4], "size": [1, 1, 1], "uv": [78, 35]}
        ]
      },
      {
        "name": "hairFrontRight",
        "parent": "head",
        "pivot": [-4, 19, -4],
        "rotation": [-10, 0, 0],
        "cubes": [
          {"origin": [-4, 15, -4], "size": [1, 4, 1], "uv": [88, 32]}
        ]
      },
      {
        "name": "hairFrontLeft",
        "parent": "head",
        "pivot": [4, 19, -4],
        "rotation": [-10, 0, 0],
        "cubes": [
          {"origin": [3, 15, -4], "size": [1, 4, 1], "uv": [84, 32]}
        ]
      },
      {
        "name": "hairBack",
        "parent": "head",
        "pivot": [0, 18, 4],
        "rotation": [10, 0, 0],
        "cubes": [
          {"origin": [-4, 14, 4], "size": [8, 4, 0], "uv": [66, 76]}
        ]
      },
      {
        "name": "blink",
        "parent": "head",
        "pivot": [0, 18, 0],
        "cubes": [
          {"origin": [-4, 18, -4.001], "size": [8, 8, 0], "uv": [54, 88]}
        ]
      },
      {
        "name": "armRight",
        "pivot": [-3, 17.5, 0],
        "rotation": [0, 0, 25],
        "cubes": [
          {"origin": [-4.5, 7.5, -1], "size": [2, 8, 2], "uv": [20, 95]},
          {"origin": [-5, 8, -1.5], "size": [3, 8, 3], "uv": [36, 16]}
        ]
      },
      {
        "name": "armLeft",
        "pivot": [3, 17.5, 0],
        "rotation": [0, 0, -25],
        "cubes": [
          {"origin": [2.5, 7.5, -1], "size": [2, 8, 2], "uv": [12, 95]},
          {"origin": [2, 8, -1.5], "size": [3, 8, 3], "uv": [48, 16]}
        ]
      },
      {
        "name": "body",
        "pivot": [0, 10.5, 0],
        "cubes": [
          {"origin": [-3, 12, -3], "size": [6, 6, 6], "uv": [0, 27]},
          {"origin": [-3.5, 11, -3.5], "size": [7, 2, 7], "uv": [36, 27]},
          {"origin": [-4.5, 8, -4.5], "size": [9, 2, 9], "uv": [36, 37]},
          {"origin": [-5, 3.5, -5], "size": [10, 5, 10], "uv": [46, 61]},
          {"origin": [-4, 10, -4], "size": [8, 1, 8], "uv": [72, 37]},
          {"origin": [-4.5, 6, -4.5], "size": [9, 2, 9], "uv": [0, 47]},
          {"origin": [-3.5, 4, -3], "size": [7, 2, 5], "uv": [0, 58]},
          {"origin": [-2.5, 4, -4], "size": [5, 2, 1], "uv": [4, 39]},
          {"origin": [-2.5, 4, 2], "size": [5, 2, 1], "uv": [4, 42]},
          {"origin": [2.5, 5, -3.5], "size": [1, 1, 1], "uv": [4, 45]},
          {"origin": [-3.5, 5, -3.5], "size": [1, 1, 1], "uv": [8, 45]},
          {"origin": [2.5, 5, 2.5], "size": [1, 1, 1], "uv": [12, 45]},
          {"origin": [-3.5, 5, 2.5], "size": [1, 1, 1], "uv": [16, 45]},
          {"origin": [-3.5, 5, -4.5], "size": [7, 1, 1], "uv": [16, 39]},
          {"origin": [-3.5, 5, 3.5], "size": [7, 1, 1], "uv": [16, 41]},
          {"origin": [-4, 5, -3.5], "size": [1, 1, 7], "uv": [0, 65]},
          {"origin": [3, 5, -3.5], "size": [1, 1, 7], "uv": [0, 73]},
          {"origin": [-3, 3, -2.5], "size": [6, 1, 4], "uv": [16, 65]},
          {"origin": [-2, 3, -3.5], "size": [4, 1, 1], "uv": [16, 43]},
          {"origin": [-2, 3, 1.5], "size": [4, 1, 1], "uv": [26, 43]},
          {"origin": [-2.5, 1, -1.5], "size": [5, 3, 3], "uv": [16, 70]},
          {"origin": [-2, 1, -2.5], "size": [4, 2, 1], "uv": [24, 58]},
          {"origin": [-2, 0, 1.5], "size": [4, 3, 1], "uv": [24, 61]},
          {"origin": [-1.5, 0, 2.5], "size": [3, 3, 1], "uv": [16, 76]},
          {"origin": [-1.5, -0.5, 0], "size": [3, 1, 3], "uv": [24, 76]},
          {"origin": [-1, 0, 3.5], "size": [2, 2, 3], "uv": [36, 61]},
          {"origin": [-1, 1.5, 3.5], "size": [2, 1, 2], "uv": [36, 66]},
          {"origin": [-1, -0.5, 2.5], "size": [2, 1, 3], "uv": [36, 69]},
          {"origin": [-1, -1, 1.5], "size": [2, 1, 3], "uv": [36, 73]},
          {"origin": [-0.5, 0.5, 6.5], "size": [1, 1, 1], "uv": [32, 39]},
          {"origin": [-0.5, 1, 7.5], "size": [1, 1, 1], "uv": [32, 41]},
          {"origin": [-2, 2, -3], "size": [4, 1, 1], "uv": [36, 77]},
          {"origin": [-2, 0, -1.5], "size": [4, 1, 3], "uv": [36, 57]}
        ]
      },
      {
        "name": "bodyTie",
        "parent": "body",
        "pivot": [0, 17.75, -3],
        "cubes": [
          {"origin": [-0.5, 16.75, -3.5], "size": [1, 1, 1], "uv": [0, 39]}
        ]
      },
      {
        "name": "bodyTieRight",
        "parent": "bodyTie",
        "pivot": [0.5, 17, -3],
        "rotation": [-10, 0, 15],
        "cubes": [
          {"origin": [-0.5, 15, -3.5], "size": [1, 2, 1], "uv": [0, 41]}
        ]
      },
      {
        "name": "bodyTieLeft",
        "parent": "bodyTie",
        "pivot": [-0.5, 17, -3],
        "rotation": [-10, 0, -15],
        "cubes": [
          {"origin": [-0.5, 15, -3.5], "size": [1, 2, 1], "uv": [0, 44]}
        ]
      },
      {
        "name": "clothLeft",
        "parent": "body",
        "pivot": [3, 18, 0],
        "rotation": [0, 0, 15],
        "cubes": [
          {"origin": [3, 14, -3.001], "size": [3, 4, 6], "uv": [0, 0]},
          {"origin": [3, 14, 3.001], "size": [2, 1, 0], "uv": [18, 8]}
        ]
      },
      {
        "name": "clothFrontLeft",
        "parent": "clothLeft",
        "pivot": [3, 14, -4],
        "rotation": [0, 0, 35],
        "cubes": [
          {"origin": [2, 14, -3.001], "size": [1, 1, 0], "uv": [18, 9]},
          {"origin": [2, 14, 3.001], "size": [1, 1, 0], "uv": [24, 9]}
        ]
      },
      {
        "name": "clothRight",
        "parent": "body",
        "pivot": [-3, 18, 0],
        "rotation": [0, 0, -15],
        "cubes": [
          {"origin": [-6, 14, -3.001], "size": [3, 4, 6], "uv": [0, 10]},
          {"origin": [-5, 14, 3.001], "size": [2, 1, 0], "uv": [22, 8]}
        ]
      },
      {
        "name": "clothFrontRight",
        "parent": "clothRight",
        "pivot": [-3, 14, -3],
        "rotation": [0, 0, -35],
        "cubes": [
          {"origin": [-3, 14, -3.001], "size": [1, 1, 0], "uv": [20, 9]},
          {"origin": [-3, 14, 3.001], "size": [1, 1, 0], "uv": [22, 9]}
        ]
      },
      {
        "name": "clothFront",
        "parent": "body",
        "pivot": [0, 14.5, -3],
        "cubes": [
          {"origin": [-1, 12.9, -3], "size": [1, 1, 1], "uv": [0, 0]}
        ]
      },
      {
        "name": "bone",
        "parent": "clothFront",
        "pivot": [0, 14.5, -3],
        "rotation": [0, 0, -45],
        "cubes": [
          {"origin": [-1.7883, 12.7117, -3.002], "size": [4, 4, 0], "uv": [18, 0]}
        ]
      },
      {
        "name": "clothBack",
        "parent": "body",
        "pivot": [0, 14.5, -3]
      },
      {
        "name": "bone2",
        "parent": "clothBack",
        "pivot": [0, 14.5, -3],
        "rotation": [0, 0, -45],
        "cubes": [
          {"origin": [-1.7883, 12.7117, 3.002], "size": [4, 4, 0], "uv": [18, 4]}
        ]
      },
      {
        "name": "skirtLeft",
        "parent": "body",
        "pivot": [4, 11, 0],
        "rotation": [0, 0, -30],
        "cubes": [
          {"origin": [3, 9, -3], "size": [1, 2, 6], "uv": [76, 46]},
          {"origin": [3, 8.5, -2.5], "size": [1, 1, 5], "uv": [77, 54]}
        ]
      },
      {
        "name": "skirtRight",
        "parent": "body",
        "pivot": [-4, 11, 0],
        "rotation": [0, 0, 30],
        "cubes": [
          {"origin": [-4, 9, -3], "size": [1, 2, 6], "uv": [76, 46]},
          {"origin": [-4, 8.5, -2.5], "size": [1, 1, 5], "uv": [77, 54]}
        ]
      },
      {
        "name": "wingLeft",
        "pivot": [1, 13, 3],
        "rotation": [0, 80, 0],
        "cubes": [
          {"origin": [1, 13, 4], "size": [0, 13, 18], "uv": [90, 77]},
          {"origin": [1, 13, 3], "size": [0, 3, 1], "uv": [36, 48]}
        ]
      },
      {
        "name": "wingLeftTop",
        "parent": "wingLeft",
        "pivot": [1, 16, 4],
        "rotation": [-25, 0, 0],
        "cubes": [
          {"origin": [0.5, 16, 4], "size": [1, 10, 1], "uv": [46, 76]}
        ]
      },
      {
        "name": "wingLeftTop2",
        "parent": "wingLeftTop",
        "pivot": [1, 24, 4],
        "rotation": [-50, 0, 0],
        "cubes": [
          {"origin": [0.5, 24, 4], "size": [1, 11, 1], "uv": [46, 87]}
        ]
      },
      {
        "name": "wingLeftTop3",
        "parent": "wingLeftTop2",
        "pivot": [1, 35, 4],
        "rotation": [75, 0, 0],
        "cubes": [
          {"origin": [0.5, 34, 4], "size": [1, 1, 5], "uv": [54, 76]}
        ]
      },
      {
        "name": "wingRight",
        "pivot": [-1, 13, 3],
        "rotation": [0, -80, 0],
        "cubes": [
          {"origin": [-1, 13, 4], "size": [0, 13, 18], "uv": [90, 46]},
          {"origin": [-1, 13, 3], "size": [0, 3, 1], "uv": [0, 0]}
        ]
      },
      {
        "name": "wingRightTop",
        "parent": "wingRight",
        "pivot": [-1, 16, 4],
        "rotation": [-25, 0, 0],
        "cubes": [
          {"origin": [-1.5, 16, 4], "size": [1, 10, 1], "uv": [50, 76]}
        ]
      },
      {
        "name": "wingRightTop2",
        "parent": "wingRightTop",
        "pivot": [-1, 24, 4],
        "rotation": [-50, 0, 0],
        "cubes": [
          {"origin": [-1.5, 24, 4], "size": [1, 11, 1], "uv": [50, 87]}
        ]
      },
      {
        "name": "wingRightTop3",
        "parent": "wingRightTop2",
        "pivot": [-1, 35, 4],
        "rotation": [75, 0, 0],
        "cubes": [
          {"origin": [-1.5, 34, 4], "size": [1, 1, 5], "uv": [54, 82]}
        ]
      }
    ]
  }
}