{
  "format_version": "1.10.0",
  "geometry.model": {
    "texturewidth": 128,
    "textureheight": 128,
    "visible_bounds_width": 2,
    "visible_bounds_height": 2,
    "visible_bounds_offset": [0, 1, 0],
    "bones": [
      {
        "name": "head",
        "pivot": [0, 18, 0],
        "cubes": [
          {"origin": [-4, 18, -4], "size": [8, 8, 8], "uv": [40, 0]}
        ]
      },
      {
        "name": "blink",
        "parent": "head",
        "pivot": [0, 0, 0],
        "cubes": [
          {"origin": [-4, 18, -4.001], "size": [8, 8, 0], "uv": [72, 52]}
        ]
      },
      {
        "name": "hat",
        "parent": "head",
        "pivot": [0, 28, 0],
        "cubes": [
          {"origin": [-1.5, 26, -1.5], "size": [3, 2, 3], "uv": [0, 2]}
        ]
      },
      {
        "name": "hatFront",
        "parent": "hat",
        "pivot": [0, 28, -1.5],
        "rotation": [15, 0, 0],
        "cubes": [
          {"origin": [-1.5, 25, -3.5], "size": [3, 3, 2], "uv": [0, 7]},
          {"origin": [-2, 25.8, -5.5], "size": [4, 1, 3], "uv": [12, 12]},
          {"origin": [-1.5, 25.8, -6.4], "size": [3, 1, 1], "uv": [28, 0]}
        ]
      },
      {
        "name": "hatFrontR",
        "parent": "hatFront",
        "pivot": [-2, 27, -5.5],
        "rotation": [0, -30, 0],
        "cubes": [
          {"origin": [-2, 25.8, -6.5], "size": [1, 1, 1], "uv": [20, 0]}
        ]
      },
      {
        "name": "hatFrontL",
        "parent": "hatFront",
        "pivot": [2, 27, -5.5],
        "rotation": [0, 30, 0],
        "cubes": [
          {"origin": [1, 25.8, -6.5], "size": [1, 1, 1], "uv": [24, 0]}
        ]
      },
      {
        "name": "star1",
        "parent": "hatFront",
        "pivot": [0, 27.375, -3.5],
        "rotation": [0, 0, -22.5],
        "cubes": [
          {"origin": [-0.5, 26.825, -3.75], "size": [1, 1, 1], "uv": [30, 3]}
        ]
      },
      {
        "name": "star2",
        "parent": "hatFront",
        "pivot": [0, 27.375, -3.5],
        "rotation": [0, 0, 22.5],
        "cubes": [
          {"origin": [-0.5, 26.825, -3.75], "size": [1, 1, 1], "uv": [30, 3]}
        ]
      },
      {
        "name": "hatBack",
        "parent": "hat",
        "pivot": [0, 28, 1.5],
        "rotation": [-15, 0, 0],
        "cubes": [
          {"origin": [-1.5, 25, 1.5], "size": [3, 3, 2], "uv": [0, 12]}
        ]
      },
      {
        "name": "hatLeft",
        "parent": "hat",
        "pivot": [1.5, 28, 0],
        "rotation": [0, 0, 15],
        "cubes": [
          {"origin": [1.5, 25, -1.5], "size": [2, 3, 3], "uv": [0, 17]}
        ]
      },
      {
        "name": "hatRight",
        "parent": "hat",
        "pivot": [-1.5, 28, 0],
        "rotation": [0, 0, -15],
        "cubes": [
          {"origin": [-3.5, 25, -1.5], "size": [2, 3, 3], "uv": [10, 17]}
        ]
      },
      {
        "name": "hatFrontRight",
        "parent": "hat",
        "pivot": [-1.5, 28, -1.5],
        "rotation": [15, 0, -15],
        "cubes": [
          {"origin": [-3.5, 25, -3.5], "size": [2, 3, 2], "uv": [12, 2]}
        ]
      },
      {
        "name": "hatFrontLeft",
        "parent": "hat",
        "pivot": [1.5, 28, -1.5],
        "rotation": [15, 0, 15],
        "cubes": [
          {"origin": [1.5, 25, -3.5], "size": [2, 3, 2], "uv": [12, 7]}
        ]
      },
      {
        "name": "hatBackLeft",
        "parent": "hat",
        "pivot": [1.5, 28, 1.5],
        "rotation": [-15, 0, 15],
        "cubes": [
          {"origin": [1.5, 25, 1.5], "size": [2, 3, 2], "uv": [20, 2]}
        ]
      },
      {
        "name": "hatBackRight",
        "parent": "hat",
        "pivot": [-1.5, 28, 1.5],
        "rotation": [-15, 0, -15],
        "cubes": [
          {"origin": [-3.5, 25, 1.5], "size": [2, 3, 2], "uv": [20, 7]}
        ]
      },
      {
        "name": "Magic",
        "parent": "hat",
        "pivot": [0, 25, -4.001],
        "cubes": [
          {"origin": [-1, 21.5, -4.006], "size": [2, 4, 0], "uv": [28, 14]},
          {"origin": [-0.75, 21.75, -4.008], "size": [1.5, 4, 1], "uv": [31, 8]}
        ]
      },
      {
        "name": "ling1",
        "parent": "Magic",
        "pivot": [0, 25, -4.003],
        "rotation": [0, 0, 45],
        "cubes": [
          {"origin": [-0.25, 24.25, -4.01], "size": [0.25, 0.75, 1], "uv": [22, 18]},
          {"origin": [-0.25, 25, -4.01], "size": [1, 0.25, 1], "uv": [21, 19]},
          {"origin": [0.125, 24.625, -4.01], "size": [0.5, 0.25, 1], "uv": [22, 19]},
          {"origin": [0.625, 24.125, -4.01], "size": [0.25, 0.75, 1], "uv": [22, 19]},
          {"origin": [0.5, 24.125, -4.01], "size": [0.5, 0.25, 1], "uv": [22, 19]},
          {"origin": [0.875, 23.375, -4.01], "size": [0.25, 0.5, 1], "uv": [22, 20]},
          {"origin": [1.375, 22.75, -4.01], "size": [0.25, 0.5, 1], "uv": [23, 19]},
          {"origin": [1.375, 23, -4.01], "size": [0.5, 0.25, 1], "uv": [23, 19]}
        ]
      },
      {
        "name": "ling2",
        "parent": "Magic",
        "pivot": [0, 24.25, -4.004],
        "cubes": [
          {"origin": [-0.5, 24.25, -4.01], "size": [1, 0.25, 1], "uv": [22, 18]},
          {"origin": [-0.625, 22.75, -4.01], "size": [0.75, 0.25, 1], "uv": [22, 20]},
          {"origin": [-0.375, 22, -4.01], "size": [0.25, 1.25, 1], "uv": [24, 19]},
          {"origin": [0, 22.25, -4.01], "size": [0.25, 1, 1], "uv": [23, 20]},
          {"origin": [0.375, 22.25, -4.01], "size": [0.25, 0.75, 1], "uv": [23, 20]},
          {"origin": [0.125, 23, -4.01], "size": [0.5, 0.25, 1], "uv": [23, 20]},
          {"origin": [0.125, 22.25, -4.01], "size": [0.5, 0.25, 1], "uv": [23, 20]}
        ]
      },
      {
        "name": "armRight",
        "pivot": [-3, 17.5, 0],
        "rotation": [0, 0, 25],
        "cubes": [
          {"origin": [-4.5, 9, -1], "size": [2, 8, 2], "uv": [0, 52]}
        ]
      },
      {
        "name": "armLeft",
        "pivot": [3, 17.5, 0],
        "rotation": [0, 0, -25],
        "cubes": [
          {"origin": [2.5, 9, -1], "size": [2, 8, 2], "uv": [36, 40]}
        ]
      },
      {
        "name": "body",
        "pivot": [0, 10.5, 0],
        "cubes": [
          {"origin": [-3, 13, -3], "size": [6, 5, 6], "uv": [32, 16]},
          {"origin": [-2, 17.5, -3.5], "size": [4, 1, 7], "uv": [46, 52]},
          {"origin": [-3.5, 11, -3.5], "size": [7, 2, 7], "uv": [0, 62]},
          {"origin": [-4, 9, -4], "size": [8, 2, 8], "uv": [0, 71]},
          {"origin": [-4.5, 7, -4.5], "size": [9, 2, 9], "uv": [0, 81]},
          {"origin": [-4.75, 7, -2], "size": [1, 1, 1], "uv": [0, 0]},
          {"origin": [3.75, 7, -2], "size": [1, 1, 1], "uv": [4, 0]},
          {"origin": [-0.5, 16.25, -3.25], "size": [1, 1, 1], "uv": [8, 0]},
          {"origin": [-0.5, 14.75, -3.25], "size": [1, 1, 1], "uv": [12, 0]},
          {"origin": [-0.5, 13.25, -3.25], "size": [1, 1, 1], "uv": [16, 0]}
        ]
      },
      {
        "name": "skirtLace1",
        "parent": "body",
        "pivot": [0, 10, 0],
        "rotation": [0, 0, -10],
        "cubes": [
          {"origin": [-4.5, 9.5, -4.5], "size": [9, 1, 9], "uv": [0, 92]},
          {"origin": [-4.5, 9.5, -4.501], "size": [9, 1, 0], "uv": [0, 102]},
          {"origin": [-4.5, 9.5, 4.501], "size": [9, 1, 0], "uv": [0, 103]}
        ]
      },
      {
        "name": "skirtLace2",
        "parent": "body",
        "pivot": [0, 10, 0],
        "rotation": [0, 0, 10],
        "cubes": [
          {"origin": [-4.5, 9.5, -4.5], "size": [9, 1, 9], "uv": [0, 104]},
          {"origin": [-4.5, 9.5, -4.502], "size": [9, 1, 0], "uv": [0, 114]},
          {"origin": [-4.5, 9.5, 4.502], "size": [9, 1, 0], "uv": [0, 115]}
        ]
      },
      {
        "name": "shawlLeft",
        "parent": "body",
        "pivot": [4, 16.5, 0],
        "rotation": [0, 0, -20],
        "cubes": [
          {"origin": [2.5, 15.5, -3], "size": [3, 3, 6], "uv": [56, 16]},
          {"origin": [2.5, 15.5, -3.001], "size": [3, 3, 0], "uv": [74, 16]},
          {"origin": [2.5, 15.5, 3.001], "size": [3, 3, 0], "uv": [74, 19]}
        ]
      },
      {
        "name": "shawlRight",
        "parent": "body",
        "pivot": [-4, 16.5, 0],
        "rotation": [0, 0, 20],
        "cubes": [
          {"origin": [-5.5, 15.5, -3], "size": [3, 3, 6], "uv": [56, 24]},
          {"origin": [-5.5, 15.5, -3.001], "size": [3, 3, 0], "uv": [74, 25]},
          {"origin": [-5.5, 15.5, 3.001], "size": [3, 3, 0], "uv": [74, 28]}
        ]
      },
      {
        "name": "legLeft",
        "pivot": [2, 9, 0],
        "cubes": [
          {"origin": [0.5, 0, -1.5], "size": [3, 9, 3], "uv": [42, 28]}
        ]
      },
      {
        "name": "legRight",
        "pivot": [-2, 9, 0],
        "cubes": [
          {"origin": [-3.5, 0, -1.5], "size": [3, 9, 3], "uv": [0, 40]}
        ]
      }
    ]
  }
}