{
  "format_version": "1.10.0",
  "geometry.model": {
    "texturewidth": 256,
    "textureheight": 256,
    "visible_bounds_width": 3,
    "visible_bounds_height": 2,
    "visible_bounds_offset": [0, 1, 0],
    "bones": [
      {
        "name": "head",
        "pivot": [0, 18, 0],
        "cubes": [
          {
            "origin": [-4, 18, -4],
            "size": [8, 8, 8],
            "uv": [40, 0]
          }
        ]
      },
      {
        "name": "blink",
        "parent": "head",
        "pivot": [0, 18, 0],
        "cubes": [
          {
            "origin": [-4, 18, -4.001],
            "size": [8, 8, 0],
            "uv": [0, 34]
          }
        ]
      },
      {
        "name": "hat",
        "parent": "head",
        "pivot": [0, 26, 0],
        "cubes": [
          {
            "origin": [-5, 24, -4],
            "size": [10, 2, 8],
            "uv": [0, 94]
          },
          {
            "origin": [-4, 24, -5],
            "size": [8, 2, 1],
            "uv": [0, 104]
          },
          {
            "origin": [-4, 24, 4],
            "size": [8, 2, 1],
            "uv": [18, 104]
          },
          {
            "origin": [-4, 26, -4],
            "size": [8, 2, 8],
            "uv": [36, 94]
          },
          {
            "origin": [-4, 28, -2],
            "size": [8, 1, 4],
            "uv": [0, 107]
          },
          {
            "origin": [-2, 29, -1],
            "size": [4, 1, 2],
            "uv": [36, 104]
          },
          {
            "origin": [-3, 26, -5],
            "size": [6, 1, 1],
            "uv": [48, 104]
          },
          {
            "origin": [-2, 27, -5],
            "size": [4, 1, 1],
            "uv": [48, 106]
          },
          {
            "origin": [-2, 28, 4],
            "size": [4, 1, 1],
            "uv": [62, 104]
          },
          {
            "origin": [-3, 27, 4],
            "size": [6, 1, 1],
            "uv": [58, 106]
          },
          {
            "origin": [4, 26, -3],
            "size": [1, 1, 6],
            "uv": [0, 112]
          },
          {
            "origin": [4, 27, -2],
            "size": [1, 1, 4],
            "uv": [24, 107]
          },
          {
            "origin": [-5, 27, -2],
            "size": [1, 1, 4],
            "uv": [34, 107]
          },
          {
            "origin": [-5, 26, -3],
            "size": [1, 1, 6],
            "uv": [14, 112]
          },
          {
            "origin": [-3, 28, -3],
            "size": [6, 1, 1],
            "uv": [44, 108]
          },
          {
            "origin": [-2, 28, -4],
            "size": [4, 1, 1],
            "uv": [58, 108]
          },
          {
            "origin": [-3, 28, 2],
            "size": [6, 1, 1],
            "uv": [44, 110]
          },
          {
            "origin": [-2, 28, 3],
            "size": [4, 1, 1],
            "uv": [58, 110]
          },
          {
            "origin": [-2, 29, -3],
            "size": [4, 1, 1],
            "uv": [68, 108]
          },
          {
            "origin": [-2, 29, 2],
            "size": [4, 1, 1],
            "uv": [68, 110]
          },
          {
            "origin": [-3, 29, -2],
            "size": [1, 1, 4],
            "uv": [68, 99]
          },
          {
            "origin": [2, 29, -2],
            "size": [1, 1, 4],
            "uv": [68, 94]
          },
          {
            "origin": [-2, 29, -2],
            "size": [4, 1, 1],
            "uv": [68, 108]
          },
          {
            "origin": [-2, 29, 1],
            "size": [4, 1, 1],
            "uv": [68, 110]
          },
          {
            "origin": [-1, 24, -6],
            "size": [2, 2, 1],
            "uv": [78, 94]
          },
          {
            "origin": [-2, 24, -6],
            "size": [1, 1, 1],
            "uv": [78, 97]
          },
          {
            "origin": [1, 24, -6],
            "size": [1, 1, 1],
            "uv": [82, 97]
          },
          {
            "origin": [-2, 29, 3],
            "size": [4, 1, 1],
            "uv": [58, 110]
          }
        ]
      },
      {
        "name": "bubble",
        "parent": "hat",
        "pivot": [0, 26, 0],
        "cubes": [
          {
            "origin": [-4.5, 23.5, -4.5],
            "size": [1, 1, 1],
            "uv": [28, 112]
          },
          {
            "origin": [-2.5, 23.5, -4.5],
            "size": [1, 1, 1],
            "uv": [28, 112]
          },
          {
            "origin": [-0.5, 23.5, -4.5],
            "size": [1, 1, 1],
            "uv": [28, 112]
          },
          {
            "origin": [1.5, 23.5, -4.5],
            "size": [1, 1, 1],
            "uv": [28, 112]
          },
          {
            "origin": [3.5, 23.5, -4.5],
            "size": [1, 1, 1],
            "uv": [28, 112]
          },
          {
            "origin": [-3.5, 23.25, -4.75],
            "size": [1, 1, 1],
            "uv": [28, 112]
          },
          {
            "origin": [-1.5, 23.25, -4.75],
            "size": [1, 1, 1],
            "uv": [28, 112]
          },
          {
            "origin": [2.5, 23.25, -4.75],
            "size": [1, 1, 1],
            "uv": [28, 112]
          },
          {
            "origin": [0.5, 23.25, -4.75],
            "size": [1, 1, 1],
            "uv": [28, 112]
          },
          {
            "origin": [-4.5, 23.5, -2.5],
            "size": [1, 1, 1],
            "uv": [28, 112]
          },
          {
            "origin": [-4.5, 23.5, 1.5],
            "size": [1, 1, 1],
            "uv": [28, 112]
          },
          {
            "origin": [-4.5, 23.5, -0.5],
            "size": [1, 1, 1],
            "uv": [28, 112]
          },
          {
            "origin": [-4.5, 23.5, 3.5],
            "size": [1, 1, 1],
            "uv": [28, 112]
          },
          {
            "origin": [-4.75, 23.25, -3.5],
            "size": [1, 1, 1],
            "uv": [28, 112]
          },
          {
            "origin": [-4.75, 23.25, -1.5],
            "size": [1, 1, 1],
            "uv": [28, 112]
          },
          {
            "origin": [-4.75, 23.25, 0.5],
            "size": [1, 1, 1],
            "uv": [28, 112]
          },
          {
            "origin": [-4.75, 23.25, 2.5],
            "size": [1, 1, 1],
            "uv": [28, 112]
          },
          {
            "origin": [-2.5, 23.5, 3.5],
            "size": [1, 1, 1],
            "uv": [28, 112]
          },
          {
            "origin": [1.5, 23.5, 3.5],
            "size": [1, 1, 1],
            "uv": [28, 112]
          },
          {
            "origin": [-0.5, 23.5, 3.5],
            "size": [1, 1, 1],
            "uv": [28, 112]
          },
          {
            "origin": [3.5, 23.5, 3.5],
            "size": [1, 1, 1],
            "uv": [28, 112]
          },
          {
            "origin": [-3.5, 23.25, 3.75],
            "size": [1, 1, 1],
            "uv": [28, 112]
          },
          {
            "origin": [-1.5, 23.25, 3.75],
            "size": [1, 1, 1],
            "uv": [28, 112]
          },
          {
            "origin": [0.5, 23.25, 3.75],
            "size": [1, 1, 1],
            "uv": [28, 112]
          },
          {
            "origin": [2.5, 23.25, 3.75],
            "size": [1, 1, 1],
            "uv": [28, 112]
          },
          {
            "origin": [3.75, 23.25, -1.5],
            "size": [1, 1, 1],
            "uv": [28, 112]
          },
          {
            "origin": [3.75, 23.25, 0.5],
            "size": [1, 1, 1],
            "uv": [28, 112]
          },
          {
            "origin": [3.75, 23.25, 2.5],
            "size": [1, 1, 1],
            "uv": [28, 112]
          },
          {
            "origin": [3.75, 23.25, -3.5],
            "size": [1, 1, 1],
            "uv": [28, 112]
          },
          {
            "origin": [3.5, 23.5, 1.5],
            "size": [1, 1, 1],
            "uv": [28, 112]
          },
          {
            "origin": [3.5, 23.5, -0.5],
            "size": [1, 1, 1],
            "uv": [28, 112]
          },
          {
            "origin": [3.5, 23.5, -2.5],
            "size": [1, 1, 1],
            "uv": [28, 112]
          }
        ]
      },
      {
        "name": "whaleTail",
        "parent": "hat",
        "pivot": [0, 26, 5],
        "cubes": [
          {
            "origin": [-3, 23, 4],
            "size": [6, 4, 2],
            "uv": [17, 119]
          },
          {
            "origin": [-2, 27, 5],
            "size": [4, 1, 1],
            "uv": [0, 119]
          },
          {
            "origin": [-2, 23, 6],
            "size": [4, 3, 1],
            "uv": [78, 107]
          },
          {
            "origin": [-1, 26, 6],
            "size": [2, 1, 1],
            "uv": [84, 94]
          },
          {
            "origin": [-2, 20, 4],
            "size": [4, 4, 4],
            "uv": [33, 112]
          },
          {
            "origin": [-1, 17, 5],
            "size": [2, 3, 4],
            "uv": [49, 112]
          },
          {
            "origin": [-1, 16, 5],
            "size": [2, 2, 3],
            "uv": [0, 121]
          },
          {
            "origin": [-1, 23, 7],
            "size": [2, 3, 1],
            "uv": [80, 103]
          },
          {
            "origin": [-1, 20, 8],
            "size": [2, 4, 1],
            "uv": [69, 112]
          },
          {
            "origin": [2, 21, 5],
            "size": [1, 3, 2],
            "uv": [78, 111]
          },
          {
            "origin": [-3, 21, 5],
            "size": [1, 3, 2],
            "uv": [78, 111]
          },
          {
            "origin": [1, 18, 5],
            "size": [1, 3, 4],
            "uv": [33, 120]
          },
          {
            "origin": [-2, 18, 5],
            "size": [1, 3, 4],
            "uv": [43, 120]
          },
          {
            "origin": [-1, 19, 9],
            "size": [2, 2, 1],
            "uv": [86, 104]
          },
          {
            "origin": [2, 19, 5],
            "size": [1, 2, 3],
            "uv": [0, 126]
          },
          {
            "origin": [-3, 19, 5],
            "size": [1, 2, 3],
            "uv": [8, 126]
          },
          {
            "origin": [1.001, 17, 5],
            "size": [1, 2, 3],
            "uv": [53, 119]
          },
          {
            "origin": [-2.001, 17, 5],
            "size": [1, 2, 3],
            "uv": [53, 120]
          },
          {
            "origin": [1, 16, 5],
            "size": [1, 1, 2],
            "uv": [61, 118]
          },
          {
            "origin": [-2, 16, 5],
            "size": [1, 1, 2],
            "uv": [61, 118]
          },
          {
            "origin": [2.001, 21, 4.001],
            "size": [2, 4, 2],
            "uv": [0, 131]
          },
          {
            "origin": [-4.001, 21, 4.001],
            "size": [2, 4, 2],
            "uv": [8, 131]
          },
          {
            "origin": [-1, 17, 4],
            "size": [2, 4, 1],
            "uv": [17, 125]
          },
          {
            "origin": [4, 23, 4],
            "size": [1, 2, 1],
            "uv": [17, 130]
          },
          {
            "origin": [-5, 23, 4],
            "size": [1, 2, 1],
            "uv": [17, 130]
          },
          {
            "origin": [2, 18, 5],
            "size": [1, 1, 2],
            "uv": [67, 118]
          },
          {
            "origin": [-3, 18, 5],
            "size": [1, 1, 2],
            "uv": [73, 118]
          }
        ]
      },
      {
        "name": "whaleTail2",
        "parent": "whaleTail",
        "pivot": [0, 16, 6],
        "cubes": [
          {
            "origin": [-1, 15, 5],
            "size": [2, 1, 2],
            "uv": [61, 112]
          },
          {
            "origin": [-1, 14, 5],
            "size": [2, 1, 2],
            "uv": [61, 115]
          }
        ]
      },
      {
        "name": "tailLeft",
        "parent": "whaleTail2",
        "pivot": [0, 14, 6],
        "rotation": [-45, 0, -20],
        "cubes": [
          {
            "origin": [0, 13, 5],
            "size": [1, 2, 2],
            "uv": [23, 125]
          }
        ]
      },
      {
        "name": "tailRight",
        "parent": "whaleTail2",
        "pivot": [0, 14, 6],
        "rotation": [-45, 0, 20],
        "cubes": [
          {
            "origin": [-1, 13, 5],
            "size": [1, 2, 2],
            "uv": [23, 129]
          }
        ]
      },
      {
        "name": "wingLeft",
        "parent": "hat",
        "pivot": [5, 25, -1],
        "cubes": [
          {
            "origin": [5, 25, -1],
            "size": [1, 1, 1],
            "uv": [0, 137]
          }
        ]
      },
      {
        "name": "bone7",
        "parent": "wingLeft",
        "pivot": [5, 26, -1],
        "rotation": [-30, 0, 0],
        "cubes": [
          {
            "origin": [5.001, 26, -1],
            "size": [1, 1, 1],
            "uv": [0, 139]
          }
        ]
      },
      {
        "name": "bone8",
        "parent": "bone7",
        "pivot": [5, 27, -1],
        "rotation": [-20, 0, 0],
        "cubes": [
          {
            "origin": [5.003, 27, -1],
            "size": [1, 1, 1],
            "uv": [0, 141]
          }
        ]
      },
      {
        "name": "bone9",
        "parent": "bone8",
        "pivot": [5, 28, -1],
        "rotation": [-20, 0, 0],
        "cubes": [
          {
            "origin": [5.005, 28, -1],
            "size": [1, 1, 1],
            "uv": [0, 143]
          }
        ]
      },
      {
        "name": "bone10",
        "parent": "bone9",
        "pivot": [6, 29, -1],
        "rotation": [-65, 0, 0],
        "cubes": [
          {
            "origin": [5.007, 29, -1],
            "size": [1, 1, 1],
            "uv": [0, 145]
          }
        ]
      },
      {
        "name": "bone11",
        "parent": "wingLeft",
        "pivot": [6, 25, 0],
        "rotation": [30, 0, 0],
        "cubes": [
          {
            "origin": [5.002, 25, 0],
            "size": [1, 1, 1],
            "uv": [4, 137]
          }
        ]
      },
      {
        "name": "bone14",
        "parent": "bone11",
        "pivot": [6, 25, 1],
        "rotation": [20, 0, 0],
        "cubes": [
          {
            "origin": [5.004, 25, 1],
            "size": [1, 1, 1],
            "uv": [4, 139]
          }
        ]
      },
      {
        "name": "bone15",
        "parent": "bone14",
        "pivot": [6, 25, 2],
        "rotation": [15, 0, 0],
        "cubes": [
          {
            "origin": [5.006, 25, 2],
            "size": [1, 1, 1],
            "uv": [4, 141]
          }
        ]
      },
      {
        "name": "wingRight",
        "parent": "hat",
        "pivot": [-5, 25, -1],
        "cubes": [
          {
            "origin": [-6, 25, -1],
            "size": [1, 1, 1],
            "uv": [0, 137]
          }
        ]
      },
      {
        "name": "bone16",
        "parent": "wingRight",
        "pivot": [5, 26, -1],
        "rotation": [-30, 0, 0],
        "cubes": [
          {
            "origin": [-6.001, 26, -1],
            "size": [1, 1, 1],
            "uv": [0, 139]
          }
        ]
      },
      {
        "name": "bone17",
        "parent": "bone16",
        "pivot": [5, 27, -1],
        "rotation": [-20, 0, 0],
        "cubes": [
          {
            "origin": [-6.003, 27, -1],
            "size": [1, 1, 1],
            "uv": [0, 141]
          }
        ]
      },
      {
        "name": "bone18",
        "parent": "bone17",
        "pivot": [5, 28, -1],
        "rotation": [-20, 0, 0],
        "cubes": [
          {
            "origin": [-6.005, 28, -1],
            "size": [1, 1, 1],
            "uv": [0, 143]
          }
        ]
      },
      {
        "name": "bone19",
        "parent": "bone18",
        "pivot": [6, 29, -1],
        "rotation": [-65, 0, 0],
        "cubes": [
          {
            "origin": [-6.007, 29, -1],
            "size": [1, 1, 1],
            "uv": [0, 145]
          }
        ]
      },
      {
        "name": "bone20",
        "parent": "wingRight",
        "pivot": [6, 25, 0],
        "rotation": [30, 0, 0],
        "cubes": [
          {
            "origin": [-6.002, 25, 0],
            "size": [1, 1, 1],
            "uv": [4, 137]
          }
        ]
      },
      {
        "name": "bone21",
        "parent": "bone20",
        "pivot": [6, 25, 1],
        "rotation": [20, 0, 0],
        "cubes": [
          {
            "origin": [-6.004, 25, 1],
            "size": [1, 1, 1],
            "uv": [4, 139]
          }
        ]
      },
      {
        "name": "bone22",
        "parent": "bone21",
        "pivot": [6, 25, 2],
        "rotation": [15, 0, 0],
        "cubes": [
          {
            "origin": [-6.006, 25, 2],
            "size": [1, 1, 1],
            "uv": [4, 141]
          }
        ]
      },
      {
        "name": "armRight",
        "pivot": [-3, 17.5, 0],
        "rotation": [0, 0, 25],
        "cubes": [
          {
            "origin": [-5, 8.5, -1],
            "size": [2, 8, 2],
            "uv": [64, 66]
          },
          {
            "origin": [-5.5, 9.5, -1.5],
            "size": [3, 8, 3],
            "uv": [52, 66]
          },
          {
            "origin": [-6, 10, -0.5],
            "size": [1, 1, 1],
            "uv": [10, 212]
          }
        ]
      },
      {
        "name": "armLeft",
        "pivot": [3, 17.5, 0],
        "rotation": [0, 0, -25],
        "cubes": [
          {
            "origin": [3, 8.5, -1],
            "size": [2, 8, 2],
            "uv": [14, 76]
          },
          {
            "origin": [2.5, 9.5, -1.5],
            "size": [3, 8, 3],
            "uv": [0, 80]
          },
          {
            "origin": [5, 10, -0.5],
            "size": [1, 1, 1],
            "uv": [10, 210]
          }
        ]
      },
      {
        "name": "body",
        "pivot": [0, 10.5, 0],
        "cubes": [
          {
            "origin": [-3, 13, -3],
            "size": [6, 5, 6],
            "uv": [60, 16]
          },
          {
            "origin": [-2.5, 12, -2.5],
            "size": [5, 6, 5],
            "uv": [84, 16]
          },
          {
            "origin": [-3.5, 8, -2],
            "size": [7, 2, 4],
            "uv": [24, 27]
          },
          {
            "origin": [-5.5, 6, -5.5],
            "size": [11, 1, 11],
            "uv": [108, 0]
          },
          {
            "origin": [-4, 11, -4],
            "size": [8, 3, 8],
            "uv": [13, 46],
            "inflate": -1
          }
        ]
      },
      {
        "name": "skirt",
        "parent": "body",
        "pivot": [-1, 0, -1],
        "cubes": [
          {
            "origin": [-5, 7, -5],
            "size": [10, 1, 10],
            "uv": [0, 0]
          },
          {
            "origin": [-4.5, 8, -4.5],
            "size": [9, 1, 9],
            "uv": [72, 0]
          },
          {
            "origin": [-4, 9, -4],
            "size": [8, 1, 8],
            "uv": [0, 16]
          },
          {
            "origin": [-3.5, 10, -3.5],
            "size": [7, 1, 7],
            "uv": [32, 16]
          },
          {
            "origin": [-3, 11, -3],
            "size": [6, 1, 6],
            "uv": [0, 27]
          }
        ]
      },
      {
        "name": "lace",
        "parent": "body",
        "pivot": [0, 19.5, 0]
      },
      {
        "name": "lacePart1",
        "parent": "lace",
        "pivot": [0, 10, 0],
        "rotation": [0, 0, -65],
        "cubes": [
          {
            "origin": [-7.7144, 12.23315, -2.5],
            "size": [4, 0, 5],
            "uv": [0, 46]
          },
          {
            "origin": [-7.7144, 12.23315, 2.5],
            "size": [4, 1, 2],
            "uv": [0, 91]
          },
          {
            "origin": [-7.7144, 12.23315, -1.5],
            "size": [4, 1, 3],
            "uv": [0, 76]
          },
          {
            "origin": [-7.7144, 12.23315, -4.5],
            "size": [4, 1, 2],
            "uv": [102, 86]
          }
        ]
      },
      {
        "name": "ribbonBottomRight",
        "parent": "lacePart1",
        "pivot": [-3.5, 13.5, 0],
        "rotation": [0, 25, 0],
        "cubes": [
          {
            "origin": [-4, 13, -3.5],
            "size": [1, 1, 7],
            "uv": [0, 161],
            "inflate": -0.25
          },
          {
            "origin": [-4, 13, 3],
            "size": [1, 1, 1],
            "uv": [12, 151],
            "inflate": -0.125
          },
          {
            "origin": [-4, 13, -4],
            "size": [1, 1, 1],
            "uv": [16, 151],
            "inflate": -0.125
          }
        ]
      },
      {
        "name": "ribbonBottomRight2",
        "parent": "lacePart1",
        "pivot": [-3.5, 13.5, 0],
        "rotation": [0, -25, 0],
        "cubes": [
          {
            "origin": [-4, 13, -3.5],
            "size": [1, 1, 7],
            "uv": [16, 161],
            "inflate": -0.25
          },
          {
            "origin": [-4, 13, 3],
            "size": [1, 1, 1],
            "uv": [24, 151],
            "inflate": -0.125
          },
          {
            "origin": [-4, 13, -4],
            "size": [1, 1, 1],
            "uv": [20, 151],
            "inflate": -0.125
          }
        ]
      },
      {
        "name": "sticker3",
        "parent": "lacePart1",
        "pivot": [-1, 13, 0],
        "cubes": [
          {
            "origin": [-3.375, 12, -2.5],
            "size": [4, 3, 5],
            "uv": [0, 194],
            "inflate": -1.375
          }
        ]
      },
      {
        "name": "lacePart2",
        "parent": "lace",
        "pivot": [0, 10, 0],
        "rotation": [0, 180, 65],
        "cubes": [
          {
            "origin": [-7.7144, 12.23315, -2.5],
            "size": [4, 0, 5],
            "uv": [40, 34]
          },
          {
            "origin": [-7.7144, 12.23315, 2.5],
            "size": [4, 1, 2],
            "uv": [90, 86]
          },
          {
            "origin": [-7.7144, 12.23315, -1.5],
            "size": [4, 1, 3],
            "uv": [38, 70]
          },
          {
            "origin": [-7.7144, 12.23315, -4.5],
            "size": [4, 1, 2],
            "uv": [78, 86]
          }
        ]
      },
      {
        "name": "ribbonBottomRight3",
        "parent": "lacePart2",
        "pivot": [-3.5, 13.5, 0],
        "rotation": [0, -25, 0],
        "cubes": [
          {
            "origin": [-4, 13, -3.5],
            "size": [1, 1, 7],
            "uv": [16, 169],
            "inflate": -0.25
          },
          {
            "origin": [-4, 13, 3],
            "size": [1, 1, 1],
            "uv": [20, 153],
            "inflate": -0.125
          },
          {
            "origin": [-4, 13, -4],
            "size": [1, 1, 1],
            "uv": [16, 153],
            "inflate": -0.125
          }
        ]
      },
      {
        "name": "ribbonBottomRight4",
        "parent": "lacePart2",
        "pivot": [-3.5, 13.5, 0],
        "rotation": [0, 25, 0],
        "cubes": [
          {
            "origin": [-4, 13, -3.5],
            "size": [1, 1, 7],
            "uv": [0, 169],
            "inflate": -0.25
          },
          {
            "origin": [-4, 13, 3],
            "size": [1, 1, 1],
            "uv": [12, 153],
            "inflate": -0.125
          },
          {
            "origin": [-4, 13, -4],
            "size": [1, 1, 1],
            "uv": [24, 153],
            "inflate": -0.125
          }
        ]
      },
      {
        "name": "sticker2",
        "parent": "lacePart2",
        "pivot": [-4, 14, -3],
        "cubes": [
          {
            "origin": [-8.75, 11.75, -2.5],
            "size": [4, 3, 5],
            "uv": [0, 186],
            "inflate": -1.375
          }
        ]
      },
      {
        "name": "lace2",
        "parent": "body",
        "pivot": [0, 19.5, 0],
        "rotation": [0, -90, 0]
      },
      {
        "name": "lacePart3",
        "parent": "lace2",
        "pivot": [0, 10, 0],
        "rotation": [0, 0, -65],
        "cubes": [
          {
            "origin": [-7.7144, 12.23315, -2.5],
            "size": [4, 0, 5],
            "uv": [58, 34]
          },
          {
            "origin": [-7.7144, 12.23315, 2.5],
            "size": [4, 1, 2],
            "uv": [66, 86]
          },
          {
            "origin": [-7.7144, 12.23315, -1.5],
            "size": [4, 1, 3],
            "uv": [38, 66]
          },
          {
            "origin": [-7.7144, 12.23315, -4.5],
            "size": [4, 1, 2],
            "uv": [54, 86]
          },
          {
            "origin": [-7.5, 12.75, -2.5],
            "size": [8, 1, 5],
            "uv": [53, 27]
          },
          {
            "origin": [-15, 1.2876, -10],
            "size": [20, 20, 20],
            "uv": [176, 0],
            "inflate": -7.5187
          }
        ]
      },
      {
        "name": "sticker1",
        "parent": "lacePart3",
        "pivot": [-4, 14, -3],
        "rotation": [0, 15, 0],
        "cubes": [
          {
            "origin": [-6, 11.124, -5.25],
            "size": [4, 4, 5],
            "uv": [0, 177],
            "inflate": -1.375
          }
        ]
      },
      {
        "name": "lacePart4",
        "parent": "lace2",
        "pivot": [0, 10, 0],
        "rotation": [0, 180, 65],
        "cubes": [
          {
            "origin": [-7.7144, 12.23315, -2.5],
            "size": [4, 0, 5],
            "uv": [40, 39]
          },
          {
            "origin": [-7.7144, 12.23315, 2.5],
            "size": [4, 1, 2],
            "uv": [42, 86]
          },
          {
            "origin": [-7.7144, 12.23315, -1.5],
            "size": [4, 1, 3],
            "uv": [24, 72]
          },
          {
            "origin": [-7.7144, 12.23315, -4.5],
            "size": [4, 1, 2],
            "uv": [30, 86]
          }
        ]
      },
      {
        "name": "sticker4",
        "parent": "lacePart4",
        "pivot": [-4, 14, -3],
        "cubes": [
          {
            "origin": [-8.75, 11.75, -2.5],
            "size": [4, 3, 5],
            "uv": [0, 202],
            "inflate": -1.375
          }
        ]
      },
      {
        "name": "sticker5",
        "parent": "lacePart4",
        "pivot": [-2, 14, 1],
        "rotation": [0, -20, 0],
        "cubes": [
          {
            "origin": [-4, 11.124, -1],
            "size": [4, 4, 5],
            "uv": [0, 177],
            "inflate": -1.375
          }
        ]
      },
      {
        "name": "sticker6",
        "parent": "lacePart4",
        "pivot": [-4, 14, -2],
        "rotation": [0, 25, 0],
        "cubes": [
          {
            "origin": [-6, 11.124, -4.5],
            "size": [4, 4, 5],
            "uv": [0, 177],
            "inflate": -1.375
          }
        ]
      },
      {
        "name": "bone2",
        "parent": "lace2",
        "pivot": [0, 9, 0],
        "rotation": [0, -45, 0]
      },
      {
        "name": "bone",
        "parent": "bone2",
        "pivot": [0, 9, 0],
        "rotation": [0, 0, -65],
        "cubes": [
          {
            "origin": [-7.49877, 13.13593, -0.54551],
            "size": [2, 0, 1.1],
            "uv": [12, 125]
          }
        ]
      },
      {
        "name": "bone3",
        "parent": "lace2",
        "pivot": [0, 9, 0],
        "rotation": [0, -135, 0]
      },
      {
        "name": "bone4",
        "parent": "bone3",
        "pivot": [0, 9, 0],
        "rotation": [0, 0, -65],
        "cubes": [
          {
            "origin": [-7.49877, 13.13593, -0.55449],
            "size": [2, 0, 1.1],
            "uv": [12, 124]
          }
        ]
      },
      {
        "name": "bone5",
        "parent": "lace2",
        "pivot": [0, 9, 0],
        "rotation": [0, 45, 0]
      },
      {
        "name": "bone6",
        "parent": "bone5",
        "pivot": [0, 9, 0],
        "rotation": [0, 0, -65],
        "cubes": [
          {
            "origin": [-7.49877, 13.13593, -0.55449],
            "size": [2, 0, 1.1],
            "uv": [12, 123]
          }
        ]
      },
      {
        "name": "bone12",
        "parent": "lace2",
        "pivot": [0, 9, 0],
        "rotation": [0, 135, 0]
      },
      {
        "name": "bone13",
        "parent": "bone12",
        "pivot": [0, 9, 0],
        "rotation": [0, 0, -65],
        "cubes": [
          {
            "origin": [-7.49877, 13.13593, -0.55449],
            "size": [2, 0, 1.1],
            "uv": [12, 122]
          }
        ]
      },
      {
        "name": "belt",
        "parent": "body",
        "pivot": [1, 12.5, -3],
        "rotation": [-20, 0, -5],
        "cubes": [
          {
            "origin": [-0.5, 11, -4.25],
            "size": [3, 3, 3],
            "uv": [0, 147],
            "inflate": -0.875
          }
        ]
      },
      {
        "name": "beltLeft",
        "parent": "belt",
        "pivot": [1, 12.5, -3],
        "rotation": [-10, 0, -10],
        "cubes": [
          {
            "origin": [-0.5, 8.5, -4.25],
            "size": [3, 5, 3],
            "uv": [0, 153],
            "inflate": -1
          }
        ]
      },
      {
        "name": "beltRight",
        "parent": "belt",
        "pivot": [1, 12.5, -3],
        "rotation": [-10, 0, 15],
        "cubes": [
          {
            "origin": [-0.5, 8.5, -4.25],
            "size": [3, 5, 3],
            "uv": [0, 153],
            "inflate": -1
          }
        ]
      },
      {
        "name": "breast",
        "parent": "body",
        "pivot": [0, 16.25, -3.25],
        "rotation": [0, 0, 20],
        "cubes": [
          {
            "origin": [-2, 15.25, -3.875],
            "size": [4, 2, 2],
            "uv": [12, 147],
            "inflate": -0.75
          },
          {
            "origin": [-2.5, 15.25, -3.875],
            "size": [2, 2, 2],
            "uv": [24, 147],
            "inflate": -0.625
          },
          {
            "origin": [0.5, 15.25, -3.875],
            "size": [2, 2, 2],
            "uv": [32, 147],
            "inflate": -0.625
          }
        ]
      },
      {
        "name": "breast2",
        "parent": "body",
        "pivot": [0, 16.25, -3.25],
        "rotation": [0, 0, -20],
        "cubes": [
          {
            "origin": [-2, 15.25, -3.876],
            "size": [4, 2, 2],
            "uv": [12, 147],
            "inflate": -0.75
          },
          {
            "origin": [-2.5, 15.25, -3.876],
            "size": [2, 2, 2],
            "uv": [24, 147],
            "inflate": -0.625
          },
          {
            "origin": [0.5, 15.25, -3.876],
            "size": [2, 2, 2],
            "uv": [32, 147],
            "inflate": -0.625
          }
        ]
      },
      {
        "name": "tail",
        "parent": "body",
        "pivot": [0, 11.5, 3]
      },
      {
        "name": "left",
        "parent": "tail",
        "pivot": [0, 11.5, 3],
        "rotation": [0, -20, 10]
      },
      {
        "name": "tailLeft2",
        "parent": "left",
        "pivot": [0, 11.5, 3],
        "cubes": [
          {
            "origin": [0, 10.5, 2.5],
            "size": [1, 1, 1],
            "uv": [0, 210]
          }
        ]
      },
      {
        "name": "tailLeft3",
        "parent": "tailLeft2",
        "pivot": [1, 10.5, 3],
        "rotation": [0, 0, -15],
        "cubes": [
          {
            "origin": [1, 10.5, 2.5],
            "size": [1, 1, 1],
            "uv": [0, 212]
          }
        ]
      },
      {
        "name": "tailLeft4",
        "parent": "tailLeft3",
        "pivot": [2, 10.5, 3],
        "rotation": [0, 0, -15],
        "cubes": [
          {
            "origin": [2, 10.5, 2.5],
            "size": [1, 1, 1],
            "uv": [0, 214]
          }
        ]
      },
      {
        "name": "tailLeft5",
        "parent": "tailLeft4",
        "pivot": [3, 10.5, 3],
        "rotation": [0, 0, -15],
        "cubes": [
          {
            "origin": [3, 10.5, 2.5],
            "size": [1, 1, 1],
            "uv": [0, 216]
          }
        ]
      },
      {
        "name": "tailLeft6",
        "parent": "tailLeft5",
        "pivot": [4, 10.5, 3],
        "rotation": [0, 0, 15],
        "cubes": [
          {
            "origin": [3, 10.5, 2.5],
            "size": [2, 1, 1],
            "uv": [0, 218]
          }
        ]
      },
      {
        "name": "tailLeft7",
        "parent": "left",
        "pivot": [0, 11.5, 3],
        "rotation": [0, 0, 20],
        "cubes": [
          {
            "origin": [0, 11.5, 2.5],
            "size": [2, 1, 1],
            "uv": [4, 210]
          }
        ]
      },
      {
        "name": "tailLeft8",
        "parent": "tailLeft7",
        "pivot": [0, 12.5, 3],
        "rotation": [0, 0, 20],
        "cubes": [
          {
            "origin": [0, 12.5, 2.5],
            "size": [2, 1, 1],
            "uv": [4, 212]
          }
        ]
      },
      {
        "name": "tailLeft9",
        "parent": "tailLeft8",
        "pivot": [0, 13.5, 3],
        "rotation": [0, 0, 20],
        "cubes": [
          {
            "origin": [0, 13.5, 2.5],
            "size": [2, 1, 1],
            "uv": [4, 214]
          }
        ]
      },
      {
        "name": "tailLeft10",
        "parent": "tailLeft9",
        "pivot": [0, 14.5, 3],
        "rotation": [0, 0, 15],
        "cubes": [
          {
            "origin": [0, 14.5, 2.5],
            "size": [2, 1, 1],
            "uv": [4, 217]
          }
        ]
      },
      {
        "name": "tailLeft11",
        "parent": "tailLeft10",
        "pivot": [0, 15.5, 3],
        "rotation": [0, 0, -60],
        "cubes": [
          {
            "origin": [0, 14.5, 2.5],
            "size": [2, 1, 1],
            "uv": [0, 220]
          }
        ]
      },
      {
        "name": "right",
        "parent": "tail",
        "pivot": [0, 11.5, 3],
        "rotation": [0, 20, -10]
      },
      {
        "name": "tailLeft12",
        "parent": "right",
        "pivot": [0, 11.5, 3.5],
        "rotation": [0, 180, 0],
        "cubes": [
          {
            "origin": [0, 10.5, 3.5],
            "size": [1, 1, 1],
            "uv": [0, 210]
          }
        ]
      },
      {
        "name": "tailLeft13",
        "parent": "tailLeft12",
        "pivot": [1, 10.5, 3],
        "rotation": [0, 0, -15],
        "cubes": [
          {
            "origin": [1, 10.5, 3.5],
            "size": [1, 1, 1],
            "uv": [0, 212]
          }
        ]
      },
      {
        "name": "tailLeft14",
        "parent": "tailLeft13",
        "pivot": [2, 10.5, 3],
        "rotation": [0, 0, -15],
        "cubes": [
          {
            "origin": [2, 10.5, 3.5],
            "size": [1, 1, 1],
            "uv": [0, 214]
          }
        ]
      },
      {
        "name": "tailLeft15",
        "parent": "tailLeft14",
        "pivot": [3, 10.5, 3],
        "rotation": [0, 0, -15],
        "cubes": [
          {
            "origin": [3, 10.5, 3.5],
            "size": [1, 1, 1],
            "uv": [0, 216]
          }
        ]
      },
      {
        "name": "tailLeft16",
        "parent": "tailLeft15",
        "pivot": [4, 10.5, 3],
        "rotation": [0, 0, 15],
        "cubes": [
          {
            "origin": [3, 10.5, 3.5],
            "size": [2, 1, 1],
            "uv": [0, 218]
          }
        ]
      },
      {
        "name": "tailLeft17",
        "parent": "right",
        "pivot": [0, 11.5, 3.5],
        "rotation": [0, 180, -20],
        "cubes": [
          {
            "origin": [0, 11.5, 3.5],
            "size": [2, 1, 1],
            "uv": [4, 210]
          }
        ]
      },
      {
        "name": "tailLeft18",
        "parent": "tailLeft17",
        "pivot": [0, 12.5, 3],
        "rotation": [0, 0, 20],
        "cubes": [
          {
            "origin": [0, 12.5, 3.5],
            "size": [2, 1, 1],
            "uv": [4, 212]
          }
        ]
      },
      {
        "name": "tailLeft19",
        "parent": "tailLeft18",
        "pivot": [0, 13.5, 3],
        "rotation": [0, 0, 20],
        "cubes": [
          {
            "origin": [0, 13.5, 3.5],
            "size": [2, 1, 1],
            "uv": [4, 214]
          }
        ]
      },
      {
        "name": "tailLeft20",
        "parent": "tailLeft19",
        "pivot": [0, 14.5, 3],
        "rotation": [0, 0, 15],
        "cubes": [
          {
            "origin": [0, 14.5, 3.5],
            "size": [2, 1, 1],
            "uv": [4, 217]
          }
        ]
      },
      {
        "name": "tailLeft21",
        "parent": "tailLeft20",
        "pivot": [0, 15.5, 3],
        "rotation": [0, 0, -60],
        "cubes": [
          {
            "origin": [0, 14.5, 3.5],
            "size": [2, 1, 1],
            "uv": [0, 220]
          }
        ]
      },
      {
        "name": "legLeft",
        "pivot": [2, 9, 0],
        "cubes": [
          {
            "origin": [0.5, 0, -1.5],
            "size": [3, 9, 3],
            "uv": [28, 34]
          }
        ]
      },
      {
        "name": "legRight",
        "pivot": [-2, 9, 0],
        "cubes": [
          {
            "origin": [-3.5, 0, -1.5],
            "size": [3, 9, 3],
            "uv": [16, 34]
          }
        ]
      }
    ]
  }
}