{
	"format_version": "1.10.0",
	"geometry.model": {
		"texturewidth": 512,
		"textureheight": 512,
		"visible_bounds_width": 4,
		"visible_bounds_height": 2,
		"visible_bounds_offset": [0, 1, 0],
		"bones": [
			{
				"name": "all",
				"pivot": [0, 0, 0],
				"rotation": [0, -90, 0]
			},
			{
				"name": "bone55",
				"parent": "all",
				"pivot": [-21, 0, 0],
				"cubes": [
					{"origin": [14.5, 5.53553, -2.5], "size": [1, 1, 5], "uv": [51, 89]},
					{"origin": [13.5, 4.53553, -1.5], "size": [3, 3, 3], "uv": [88, 23]}
				]
			},
			{
				"name": "wheel2",
				"parent": "all",
				"pivot": [14.5, 0, 0],
				"cubes": [
					{"origin": [12.5, 0, -2.001], "size": [5, 2, 4.002], "uv": [83, 12]}
				]
			},
			{
				"name": "bone38",
				"parent": "wheel2",
				"pivot": [13.5, 0, 0],
				"rotation": [0, 0, 45],
				"cubes": [
					{"origin": [7.79289, -0.70711, -2], "size": [5, 2, 4], "uv": [83, 12]}
				]
			},
			{
				"name": "bone39",
				"parent": "bone38",
				"pivot": [8.5, 0, 0],
				"rotation": [0, 0, 45],
				"cubes": [
					{"origin": [3.5, -1, -2.001], "size": [5, 2, 4.002], "uv": [83, 12]}
				]
			},
			{
				"name": "bone40",
				"parent": "bone39",
				"pivot": [3.5, 0, 0],
				"rotation": [0, 0, 45],
				"cubes": [
					{"origin": [-0.79289, -0.70711, -1.999], "size": [5, 2, 4], "uv": [83, 12]}
				]
			},
			{
				"name": "bone41",
				"parent": "bone40",
				"pivot": [-1.5, 0, 0],
				"rotation": [0, 0, 45],
				"cubes": [
					{"origin": [-5.5, 0, -2.001], "size": [5, 2, 4.002], "uv": [83, 12]}
				]
			},
			{
				"name": "bone42",
				"parent": "bone41",
				"pivot": [-6.5, 0, 0],
				"rotation": [0, 0, 45],
				"cubes": [
					{"origin": [-10.79289, 0.70711, -2], "size": [5, 2, 4], "uv": [83, 12]}
				]
			},
			{
				"name": "bone43",
				"parent": "bone42",
				"pivot": [-11.5, 0, 0],
				"rotation": [0, 0, 45],
				"cubes": [
					{"origin": [-16.5, 1, -2.001], "size": [5, 2, 4.002], "uv": [83, 12]}
				]
			},
			{
				"name": "bone44",
				"parent": "bone43",
				"pivot": [-16.5, 0, 0],
				"rotation": [0, 0, 45],
				"cubes": [
					{"origin": [-22.20711, 0.70711, -2], "size": [5, 2, 4], "uv": [83, 12]}
				]
			},
			{
				"name": "bone45",
				"parent": "wheel2",
				"pivot": [16, 0, 0]
			},
			{
				"name": "bone46",
				"parent": "bone45",
				"pivot": [14, 6.03553, 0]
			},
			{
				"name": "bbone2",
				"parent": "bone45",
				"pivot": [14, 6.0355, 0],
				"rotation": [0, 0, -85]
			},
			{
				"name": "bone47",
				"parent": "bbone2",
				"pivot": [13.15476, 4.22292, 0],
				"rotation": [0, 0, -35],
				"cubes": [
					{"origin": [13.88681, -0.14311, -1], "size": [1, 4, 2], "uv": [94, 4]}
				]
			},
			{
				"name": "bone48",
				"parent": "bbone2",
				"pivot": [13.15476, 4.22292, 0],
				"rotation": [0, 0, -35],
				"cubes": [
					{"origin": [14.88681, 3.85689, -1], "size": [4, 1, 2], "uv": [94, 4]}
				]
			},
			{
				"name": "bone49",
				"parent": "bbone2",
				"pivot": [13.15476, 4.22292, 0],
				"rotation": [0, 0, -35],
				"cubes": [
					{"origin": [9.88681, 3.85689, -1], "size": [4, 1, 2], "uv": [94, 4]}
				]
			},
			{
				"name": "bone50",
				"parent": "bbone2",
				"pivot": [13.15476, 4.22292, 0],
				"rotation": [0, 0, -170],
				"cubes": [
					{"origin": [7.87831, 2.75699, -1], "size": [4, 1, 2], "uv": [94, 4]}
				]
			},
			{
				"name": "bone51",
				"parent": "bbone2",
				"pivot": [13.15476, 4.22292, 0],
				"rotation": [0, 0, -80],
				"cubes": [
					{"origin": [9.62069, 2.94646, -1], "size": [4, 1, 2], "uv": [94, 4]}
				]
			},
			{
				"name": "bone52",
				"parent": "bbone2",
				"pivot": [13.15476, 4.22292, 0],
				"rotation": [0, 0, 10],
				"cubes": [
					{"origin": [9.43122, 4.68884, -1], "size": [4, 1, 2], "uv": [94, 4]}
				]
			},
			{
				"name": "bone53",
				"parent": "bbone2",
				"pivot": [13.15476, 4.22292, 0],
				"rotation": [0, 0, -35],
				"cubes": [
					{"origin": [13.88681, 4.85689, -1], "size": [1, 4, 2], "uv": [94, 4]}
				]
			},
			{
				"name": "bone54",
				"parent": "bbone2",
				"pivot": [13.15476, 4.22292, 0],
				"rotation": [0, 0, -80],
				"cubes": [
					{"origin": [14.62069, 2.94646, -1], "size": [4, 1, 2], "uv": [94, 4]}
				]
			},
			{
				"name": "bone37",
				"parent": "all",
				"pivot": [-21, 0, 0],
				"cubes": [
					{"origin": [-23.5, 5.53553, -2.5], "size": [1, 1, 5], "uv": [51, 89]},
					{"origin": [-24.5, 4.53553, -1.5], "size": [3, 3, 3], "uv": [88, 23]}
				]
			},
			{
				"name": "bone30",
				"parent": "all",
				"pivot": [-10.75, 9.25, 0],
				"cubes": [
					{"origin": [-11, 8, -4.5], "size": [4, 3, 9], "uv": [27, 27]},
					{"origin": [-10.5, 5, -3.5], "size": [3, 2, 7], "uv": [0, 69]}
				]
			},
			{
				"name": "bone32",
				"parent": "bone30",
				"pivot": [-13, 13, 0],
				"rotation": [0, 0, -25],
				"cubes": [
					{"origin": [-13, 3, -2.5], "size": [3, 10, 5], "uv": [17, 61]}
				]
			},
			{
				"name": "bone33",
				"parent": "bone30",
				"pivot": [-7, 13, 0],
				"rotation": [0, 0, 15],
				"cubes": [
					{"origin": [-7, 9, -4], "size": [3, 4, 8], "uv": [0, 53]}
				]
			},
			{
				"name": "bone31",
				"parent": "bone30",
				"pivot": [-11, 13, 0],
				"rotation": [0, 0, -15],
				"cubes": [
					{"origin": [-14, 9, -4], "size": [3, 4, 8], "uv": [43, 52]}
				]
			},
			{
				"name": "bone18",
				"parent": "all",
				"pivot": [-7.5, 13, 0.5],
				"rotation": [0, 0, 10],
				"cubes": [
					{"origin": [-14, 12, -3.51], "size": [8, 5, 7.02], "uv": [0, 15]},
					{"origin": [-13, 17.001, -2], "size": [5, 1, 4], "uv": [60, 86]},
					{"origin": [-12, 18.001, -1], "size": [2, 0, 2], "uv": [120, 0]}
				]
			},
			{
				"name": "bone80",
				"parent": "bone18",
				"pivot": [-9.5, 15.5, -3.6],
				"cubes": [
					{"origin": [-34.5, -9.625, -25.05], "size": [49, 49, 43], "uv": [65, 54], "inflate": -21.5}
				]
			},
			{
				"name": "bone34",
				"parent": "bone18",
				"pivot": [-6, 17, 0],
				"rotation": [0, 0, 35],
				"cubes": [
					{"origin": [-6, 14, -3.5], "size": [6, 3, 7], "uv": [0, 43]}
				]
			},
			{
				"name": "bone17",
				"parent": "all",
				"pivot": [-21, 0, 0],
				"cubes": [
					{"origin": [-15, 18, -5.5], "size": [1, 1, 2], "uv": [42, 43]},
					{"origin": [-15, 18, 3.5], "size": [1, 1, 2], "uv": [42, 43]},
					{"origin": [-18, 15, -2.5], "size": [5, 4, 5], "uv": [28, 73]},
					{"origin": [-16, 19, -1], "size": [2, 1, 2], "uv": [40, 21]},
					{"origin": [-17.5, 20, -1.5], "size": [4, 3, 3], "uv": [42, 88]},
					{"origin": [-8, 4, -3], "size": [13, 9, 6], "uv": [0, 0]},
					{"origin": [22, 12.5, -2], "size": [1, 2, 4], "uv": [59, 91]},
					{"origin": [-24.5, 11.5, -3], "size": [5, 2, 6], "uv": [49, 68]}
				]
			},
			{
				"name": "bone19",
				"parent": "bone17",
				"pivot": [-15.5, 17, 0],
				"rotation": [0, 0, -55],
				"cubes": [
					{"origin": [-23.5, 16, 2], "size": [11, 2, 2], "uv": [64, 22]},
					{"origin": [-23.5, 16, -4], "size": [11, 2, 2], "uv": [65, 43]},
					{"origin": [-17.5, 15.5, -4.5], "size": [3, 3, 3], "uv": [91, 29]},
					{"origin": [-17.5, 15.5, 1.5], "size": [3, 3, 3], "uv": [90, 60]},
					{"origin": [-28.5, 16.5, -3.5], "size": [5, 1, 1], "uv": [12, 31]},
					{"origin": [-28.5, 16.5, 2.5], "size": [5, 1, 1], "uv": [12, 31]}
				]
			},
			{
				"name": "bone26",
				"parent": "bone17",
				"pivot": [-21, 0, 0]
			},
			{
				"name": "bone27",
				"parent": "bone26",
				"pivot": [-15, 18, 5.5],
				"rotation": [65, 0, 25],
				"cubes": [
					{"origin": [-15, 18, 5.5], "size": [1, 1, 5], "uv": [51, 89]}
				]
			},
			{
				"name": "bone28",
				"parent": "bone27",
				"pivot": [-15, 19, 10.5],
				"rotation": [25, 0, 0]
			},
			{
				"name": "bone29",
				"parent": "bone28",
				"pivot": [-15, 19, 10.5],
				"rotation": [0, 60, 0],
				"cubes": [
					{"origin": [-15, 18, 10.5], "size": [1, 1, 3], "uv": [0, 53]},
					{"origin": [-15.5, 17.5, 13.5], "size": [2, 2, 4], "uv": [0, 90]}
				]
			},
			{
				"name": "bone23",
				"parent": "bone17",
				"pivot": [-21, 0, 0]
			},
			{
				"name": "bone21",
				"parent": "bone23",
				"pivot": [-15, 18, -5.5],
				"rotation": [-65, 0, 25],
				"cubes": [
					{"origin": [-15, 18, -10.5], "size": [1, 1, 5], "uv": [51, 89]}
				]
			},
			{
				"name": "bone24",
				"parent": "bone21",
				"pivot": [-15, 19, -10.5],
				"rotation": [-25, 0, 0]
			},
			{
				"name": "bone25",
				"parent": "bone24",
				"pivot": [-15, 19, -10.5],
				"rotation": [0, -60, 0],
				"cubes": [
					{"origin": [-15, 18, -13.5], "size": [1, 1, 3], "uv": [0, 53]},
					{"origin": [-15.5, 17.5, -17.5], "size": [2, 2, 4], "uv": [0, 90]}
				]
			},
			{
				"name": "bone79",
				"parent": "bone17",
				"pivot": [-21, 0, 0],
				"cubes": [
					{"origin": [-17.5, 20.5, -1], "size": [0, 2, 2], "uv": [96, 53]}
				]
			},
			{
				"name": "bone78",
				"parent": "bone17",
				"pivot": [-1.5, 11.5, 0],
				"rotation": [0, 0, -10]
			},
			{
				"name": "bone71",
				"parent": "bone17",
				"pivot": [-21, 0, 0]
			},
			{
				"name": "bone72",
				"parent": "bone71",
				"pivot": [-21, -1.5, 0],
				"cubes": [
					{"origin": [9, 8, 3], "size": [11, 3, 3], "uv": [57, 52]},
					{"origin": [8, 8.5, 3.5], "size": [14, 2, 2], "uv": [42, 39]}
				]
			},
			{
				"name": "bone73",
				"parent": "bone72",
				"pivot": [8, 8.5, 5.5],
				"rotation": [0, -10, 20],
				"cubes": [
					{"origin": [2, 8.5, 3.5], "size": [6, 2, 2], "uv": [87, 0]}
				]
			},
			{
				"name": "bone74",
				"parent": "bone73",
				"pivot": [1.5, 10.5, 3.5],
				"rotation": [0, 0, -15],
				"cubes": [
					{"origin": [-4, 8.5, 3.5], "size": [6, 2, 2], "uv": [0, 65]}
				]
			},
			{
				"name": "bone75",
				"parent": "bone71",
				"pivot": [-21, -1.5, 0],
				"cubes": [
					{"origin": [7, 3, 3], "size": [11, 3, 3], "uv": [62, 62]},
					{"origin": [4, 3.5, 3.5], "size": [16, 2, 2], "uv": [23, 15]}
				]
			},
			{
				"name": "bone76",
				"parent": "bone75",
				"pivot": [4, 3.5, 5.5],
				"rotation": [0, -10, 45],
				"cubes": [
					{"origin": [-1, 3.5, 3.5], "size": [5, 2, 2], "uv": [22, 31]}
				]
			},
			{
				"name": "bone77",
				"parent": "bone76",
				"pivot": [-1, 5.5, 3.5],
				"rotation": [0, 0, -25],
				"cubes": [
					{"origin": [-8, 3.5, 3.5], "size": [7, 2, 2], "uv": [74, 86]}
				]
			},
			{
				"name": "bone70",
				"parent": "bone17",
				"pivot": [-21, 0, 0]
			},
			{
				"name": "bone67",
				"parent": "bone70",
				"pivot": [-21, -1.5, 0],
				"cubes": [
					{"origin": [9, 8, -6], "size": [11, 3, 3], "uv": [59, 0]},
					{"origin": [8, 8.5, -5.5], "size": [14, 2, 2], "uv": [38, 10]}
				]
			},
			{
				"name": "bone68",
				"parent": "bone67",
				"pivot": [8, 8.5, -5.5],
				"rotation": [0, 10, 20],
				"cubes": [
					{"origin": [2, 8.5, -5.5], "size": [6, 2, 2], "uv": [87, 0]}
				]
			},
			{
				"name": "bone69",
				"parent": "bone68",
				"pivot": [1.5, 10.5, -3.5],
				"rotation": [0, 0, -15],
				"cubes": [
					{"origin": [-4, 8.5, -5.5], "size": [6, 2, 2], "uv": [0, 65]}
				]
			},
			{
				"name": "bone66",
				"parent": "bone70",
				"pivot": [-21, -1.5, 0],
				"cubes": [
					{"origin": [7, 3, -6], "size": [11, 3, 3], "uv": [58, 16]},
					{"origin": [4, 3.5, -5.5], "size": [16, 2, 2], "uv": [0, 27]}
				]
			},
			{
				"name": "bone64",
				"parent": "bone66",
				"pivot": [4, 3.5, -5.5],
				"rotation": [0, 10, 45],
				"cubes": [
					{"origin": [-1, 3.5, -5.5], "size": [5, 2, 2], "uv": [22, 31]}
				]
			},
			{
				"name": "bone65",
				"parent": "bone64",
				"pivot": [-1, 5.5, -3.5],
				"rotation": [0, 0, -25],
				"cubes": [
					{"origin": [-8, 3.5, -5.5], "size": [7, 2, 2], "uv": [86, 74]}
				]
			},
			{
				"name": "bone63",
				"parent": "bone17",
				"pivot": [15, 6, 3.5],
				"rotation": [0, 2, 23],
				"cubes": [
					{"origin": [12, 5, -4], "size": [4, 2, 2], "uv": [12, 92]},
					{"origin": [3, 5, -4], "size": [9, 2, 1], "uv": [73, 40]}
				]
			},
			{
				"name": "bone62",
				"parent": "bone17",
				"pivot": [15, 6, 3.5],
				"rotation": [0, -2, 23],
				"cubes": [
					{"origin": [12, 5, 2], "size": [4, 2, 2], "uv": [12, 92]},
					{"origin": [3, 5, 3], "size": [9, 2, 1], "uv": [73, 40]}
				]
			},
			{
				"name": "bone57",
				"parent": "bone17",
				"pivot": [14.5, 0, 1],
				"cubes": [
					{"origin": [11.5, 12.5, -3.499], "size": [7, 3, 7], "uv": [21, 39]}
				]
			},
			{
				"name": "bone59",
				"parent": "bone57",
				"pivot": [11.5, 15.5, 0.001],
				"rotation": [0, 0, -40],
				"cubes": [
					{"origin": [6.5, 12.5, -3.499], "size": [5, 3, 7], "uv": [57, 28]}
				]
			},
			{
				"name": "bone58",
				"parent": "bone57",
				"pivot": [18.5, 15.5, 0.001],
				"rotation": [0, 0, 35],
				"cubes": [
					{"origin": [18.5, 12.5, -3.5], "size": [7, 3, 7], "uv": [38, 0]}
				]
			},
			{
				"name": "bone35",
				"parent": "bone17",
				"pivot": [7.5, 15.5, 0.5],
				"rotation": [0, 0, -10]
			},
			{
				"name": "bone56",
				"parent": "bone35",
				"pivot": [7.09442, 9.07923, 0.01],
				"rotation": [0, 0, 40],
				"cubes": [
					{"origin": [3.09442, 3.07923, -3], "size": [4, 10, 6], "uv": [44, 19], "inflate": -0.01}
				]
			},
			{
				"name": "bone36",
				"parent": "bone17",
				"pivot": [7, 16, 0.5],
				"rotation": [0, 0, -40],
				"cubes": [
					{"origin": [2, 13, -3], "size": [5, 3, 6], "uv": [33, 64]}
				]
			},
			{
				"name": "bone60",
				"parent": "bone36",
				"pivot": [7, 16, 0.01],
				"rotation": [0, 0, 30],
				"cubes": [
					{"origin": [7, 12, -3], "size": [8, 4, 6], "uv": [0, 33]}
				]
			},
			{
				"name": "bone61",
				"parent": "bone60",
				"pivot": [15, 16, 0.01],
				"rotation": [0, 0, 18],
				"cubes": [
					{"origin": [15, 15, -2], "size": [6, 1, 4], "uv": [30, 19]},
					{"origin": [15, 12, -3], "size": [8, 3, 6], "uv": [43, 43]}
				]
			},
			{
				"name": "bone22",
				"parent": "bone17",
				"pivot": [-19.5, 13.5, 0.001],
				"rotation": [0, 0, 30],
				"cubes": [
					{"origin": [-19.5, 11.5, -3], "size": [5, 2, 6], "uv": [64, 8]}
				]
			},
			{
				"name": "wheel1",
				"parent": "all",
				"pivot": [-22.5, 0, 0],
				"cubes": [
					{"origin": [-25.5, 0, -2.001], "size": [5, 2, 4.002], "uv": [83, 12]}
				]
			},
			{
				"name": "bone",
				"parent": "wheel1",
				"pivot": [-23.5, 0, 0],
				"rotation": [0, 0, 45],
				"cubes": [
					{"origin": [-29.91421, -1.41421, -2], "size": [5, 2, 4], "uv": [83, 12]}
				]
			},
			{
				"name": "bone2",
				"parent": "bone",
				"pivot": [-28.5, 0, 0],
				"rotation": [0, 0, 45],
				"cubes": [
					{"origin": [-33.5, -2, -2.001], "size": [5, 2, 4.002], "uv": [83, 12]}
				]
			},
			{
				"name": "bone3",
				"parent": "bone2",
				"pivot": [-33.5, 0, 0],
				"rotation": [0, 0, 45],
				"cubes": [
					{"origin": [-37.08579, -1.41421, -2], "size": [5, 2, 4], "uv": [83, 12]}
				]
			},
			{
				"name": "bone4",
				"parent": "bone3",
				"pivot": [-38.5, 0, 0],
				"rotation": [0, 0, 45],
				"cubes": [
					{"origin": [-41.5, 0, -2.001], "size": [5, 2, 4.002], "uv": [83, 12]}
				]
			},
			{
				"name": "bone5",
				"parent": "bone4",
				"pivot": [-43.5, 0, 0],
				"rotation": [0, 0, 45],
				"cubes": [
					{"origin": [-47.08579, 1.41421, -2], "size": [5, 2, 4], "uv": [83, 12]}
				]
			},
			{
				"name": "bone6",
				"parent": "bone5",
				"pivot": [-48.5, 0, 0],
				"rotation": [0, 0, 45],
				"cubes": [
					{"origin": [-53.5, 2, -2.001], "size": [5, 2, 4.002], "uv": [83, 12]}
				]
			},
			{
				"name": "bone7",
				"parent": "bone6",
				"pivot": [-53.5, 0, 0],
				"rotation": [0, 0, 45],
				"cubes": [
					{"origin": [-59.91421, 1.41421, -2], "size": [5, 2, 4], "uv": [83, 12]}
				]
			},
			{
				"name": "bone8",
				"parent": "wheel1",
				"pivot": [-21, 0, 0]
			},
			{
				"name": "bone20",
				"parent": "bone8",
				"pivot": [-23, 6.03553, 0],
				"cubes": [
					{"origin": [-24, 5.03553, -3], "size": [2, 2, 1], "uv": [122, 2]},
					{"origin": [-24, 5.03553, 2], "size": [2, 2, 1], "uv": [122, 2]}
				]
			},
			{
				"name": "bbone",
				"parent": "bone8",
				"pivot": [-23, 6.0355, 0],
				"rotation": [0, 0, -85]
			},
			{
				"name": "bone16",
				"parent": "bbone",
				"pivot": [-23.84524, 4.22292, 0],
				"rotation": [0, 0, -35],
				"cubes": [
					{"origin": [-22.61319, 0.72292, -1], "size": [1, 4, 2], "uv": [94, 4]}
				]
			},
			{
				"name": "bone15",
				"parent": "bbone",
				"pivot": [-23.84524, 4.22292, 0],
				"rotation": [0, 0, -35],
				"cubes": [
					{"origin": [-21.61319, 4.72292, -1], "size": [4, 1, 2], "uv": [94, 4]}
				]
			},
			{
				"name": "bone14",
				"parent": "bbone",
				"pivot": [-23.84524, 4.22292, 0],
				"rotation": [0, 0, -35],
				"cubes": [
					{"origin": [-26.61319, 4.72292, -1], "size": [4, 1, 2], "uv": [94, 4]}
				]
			},
			{
				"name": "bone13",
				"parent": "bbone",
				"pivot": [-23.84524, 4.22292, 0],
				"rotation": [0, 0, -170],
				"cubes": [
					{"origin": [-28.86287, 1.79107, -1], "size": [4, 1, 2], "uv": [94, 4]}
				]
			},
			{
				"name": "bone12",
				"parent": "bbone",
				"pivot": [-23.84524, 4.22292, 0],
				"rotation": [0, 0, -80],
				"cubes": [
					{"origin": [-26.41338, 3.20528, -1], "size": [4, 1, 2], "uv": [94, 4]}
				]
			},
			{
				"name": "bone9",
				"parent": "bbone",
				"pivot": [-23.84524, 4.22292, 0],
				"rotation": [0, 0, 10],
				"cubes": [
					{"origin": [-27.8276, 5.65477, -1], "size": [4, 1, 2], "uv": [94, 4]}
				]
			},
			{
				"name": "bone10",
				"parent": "bbone",
				"pivot": [-23.84524, 4.22292, 0],
				"rotation": [0, 0, -35],
				"cubes": [
					{"origin": [-22.61319, 5.72292, -1], "size": [1, 4, 2], "uv": [94, 4]}
				]
			},
			{
				"name": "bone11",
				"parent": "bbone",
				"pivot": [-23.84524, 4.22292, 0],
				"rotation": [0, 0, -80],
				"cubes": [
					{"origin": [-21.41338, 3.20528, -1], "size": [4, 1, 2], "uv": [94, 4]}
				]
			}
		]
	}
}