{
  "format_version": "1.10.0",
  "geometry.model": {
    "texturewidth": 128,
    "textureheight": 128,
    "visible_bounds_width": 4,
    "visible_bounds_height": 2,
    "visible_bounds_offset": [0, 1, 0],
    "bones": [
      {
        "name": "bone10",
        "pivot": [0, 0, 0],
        "rotation": [0, 180, 0]
      },
      {
        "name": "bone",
        "parent": "bone10",
        "pivot": [0, 0, 0],
        "cubes": [
          {"origin": [-24, 7, -1.5], "size": [48, 1, 3], "uv": [0, 32]},
          {"origin": [-24, 7, -5], "size": [48, 1, 3], "uv": [0, 28]},
          {"origin": [-24, 7, 2], "size": [48, 1, 3], "uv": [0, 24]}
        ]
      },
      {
        "name": "bone2",
        "parent": "bone10",
        "pivot": [0, 7, 5],
        "rotation": [-45, 0, 0],
        "cubes": [
          {"origin": [-24, 7, 5.5], "size": [48, 1, 3], "uv": [0, 20]}
        ]
      },
      {
        "name": "bone3",
        "parent": "bone10",
        "pivot": [0, 8, -5],
        "rotation": [-45, 0, 0],
        "cubes": [
          {"origin": [-24, 7, -8.5], "size": [48, 1, 3], "uv": [0, 16]}
        ]
      },
      {
        "name": "bone4",
        "parent": "bone3",
        "pivot": [0, 8, -8.5],
        "rotation": [-45, 0, 0],
        "cubes": [
          {"origin": [-24, 7, -12], "size": [48, 1, 3], "uv": [0, 12]},
          {"origin": [-24, 7, -19], "size": [48, 1, 3], "uv": [0, 4]},
          {"origin": [-24, 7, -15.5], "size": [48, 1, 3], "uv": [0, 8]}
        ]
      },
      {
        "name": "bone7",
        "parent": "bone4",
        "pivot": [0, 7, -19],
        "rotation": [45, 0, 0],
        "cubes": [
          {"origin": [-24, 7, -22.5], "size": [48, 1, 3], "uv": [0, 0]}
        ]
      },
      {
        "name": "bone5",
        "parent": "bone10",
        "pivot": [0, 0, 0],
        "cubes": [
          {"origin": [-23, 6, -6], "size": [1, 1, 11], "uv": [0, 36]},
          {"origin": [-23, 0, 4], "size": [1, 6, 1], "uv": [7, 39]},
          {"origin": [-23, 0, -6], "size": [1, 6, 1], "uv": [37, 37]},
          {"origin": [-23, 9.97487, -9.47487], "size": [1, 11, 1], "uv": [25, 36]}
        ]
      },
      {
        "name": "bone6",
        "parent": "bone5",
        "pivot": [0, 0, 0],
        "rotation": [-45, 0, 0],
        "cubes": [
          {"origin": [-23, 7.48528, -1.41421], "size": [1, 1, 3], "uv": [29, 36]},
          {"origin": [-23, 0.12132, -13.69239], "size": [1, 1, 5], "uv": [13, 36]},
          {"origin": [-23, 7.83883, -23.82412], "size": [1, 1, 3], "uv": [0, 36]}
        ]
      },
      {
        "name": "bone8",
        "parent": "bone10",
        "pivot": [45, 0, 0],
        "cubes": [
          {"origin": [22, 6, -6], "size": [1, 1, 11], "uv": [0, 36]},
          {"origin": [22, 0, 4], "size": [1, 6, 1], "uv": [7, 39]},
          {"origin": [22, 0, -6], "size": [1, 6, 1], "uv": [37, 37]},
          {"origin": [22, 9.97487, -9.47487], "size": [1, 11, 1], "uv": [25, 36]}
        ]
      },
      {
        "name": "bone9",
        "parent": "bone8",
        "pivot": [45, 0, 0],
        "rotation": [-45, 0, 0],
        "cubes": [
          {"origin": [22, 7.48528, -1.41421], "size": [1, 1, 3], "uv": [29, 36]},
          {"origin": [22, 0.12132, -13.69239], "size": [1, 1, 5], "uv": [13, 36]},
          {"origin": [22, 7.83883, -23.82412], "size": [1, 1, 3], "uv": [0, 36]}
        ]
      }
    ]
  }
}