{
  "format_version": "1.10.0",
  "geometry.model": {
    "texturewidth": 128,
    "textureheight": 128,
    "visible_bounds_width": 4,
    "visible_bounds_height": 2,
    "visible_bounds_offset": [0, 1, 0],
    "bones": [
      {
        "name": "nintendo",
        "pivot": [-11, 1, -9],
        "rotation": [0, 30, 0],
        "cubes": [
          {"origin": [-14, 0, -13], "size": [6, 2, 8], "uv": [60, 60]},
          {"origin": [-14, 2, -9], "size": [6, 1, 3], "uv": [77, 9]},
          {"origin": [-13.5, 2.25, -7.5], "size": [1, 1, 1], "uv": [0, 2]},
          {"origin": [-9.5, 2.25, -7.5], "size": [1, 1, 1], "uv": [0, 0]},
          {"origin": [-14, 2, -13], "size": [6, 1, 1], "uv": [77, 18]},
          {"origin": [-13.5, 2, -12], "size": [5, 1, 3], "uv": [15, 77]},
          {"origin": [-13, 3, -11], "size": [4, 2, 1], "uv": [0, 21]},
          {"origin": [-12.5, 2.5, -9.999], "size": [3, 2, 0], "uv": [0, 33]}
        ]
      },
      {
        "name": "bone2",
        "parent": "nintendo",
        "pivot": [-11, 1, -9],
        "rotation": [-45, 0, 0],
        "cubes": [
          {"origin": [-13.5, 4.54, -8.1], "size": [5, 0, 1], "uv": [0, 11]},
          {"origin": [-14, 3.53553, -7.87868], "size": [6, 1, 1], "uv": [35, 38]},
          {"origin": [-14, 3.53553, -8.29289], "size": [6, 1, 1], "uv": [65, 34]},
          {"origin": [-12, 2.82843, -10], "size": [2, 1, 1], "uv": [5, 34]}
        ]
      },
      {
        "name": "entertainment",
        "pivot": [0, 0, -30]
      },
      {
        "name": "drawer",
        "parent": "entertainment",
        "pivot": [0, 0, -30],
        "cubes": [
          {"origin": [7, 0, -36], "size": [1, 11, 12], "uv": [39, 14]},
          {"origin": [-8, 0, -36], "size": [1, 11, 12], "uv": [38, 38]},
          {"origin": [-7, 0, -35], "size": [14, 1, 11], "uv": [0, 26]},
          {"origin": [-7, 0, -36], "size": [14, 11, 1], "uv": [0, 53]},
          {"origin": [-7, 4, -35], "size": [14, 1, 11], "uv": [0, 14]},
          {"origin": [-8.5, 11, -36.5], "size": [17, 1, 13], "uv": [0, 0]}
        ]
      },
      {
        "name": "tv",
        "parent": "entertainment",
        "pivot": [0, 12, -32],
        "rotation": [0, 180, 0],
        "cubes": [
          {"origin": [-8, 12, -40], "size": [1, 12, 1], "uv": [78, 78]},
          {"origin": [7, 12, -40], "size": [1, 12, 1], "uv": [74, 78]},
          {"origin": [-7, 12, -40], "size": [14, 1, 1], "uv": [65, 32]},
          {"origin": [-7, 23, -40], "size": [14, 1, 1], "uv": [65, 30]},
          {"origin": [-7, 13, -39.5], "size": [14, 10, 0], "uv": [0, 65]},
          {"origin": [-8, 12, -39], "size": [16, 12, 3], "uv": [0, 38]},
          {"origin": [-7.5, 12.5, -36], "size": [15, 11, 1], "uv": [52, 37]},
          {"origin": [-7, 13, -35], "size": [14, 10, 1], "uv": [30, 61]},
          {"origin": [-6.5, 13.5, -34], "size": [13, 9, 1], "uv": [64, 49]},
          {"origin": [-6, 14, -33], "size": [12, 8, 1], "uv": [65, 21]},
          {"origin": [-5.5, 14.5, -32], "size": [11, 7, 1], "uv": [66, 70]},
          {"origin": [-5, 15, -31], "size": [10, 6, 1], "uv": [71, 0]},
          {"origin": [-4.5, 15.5, -30], "size": [9, 5, 1], "uv": [28, 72]},
          {"origin": [-4, 16, -29], "size": [8, 4, 1], "uv": [0, 75]},
          {"origin": [-4, 12, -36], "size": [8, 4, 8], "uv": [47, 0]}
        ]
      },
      {
        "name": "bone16",
        "parent": "tv",
        "pivot": [-4, 12, -28],
        "rotation": [0, 26, 0],
        "cubes": [
          {"origin": [-3.56163, 12, -36.89879], "size": [3, 4, 8], "uv": [52, 70], "mirror": true}
        ]
      },
      {
        "name": "bone17",
        "parent": "tv",
        "pivot": [4, 12, -28],
        "rotation": [0, -26, 0],
        "cubes": [
          {"origin": [0.56163, 12, -36.89879], "size": [3, 4, 8], "uv": [52, 70]}
        ]
      },
      {
        "name": "cassette",
        "parent": "entertainment",
        "pivot": [0, 0, -30],
        "cubes": [
          {"origin": [6, 5, -28], "size": [1, 3, 4], "uv": [0, 0]},
          {"origin": [5, 5, -28.5], "size": [1, 3, 4], "uv": [0, 14]},
          {"origin": [4, 5, -28.25], "size": [1, 3, 4], "uv": [0, 0]},
          {"origin": [3, 5, -28.75], "size": [1, 3, 4], "uv": [0, 14]}
        ]
      },
      {
        "name": "cassette3",
        "parent": "entertainment",
        "pivot": [-1, 0, -30],
        "cubes": [
          {"origin": [-7, 5, -29], "size": [3, 1, 4], "uv": [41, 78]},
          {"origin": [-6.5, 6, -29.5], "size": [3, 1, 4], "uv": [77, 13]},
          {"origin": [-6, 7, -28.5], "size": [3, 1, 4], "uv": [41, 78]},
          {"origin": [-6.5, 8, -29], "size": [3, 1, 4], "uv": [27, 78]},
          {"origin": [0.5, 9, -28], "size": [3, 1, 4], "uv": [77, 13]}
        ]
      },
      {
        "name": "bone15",
        "parent": "cassette3",
        "pivot": [-1, 0, -30],
        "rotation": [0, -10, 0],
        "cubes": [
          {"origin": [-0.5, 8, -28], "size": [3, 1, 4], "uv": [41, 78]}
        ]
      },
      {
        "name": "bone14",
        "parent": "cassette3",
        "pivot": [-1, 0, -30],
        "rotation": [0, 15, 0],
        "cubes": [
          {"origin": [1.5, 8, -27], "size": [3, 1, 4], "uv": [27, 78]}
        ]
      },
      {
        "name": "cassette2",
        "parent": "entertainment",
        "pivot": [-4, 0, -29],
        "rotation": [0, -15, 0],
        "cubes": [
          {"origin": [1.82619, 5, -30.57025], "size": [1, 3, 4], "uv": [0, 26]},
          {"origin": [0.82619, 5, -30.07025], "size": [1, 3, 4], "uv": [0, 0]},
          {"origin": [-0.17381, 5, -29.82025], "size": [1, 3, 4], "uv": [0, 14]},
          {"origin": [-1.17381, 5, -29.32025], "size": [1, 3, 4], "uv": [0, 0]}
        ]
      },
      {
        "name": "cushion",
        "pivot": [0, 0, 0],
        "cubes": [
          {"origin": [-4, 0, -4], "size": [8, 1, 8], "uv": [53, 12]}
        ]
      },
      {
        "name": "controller",
        "pivot": [0, 4, 0]
      },
      {
        "name": "line",
        "parent": "controller",
        "pivot": [0, 0, 0]
      },
      {
        "name": "bone",
        "parent": "line",
        "pivot": [-1, 0, 0],
        "rotation": [30, 0, 0],
        "cubes": [
          {"origin": [-0.5, 11.13935, -1.5], "size": [1, 1, 0], "uv": [11, 11]}
        ]
      },
      {
        "name": "bone4",
        "parent": "line",
        "pivot": [-1, 0, 0],
        "rotation": [60, 0, 0],
        "cubes": [
          {"origin": [-0.5, 11.26298, 4.77064], "size": [1, 1, 0], "uv": [10, 9]}
        ]
      },
      {
        "name": "bone3",
        "parent": "line",
        "pivot": [-1, 0, 0],
        "cubes": [
          {"origin": [-0.5, 10.26298, -9.23474], "size": [1, 0, 1], "uv": [7, 1]}
        ]
      },
      {
        "name": "bone5",
        "parent": "line",
        "pivot": [-1, 0, 0],
        "rotation": [30, 0, 0],
        "cubes": [
          {"origin": [-0.5, 13.50537, -3.86603], "size": [1, 0, 1], "uv": [7, 0]}
        ]
      },
      {
        "name": "bone6",
        "parent": "line",
        "pivot": [-1, 0, 0],
        "rotation": [60, 0, 0],
        "cubes": [
          {"origin": [-0.5, 13.62901, 2.40461], "size": [1, 0, 1], "uv": [5, 3]}
        ]
      },
      {
        "name": "bone7",
        "parent": "line",
        "pivot": [-1, 0, 0],
        "cubes": [
          {"origin": [-0.5, 1.89696, -10.60076], "size": [1, 7, 0], "uv": [10, 0]}
        ]
      },
      {
        "name": "bone8",
        "parent": "line",
        "pivot": [-1, 0, 0],
        "rotation": [30, 0, 0],
        "cubes": [
          {"origin": [-0.5, 5.94319, -8.23205], "size": [1, 1, 0], "uv": [10, 10]}
        ]
      },
      {
        "name": "bone10",
        "parent": "line",
        "pivot": [-1, 0, 0],
        "rotation": [60, 0, 0],
        "cubes": [
          {"origin": [-0.5, 8.26248, -4.1577], "size": [1, 1, 0], "uv": [9, 8]}
        ]
      },
      {
        "name": "bone11",
        "parent": "line",
        "pivot": [-1, 0, 0],
        "cubes": [
          {"origin": [-0.5, 0.53057, -9.23437], "size": [1, 0, 1], "uv": [5, 2]},
          {"origin": [-6.86603, 0.52957, -7.86835], "size": [6, 0, 1], "uv": [0, 7]}
        ]
      },
      {
        "name": "bone12",
        "parent": "line",
        "pivot": [-1, 0, 0],
        "rotation": [0, -30, 0],
        "cubes": [
          {"origin": [-4.81815, 0.52957, -7.88117], "size": [1, 0, 1], "uv": [5, 1]}
        ]
      },
      {
        "name": "bone13",
        "parent": "line",
        "pivot": [-1, 0, 0],
        "rotation": [0, -60, 0],
        "cubes": [
          {"origin": [-7.88117, 0.52957, -4.5502], "size": [1, 0, 1], "uv": [5, 0]}
        ]
      },
      {
        "name": "joypad",
        "parent": "controller",
        "pivot": [0, 4, 0],
        "rotation": [20, 0, 0],
        "cubes": [
          {"origin": [-2, 9, -5.5], "size": [4, 2, 1], "uv": [0, 8]}
        ]
      },
      {
        "name": "button",
        "parent": "joypad",
        "pivot": [-0.83333, 4.25, -0.2505],
        "cubes": [
          {"origin": [0.75, 9.25, -5.25], "size": [0.5, 1.5, 1], "uv": [64, 2]},
          {"origin": [0.25, 9.75, -5.25], "size": [1.5, 0.5, 1], "uv": [64, 2]},
          {"origin": [-0.75, 9.25, -5.25], "size": [0.5, 0.5, 1], "uv": [64, 2]},
          {"origin": [-1.75, 9.25, -5.25], "size": [0.5, 0.5, 1], "uv": [64, 2]}
        ]
      }
    ]
  }
}