{
  "format_version": "1.10.0",
  "geometry.model": {
    "texturewidth": 128,
    "textureheight": 128,
    "visible_bounds_width": 3,
    "visible_bounds_height": 2,
    "visible_bounds_offset": [0, 1, 0],
    "bones": [
      {
        "name": "head",
        "pivot": [0, 12, -12],
        "mirror": true,
        "cubes": [
          {"origin": [-4, 12, -12], "size": [8, 8, 8], "uv": [0, 0], "mirror": false},
          {"origin": [-0.5, 20, -9], "size": [4, 3, 0], "uv": [0, 0], "mirror": false},
          {"origin": [-3, 12, -11], "size": [6, 6, 6], "uv": [0, 32], "mirror": false}
        ]
      },
      {
        "name": "glasses",
        "parent": "head",
        "pivot": [0, 21, -3],
        "cubes": [
          {"origin": [-3, 13, -11.5], "size": [2, 1, 1], "uv": [20, 18]},
          {"origin": [-3.999, 14, -11.5], "size": [1, 1, 1], "uv": [24, 24]},
          {"origin": [2.999, 14, -11.5], "size": [1, 1, 1], "uv": [0, 18]},
          {"origin": [1, 13, -11.5], "size": [2, 1, 1], "uv": [0, 5]},
          {"origin": [-1, 14, -11.5], "size": [2, 1, 1], "uv": [0, 3]}
        ]
      },
      {
        "name": "body",
        "pivot": [0, 12, 0],
        "rotation": [90, 0, 0],
        "mirror": true,
        "cubes": [
          {"origin": [-4, 8, -2], "size": [8, 12, 4], "uv": [0, 16], "mirror": false},
          {"origin": [-4.5, 9, -2.5], "size": [9, 6, 5], "uv": [24, 24], "mirror": false}
        ]
      },
      {
        "name": "bone3",
        "parent": "body",
        "pivot": [4.5, 12, 0],
        "rotation": [0, 0, -5],
        "cubes": [
          {"origin": [4.23853, 1.01142, -2.5], "size": [0, 8, 5], "uv": [40, 48]}
        ]
      },
      {
        "name": "bone",
        "parent": "body",
        "pivot": [-4.5, 12, 0],
        "rotation": [0, 0, 5],
        "cubes": [
          {"origin": [-4.23853, 1.01142, -2.5], "size": [0, 8, 5], "uv": [32, 2]}
        ]
      },
      {
        "name": "bone2",
        "parent": "body",
        "pivot": [0, 12, -2.5],
        "rotation": [-5, 0, 0],
        "cubes": [
          {"origin": [-4.5, 1.01142, -2.23853], "size": [9, 8, 0], "uv": [47, 18]}
        ]
      },
      {
        "name": "bag",
        "parent": "body",
        "pivot": [0, 12, 0],
        "cubes": [
          {"origin": [-0.5, 8.5, -4.5], "size": [1, 1, 1], "uv": [24, 0]},
          {"origin": [-2.5, 9.5, -4.5], "size": [5, 2, 2], "uv": [36, 35]},
          {"origin": [-3, 8, -4], "size": [6, 3, 2], "uv": [24, 18]}
        ]
      },
      {
        "name": "leftArm",
        "pivot": [-5, 12, -10],
        "rotation": [-90, 0, 0],
        "mirror": true,
        "cubes": [
          {"origin": [-8.001, 9, -12], "size": [4, 9, 4], "uv": [44, 3], "mirror": false}
        ]
      },
      {
        "name": "bone4",
        "parent": "leftArm",
        "pivot": [-4, 22, 0],
        "cubes": [
          {"origin": [-7, 6, -11], "size": [2, 11, 2], "uv": [50, 53]}
        ]
      },
      {
        "name": "rightArm",
        "pivot": [5, 12, -10],
        "rotation": [-90, 0, 0],
        "mirror": true,
        "cubes": [
          {"origin": [4.001, 9, -12], "size": [4, 9, 4], "uv": [0, 44], "mirror": false}
        ]
      },
      {
        "name": "bone5",
        "parent": "rightArm",
        "pivot": [4, 12, 0],
        "cubes": [
          {"origin": [5, 6, -11], "size": [2, 11, 2], "uv": [52, 26]}
        ]
      },
      {
        "name": "leftLeg",
        "pivot": [-1.9, 12, 0],
        "rotation": [90, 0, 0],
        "mirror": true,
        "cubes": [
          {"origin": [-3.9, -1, -2], "size": [4, 9, 4], "uv": [40, 40], "mirror": false},
          {"origin": [-3.4, -4, -1.5], "size": [3, 12, 3], "uv": [28, 48], "mirror": false}
        ]
      },
      {
        "name": "rightLeg",
        "pivot": [1.9, 12, 0],
        "rotation": [90, 0, 0],
        "mirror": true,
        "cubes": [
          {"origin": [-0.1, -1, -2], "size": [4, 9, 4], "uv": [24, 35], "mirror": false},
          {"origin": [0.6, -4, -1.5], "size": [3, 12, 3], "uv": [16, 48], "mirror": false}
        ]
      },
      {
        "name": "springs",
        "pivot": [0, 0, 0],
        "cubes": [
          {"origin": [-3, 0, -3], "size": [6, 1, 6], "uv": [24, 0]}
        ]
      },
      {
        "name": "bone7",
        "parent": "springs",
        "pivot": [0, 0, 0]
      },
      {
        "name": "bone6",
        "parent": "bone7",
        "pivot": [3, 1, -3],
        "rotation": [5, 0, 0],
        "cubes": [
          {"origin": [2, -0.08335, -2.09096], "size": [1, 1, 5], "uv": [55, 11]}
        ]
      },
      {
        "name": "bone8",
        "parent": "bone7",
        "pivot": [3, 1, -3],
        "rotation": [-5, 0, 0],
        "cubes": [
          {"origin": [-2.96891, 1.3132, -3.00308], "size": [1, 1, 5], "uv": [35, 18]}
        ]
      },
      {
        "name": "bone9",
        "parent": "bone7",
        "pivot": [0, 0, 0],
        "rotation": [0, 0, 5],
        "cubes": [
          {"origin": [-3.03379, 0.61194, 1.98097], "size": [5, 1, 1], "uv": [42, 0]}
        ]
      },
      {
        "name": "bone10",
        "parent": "bone7",
        "pivot": [0, 0, 0],
        "rotation": [0, 0, -5],
        "cubes": [
          {"origin": [-1.87404, 1.48599, -2.97577], "size": [5, 1, 1], "uv": [42, 0]}
        ]
      },
      {
        "name": "bone11",
        "parent": "springs",
        "pivot": [0, 4, 0]
      },
      {
        "name": "bone12",
        "parent": "bone11",
        "pivot": [3, 5, -3],
        "rotation": [5, 0, 0],
        "cubes": [
          {"origin": [1.98455, 1.67587, -2.26268], "size": [1, 1, 5], "uv": [55, 11]}
        ]
      },
      {
        "name": "bone13",
        "parent": "bone11",
        "pivot": [3, 5, -3],
        "rotation": [-5, 0, 0],
        "cubes": [
          {"origin": [-2.99642, 3.06961, -2.80679], "size": [1, 1, 5], "uv": [35, 18]}
        ]
      },
      {
        "name": "bone14",
        "parent": "bone11",
        "pivot": [0, 4, 0],
        "rotation": [0, 0, 5],
        "cubes": [
          {"origin": [-2.86512, 2.36842, 2.0052], "size": [5, 1, 1], "uv": [42, 0]}
        ]
      },
      {
        "name": "bone15",
        "parent": "bone11",
        "pivot": [0, 4, 0],
        "rotation": [0, 0, -5],
        "cubes": [
          {"origin": [-2.07074, 3.2377, -2.97577], "size": [5, 1, 1], "uv": [42, 0]}
        ]
      },
      {
        "name": "bone16",
        "parent": "springs",
        "pivot": [0, 4, 0]
      },
      {
        "name": "bone17",
        "parent": "bone16",
        "pivot": [3, 5, -3],
        "rotation": [5, 0, 0],
        "cubes": [
          {"origin": [1.98455, 3.41236, -2.11076], "size": [1, 1, 5], "uv": [55, 11]}
        ]
      },
      {
        "name": "bone18",
        "parent": "bone16",
        "pivot": [3, 5, -3],
        "rotation": [-5, 0, 0],
        "cubes": [
          {"origin": [-2.99642, 4.8061, -2.95872], "size": [1, 1, 5], "uv": [35, 18]}
        ]
      },
      {
        "name": "bone19",
        "parent": "bone16",
        "pivot": [0, 4, 0],
        "rotation": [0, 0, 5],
        "cubes": [
          {"origin": [-3.01705, 4.1049, 2.0052], "size": [5, 1, 1], "uv": [42, 0]}
        ]
      },
      {
        "name": "bone20",
        "parent": "bone16",
        "pivot": [0, 4, 0],
        "rotation": [0, 0, -5],
        "cubes": [
          {"origin": [-1.91882, 4.97418, -2.97577], "size": [5, 1, 1], "uv": [42, 0]}
        ]
      },
      {
        "name": "bone21",
        "parent": "springs",
        "pivot": [0, 4, 0]
      },
      {
        "name": "bone22",
        "parent": "bone21",
        "pivot": [3, 5, -3],
        "rotation": [5, 0, 0],
        "cubes": [
          {"origin": [1.98455, 5.14884, -1.95884], "size": [1, 1, 5], "uv": [55, 11]}
        ]
      },
      {
        "name": "bone23",
        "parent": "bone21",
        "pivot": [3, 5, -3],
        "rotation": [-5, 0, 0],
        "cubes": [
          {"origin": [-2.99642, 6.54258, -3.11064], "size": [1, 1, 5], "uv": [35, 18]}
        ]
      },
      {
        "name": "bone24",
        "parent": "bone21",
        "pivot": [0, 4, 0],
        "rotation": [0, 0, 5],
        "cubes": [
          {"origin": [-3.16897, 5.84138, 2.0052], "size": [5, 1, 1], "uv": [42, 0]}
        ]
      },
      {
        "name": "bone25",
        "parent": "bone21",
        "pivot": [0, 4, 0],
        "rotation": [0, 0, -5],
        "cubes": [
          {"origin": [-1.7669, 6.71066, -2.97577], "size": [5, 1, 1], "uv": [42, 0]}
        ]
      },
      {
        "name": "bone26",
        "parent": "springs",
        "pivot": [0, 4, 0]
      },
      {
        "name": "bone27",
        "parent": "bone26",
        "pivot": [3, 5, -3],
        "rotation": [5, 0, 0],
        "cubes": [
          {"origin": [1.98455, 6.88532, -1.80692], "size": [1, 1, 5], "uv": [55, 11]}
        ]
      },
      {
        "name": "bone28",
        "parent": "bone26",
        "pivot": [3, 5, -3],
        "rotation": [-5, 0, 0],
        "cubes": [
          {"origin": [-2.99642, 8.27906, -3.26256], "size": [1, 1, 5], "uv": [35, 18]}
        ]
      },
      {
        "name": "bone29",
        "parent": "bone26",
        "pivot": [0, 4, 0],
        "rotation": [0, 0, 5],
        "cubes": [
          {"origin": [-3.32089, 7.57787, 2.0052], "size": [5, 1, 1], "uv": [42, 0]}
        ]
      },
      {
        "name": "bone30",
        "parent": "bone26",
        "pivot": [0, 4, 0],
        "rotation": [0, 0, -5],
        "cubes": [
          {"origin": [-1.61497, 8.44714, -2.97577], "size": [5, 1, 1], "uv": [42, 0]}
        ]
      },
      {
        "name": "bone31",
        "parent": "springs",
        "pivot": [0, 4, 0]
      },
      {
        "name": "bone32",
        "parent": "bone31",
        "pivot": [3, 5, -3],
        "rotation": [5, 0, 0],
        "cubes": [
          {"origin": [1.98455, 8.6218, -1.65499], "size": [1, 1, 5], "uv": [55, 11]}
        ]
      },
      {
        "name": "bone33",
        "parent": "bone31",
        "pivot": [3, 5, -3],
        "rotation": [-5, 0, 0],
        "cubes": [
          {"origin": [-2.99642, 10.01554, -3.41448], "size": [1, 1, 5], "uv": [35, 18]}
        ]
      },
      {
        "name": "bone34",
        "parent": "bone31",
        "pivot": [0, 4, 0],
        "rotation": [0, 0, 5],
        "cubes": [
          {"origin": [-3.47281, 9.31435, 2.0052], "size": [5, 1, 1], "uv": [42, 0]}
        ]
      },
      {
        "name": "bone35",
        "parent": "bone31",
        "pivot": [0, 4, 0],
        "rotation": [0, 0, -5],
        "cubes": [
          {"origin": [-1.46305, 10.18362, -2.97577], "size": [5, 1, 1], "uv": [42, 0]}
        ]
      },
      {
        "name": "bone36",
        "pivot": [0, 0, 0],
        "cubes": [
          {"origin": [-8, 17, -7], "size": [16, 1, 1], "uv": [20, 16]},
          {"origin": [8, 17, -7], "size": [1, 1, 1], "uv": [0, 16], "inflate": 0.1},
          {"origin": [-9, 17, -7], "size": [1, 1, 1], "uv": [0, 16], "inflate": 0.1}
        ]
      }
    ]
  }
}