{
  "format_version": "1.10.0",
  "geometry.model": {
    "texturewidth": 128,
    "textureheight": "128",
    "visible_bounds_width": 3,
    "visible_bounds_height": 2,
    "visible_bounds_offset": [0, 1, 0],
    "bones": [
      {
        "name": "bone",
        "pivot": [0, 0, 0],
        "cubes": [
          {"origin": [-14.5, 3, -10], "size": [29, 3, 20], "uv": [30, 81]},
          {"origin": [-15.5, 1, -11], "size": [31, 2, 22], "uv": [22, 104]},
          {"origin": [-14.5, 16, 6], "size": [29, 3, 4], "uv": [0, 73]},
          {"origin": [-13.5, 6, 7], "size": [2, 10, 2], "uv": [96, 0]},
          {"origin": [11.5, 6, 7], "size": [2, 10, 2], "uv": [104, 0]},
          {"origin": [-13.5, 6, -9], "size": [2, 10, 2], "uv": [112, 0]},
          {"origin": [11.5, 6, -9], "size": [2, 10, 2], "uv": [120, 0]},
          {"origin": [-13, 5.5, -8.5], "size": [26, 11, 17], "uv": [0, 38]},
          {"origin": [10.5, 16, -6], "size": [4, 3, 12], "uv": [96, 66]},
          {"origin": [-14.5, 16, -6], "size": [4, 3, 12], "uv": [96, 51]},
          {"origin": [-14.5, 16, -10], "size": [29, 3, 4], "uv": [0, 66]},
          {"origin": [-9, 7.5, -8.95], "size": [18, 7, 1], "uv": [0, 105]},
          {"origin": [-9.5, 17.5, -6], "size": [1, 1, 12], "uv": [0, 90]},
          {"origin": [-7.5, 17.5, -6], "size": [1, 1, 12], "uv": [0, 90]},
          {"origin": [-5.5, 17.5, -6], "size": [1, 1, 12], "uv": [0, 90]},
          {"origin": [-3.5, 17.5, -6], "size": [1, 1, 12], "uv": [0, 90]},
          {"origin": [0.5, 17.5, -6], "size": [1, 1, 12], "uv": [0, 90]},
          {"origin": [-1.5, 17.5, -6], "size": [1, 1, 12], "uv": [0, 90]},
          {"origin": [2.5, 17.5, -6], "size": [1, 1, 12], "uv": [0, 90]},
          {"origin": [4.5, 17.5, -6], "size": [1, 1, 12], "uv": [0, 90]},
          {"origin": [6.5, 17.5, -6], "size": [1, 1, 12], "uv": [23, 87]},
          {"origin": [8.5, 17.5, -6], "size": [1, 1, 12], "uv": [0, 90]},
          {"origin": [-10.5, 6, -6], "size": [21, 10, 12], "uv": [0, 16]},
          {"origin": [-10, 8.5, -8.95], "size": [1, 5, 1], "uv": [38, 106]},
          {"origin": [9, 8.5, -8.95], "size": [1, 5, 1], "uv": [38, 106], "mirror": true}
        ]
      }
    ]
  }
}