{
	"format_version": "1.10.0",
	"geometry.model": {
		"texturewidth": 128,
		"textureheight": 128,
		"visible_bounds_width": 3,
		"visible_bounds_height": 2,
		"visible_bounds_offset": [0, 1, 0],
		"bones": [
			{
				"name": "head",
				"pivot": [0, 18, 0],
				"cubes": [
					{"origin": [-4, 18, -4], "size": [8, 8, 8], "uv": [0, 20]}
				]
			},
			{
				"name": "earLeft",
				"parent": "head",
				"pivot": [2, 25, 0],
				"rotation": [10, -10, 0],
				"cubes": [
					{"origin": [0.75, 24, -0.5], "size": [2, 5, 1], "uv": [49, 0]},
					{"origin": [1.25, 25, -0.501], "size": [1, 4, 0], "uv": [49, 6]}
				]
			},
			{
				"name": "earLeft2",
				"parent": "earLeft",
				"pivot": [2, 29, 0.5],
				"rotation": [20, 0, 0],
				"cubes": [
					{"origin": [0.75, 29, -0.5], "size": [2, 4, 1], "uv": [61, 0]},
					{"origin": [1.25, 29, -0.501], "size": [1, 4, 0], "uv": [53, 6]},
					{"origin": [1.25, 32.875, -0.5], "size": [1, 1, 1], "uv": [55, 10]}
				]
			},
			{
				"name": "earLeft3",
				"parent": "earLeft2",
				"pivot": [0.75, 33, 0.5],
				"rotation": [0, 0, 30],
				"cubes": [
					{"origin": [0.75, 33, -0.5], "size": [1, 1, 1], "uv": [65, 6]}
				]
			},
			{
				"name": "earLeft4",
				"parent": "earLeft2",
				"pivot": [2.75, 33, 0.5],
				"rotation": [0, 0, -30],
				"cubes": [
					{"origin": [1.75, 33, -0.5], "size": [1, 1, 1], "uv": [69, 6]}
				]
			},
			{
				"name": "earRight",
				"parent": "head",
				"pivot": [-2, 25, 0],
				"rotation": [10, 10, 0],
				"cubes": [
					{"origin": [-2.75, 24, -0.5], "size": [2, 5, 1], "uv": [55, 0]},
					{"origin": [-2.25, 25, -0.501], "size": [1, 4, 0], "uv": [51, 6]}
				]
			},
			{
				"name": "earRight2",
				"parent": "earRight",
				"pivot": [-2, 29, 0.5],
				"rotation": [20, 0, 0],
				"cubes": [
					{"origin": [-2.75, 29, -0.5], "size": [2, 4, 1], "uv": [67, 0]},
					{"origin": [-2.25, 29, -0.501], "size": [1, 4, 0], "uv": [55, 6]},
					{"origin": [-2.25, 32.875, -0.5], "size": [1, 1, 1], "uv": [51, 10]},
					{"origin": [-3.25, 29.5, -1], "size": [3, 2, 2], "uv": [73, 0], "inflate": -0.25}
				]
			},
			{
				"name": "earRight3",
				"parent": "earRight2",
				"pivot": [-2.75, 33, 0.5],
				"rotation": [0, 0, 30],
				"cubes": [
					{"origin": [-2.75, 33, -0.5], "size": [1, 1, 1], "uv": [57, 6]}
				]
			},
			{
				"name": "earRight4",
				"parent": "earRight2",
				"pivot": [-0.75, 33, 0.5],
				"rotation": [0, 0, -30],
				"cubes": [
					{"origin": [-1.75, 33, -0.5], "size": [1, 1, 1], "uv": [61, 6]}
				]
			},
			{
				"name": "blink",
				"parent": "head",
				"pivot": [-3, 0, -4],
				"cubes": [
					{"origin": [-4, 18, -4.001], "size": [8, 8, 0], "uv": [33, 0]}
				]
			},
			{
				"name": "hairLeft",
				"parent": "head",
				"pivot": [1, 23, 4],
				"rotation": [10, 0, -5],
				"cubes": [
					{"origin": [0, 16, 1.5], "size": [3, 5, 3], "uv": [59, 9]},
					{"origin": [0.5, 21, 3], "size": [2, 1, 1], "uv": [79, 6]},
					{"origin": [0.5, 15, 2], "size": [2, 1, 2], "uv": [79, 8]},
					{"origin": [1, 14.5, 2.5], "size": [1, 1, 1], "uv": [79, 11]}
				]
			},
			{
				"name": "headRight",
				"parent": "head",
				"pivot": [-1, 23, 4],
				"rotation": [10, 0, 5],
				"cubes": [
					{"origin": [-3, 16, 1.5], "size": [3, 5, 3], "uv": [59, 9]},
					{"origin": [-2.5, 21, 3], "size": [2, 1, 1], "uv": [79, 6]},
					{"origin": [-2.5, 15, 2], "size": [2, 1, 2], "uv": [79, 8]},
					{"origin": [-2, 14.5, 2.5], "size": [1, 1, 1], "uv": [79, 11]}
				]
			},
			{
				"name": "body",
				"pivot": [0, 0, 0],
				"cubes": [
					{"origin": [-3.5, 12, -2], "size": [7, 6, 4], "uv": [0, 36]},
					{"origin": [-4, 11, -2.5], "size": [8, 1, 5], "uv": [30, 10]},
					{"origin": [-4.5, 10, -3], "size": [9, 1, 6], "uv": [24, 20]},
					{"origin": [-5, 8, -3.5], "size": [10, 2, 7], "uv": [25, 29]},
					{"origin": [-5, 6.5, -4], "size": [10, 2, 8], "uv": [0, 10]},
					{"origin": [-4, 9, -2.5], "size": [8, 2, 5], "uv": [0, 0]}
				]
			},
			{
				"name": "skirtFront",
				"parent": "body",
				"pivot": [0, 7, -4],
				"rotation": [-15, 0, 0],
				"cubes": [
					{"origin": [-4.5, 6, -3.75], "size": [1, 2, 1], "uv": [0, 46]},
					{"origin": [-3.5, 6, -3.75], "size": [1, 2, 1], "uv": [4, 46]},
					{"origin": [-2.5, 6, -3.75], "size": [1, 2, 1], "uv": [0, 46]},
					{"origin": [-0.5, 6, -3.75], "size": [1, 2, 1], "uv": [0, 46]},
					{"origin": [1.5, 6, -3.75], "size": [1, 2, 1], "uv": [0, 46]},
					{"origin": [3.5, 6, -3.75], "size": [1, 2, 1], "uv": [0, 46]},
					{"origin": [-1.5, 6, -3.75], "size": [1, 2, 1], "uv": [4, 46]},
					{"origin": [0.5, 6, -3.75], "size": [1, 2, 1], "uv": [4, 46]},
					{"origin": [2.5, 6, -3.75], "size": [1, 2, 1], "uv": [4, 46]},
					{"origin": [-4.125, 5, -3.875], "size": [0.25, 2, 0.25], "uv": [4, 54]},
					{"origin": [-3.125, 5, -3.875], "size": [0.25, 2, 0.25], "uv": [4, 54]},
					{"origin": [-2.125, 5, -3.875], "size": [0.25, 2, 0.25], "uv": [4, 54]},
					{"origin": [-1.125, 5, -3.875], "size": [0.25, 2, 0.25], "uv": [4, 54]},
					{"origin": [-0.125, 5, -3.875], "size": [0.25, 2, 0.25], "uv": [4, 54]},
					{"origin": [0.875, 5, -3.875], "size": [0.25, 2, 0.25], "uv": [4, 54]},
					{"origin": [1.875, 5, -3.875], "size": [0.25, 2, 0.25], "uv": [4, 54]},
					{"origin": [2.875, 5, -3.875], "size": [0.25, 2, 0.25], "uv": [4, 54]},
					{"origin": [3.875, 5, -3.875], "size": [0.25, 2, 0.25], "uv": [4, 54]},
					{"origin": [-4, 5, -3.875], "size": [8, 0.25, 0.25], "uv": [0, 54]},
					{"origin": [-4.25, 4.875, -4], "size": [0.5, 0.5, 0.5], "uv": [9, 48]},
					{"origin": [-3.25, 4.875, -4], "size": [0.5, 0.5, 0.5], "uv": [9, 48]},
					{"origin": [-2.25, 4.875, -4], "size": [0.5, 0.5, 0.5], "uv": [9, 48]},
					{"origin": [-1.25, 4.875, -4], "size": [0.5, 0.5, 0.5], "uv": [9, 48]},
					{"origin": [-0.25, 4.875, -4], "size": [0.5, 0.5, 0.5], "uv": [9, 48]},
					{"origin": [0.75, 4.875, -4], "size": [0.5, 0.5, 0.5], "uv": [9, 48]},
					{"origin": [1.75, 4.875, -4], "size": [0.5, 0.5, 0.5], "uv": [9, 48]},
					{"origin": [2.75, 4.875, -4], "size": [0.5, 0.5, 0.5], "uv": [9, 48]},
					{"origin": [3.75, 4.875, -4], "size": [0.5, 0.5, 0.5], "uv": [9, 48]}
				]
			},
			{
				"name": "skirtBack",
				"parent": "body",
				"pivot": [0, 7, 4],
				"rotation": [15, 0, 0],
				"cubes": [
					{"origin": [-2.5, 6, 2.75], "size": [1, 2, 1], "uv": [4, 46]},
					{"origin": [-3.5, 6, 2.75], "size": [1, 2, 1], "uv": [0, 46]},
					{"origin": [-1.5, 6, 2.75], "size": [1, 2, 1], "uv": [0, 46]},
					{"origin": [0.5, 6, 2.75], "size": [1, 2, 1], "uv": [0, 46]},
					{"origin": [2.5, 6, 2.75], "size": [1, 2, 1], "uv": [0, 46]},
					{"origin": [-0.5, 6, 2.75], "size": [1, 2, 1], "uv": [4, 46]},
					{"origin": [1.5, 6, 2.75], "size": [1, 2, 1], "uv": [4, 46]},
					{"origin": [3.5, 6, 2.75], "size": [1, 2, 1], "uv": [4, 46]},
					{"origin": [-4.5, 6, 2.75], "size": [1, 2, 1], "uv": [4, 46]},
					{"origin": [3.875, 5, 3.625], "size": [0.25, 2, 0.25], "uv": [4, 54]},
					{"origin": [2.875, 5, 3.625], "size": [0.25, 2, 0.25], "uv": [4, 54]},
					{"origin": [1.875, 5, 3.625], "size": [0.25, 2, 0.25], "uv": [4, 54]},
					{"origin": [0.875, 5, 3.625], "size": [0.25, 2, 0.25], "uv": [4, 54]},
					{"origin": [-0.125, 5, 3.625], "size": [0.25, 2, 0.25], "uv": [4, 54]},
					{"origin": [-1.125, 5, 3.625], "size": [0.25, 2, 0.25], "uv": [4, 54]},
					{"origin": [-2.125, 5, 3.625], "size": [0.25, 2, 0.25], "uv": [4, 54]},
					{"origin": [-3.125, 5, 3.625], "size": [0.25, 2, 0.25], "uv": [4, 54]},
					{"origin": [-4.125, 5, 3.625], "size": [0.25, 2, 0.25], "uv": [4, 54]},
					{"origin": [-4, 5, 3.625], "size": [8, 0.25, 0.25], "uv": [0, 54]},
					{"origin": [-4.25, 4.875, 3.5], "size": [0.5, 0.5, 0.5], "uv": [9, 48]},
					{"origin": [-3.25, 4.875, 3.5], "size": [0.5, 0.5, 0.5], "uv": [9, 48]},
					{"origin": [-2.25, 4.875, 3.5], "size": [0.5, 0.5, 0.5], "uv": [9, 48]},
					{"origin": [-1.25, 4.875, 3.5], "size": [0.5, 0.5, 0.5], "uv": [9, 48]},
					{"origin": [-0.25, 4.875, 3.5], "size": [0.5, 0.5, 0.5], "uv": [9, 48]},
					{"origin": [0.75, 4.875, 3.5], "size": [0.5, 0.5, 0.5], "uv": [9, 48]},
					{"origin": [1.75, 4.875, 3.5], "size": [0.5, 0.5, 0.5], "uv": [9, 48]},
					{"origin": [-4.25, 4.875, 3.5], "size": [0.5, 0.5, 0.5], "uv": [9, 48]},
					{"origin": [3.75, 4.875, 3.5], "size": [0.5, 0.5, 0.5], "uv": [9, 48]},
					{"origin": [2.75, 4.875, 3.5], "size": [0.5, 0.5, 0.5], "uv": [9, 48]}
				]
			},
			{
				"name": "skirtLeft",
				"parent": "body",
				"pivot": [5, 7, 0],
				"rotation": [0, 0, -15],
				"cubes": [
					{"origin": [3.75, 6, -3.5], "size": [1, 2, 1], "uv": [0, 49]},
					{"origin": [3.75, 6, -2.5], "size": [1, 2, 1], "uv": [4, 49]},
					{"origin": [3.75, 6, -1.5], "size": [1, 2, 1], "uv": [0, 49]},
					{"origin": [3.75, 6, 0.5], "size": [1, 2, 1], "uv": [0, 49]},
					{"origin": [3.75, 6, 2.5], "size": [1, 2, 1], "uv": [0, 49]},
					{"origin": [3.75, 6, -0.5], "size": [1, 2, 1], "uv": [4, 49]},
					{"origin": [3.75, 6, 1.5], "size": [1, 2, 1], "uv": [4, 49]},
					{"origin": [4.625, 5, -3.125], "size": [0.25, 2, 0.25], "uv": [4, 54]},
					{"origin": [4.625, 5, -3.125], "size": [0.25, 2, 0.25], "uv": [4, 54]},
					{"origin": [4.625, 5, -2.125], "size": [0.25, 2, 0.25], "uv": [4, 54]},
					{"origin": [4.625, 5, -1.125], "size": [0.25, 2, 0.25], "uv": [4, 54]},
					{"origin": [4.625, 5, -0.125], "size": [0.25, 2, 0.25], "uv": [4, 54]},
					{"origin": [4.625, 5, 0.875], "size": [0.25, 2, 0.25], "uv": [4, 54]},
					{"origin": [4.625, 5, 1.875], "size": [0.25, 2, 0.25], "uv": [4, 54]},
					{"origin": [4.625, 5, 2.875], "size": [0.25, 2, 0.25], "uv": [4, 54]},
					{"origin": [4.625, 5, -3], "size": [0.25, 0.25, 6], "uv": [0, 53]},
					{"origin": [4.5, 4.875, 2.75], "size": [0.5, 0.5, 0.5], "uv": [9, 48]},
					{"origin": [4.5, 4.875, 1.75], "size": [0.5, 0.5, 0.5], "uv": [9, 48]},
					{"origin": [4.5, 4.875, 0.75], "size": [0.5, 0.5, 0.5], "uv": [9, 48]},
					{"origin": [4.5, 4.875, -0.25], "size": [0.5, 0.5, 0.5], "uv": [9, 48]},
					{"origin": [4.5, 4.875, -1.25], "size": [0.5, 0.5, 0.5], "uv": [9, 48]},
					{"origin": [4.5, 4.875, -2.25], "size": [0.5, 0.5, 0.5], "uv": [9, 48]},
					{"origin": [4.5, 4.875, -3.25], "size": [0.5, 0.5, 0.5], "uv": [9, 48]}
				]
			},
			{
				"name": "skirtRight",
				"parent": "body",
				"pivot": [-5, 7, 0],
				"rotation": [0, 0, 15],
				"cubes": [
					{"origin": [-4.75, 6, -1.5], "size": [1, 2, 1], "uv": [4, 49]},
					{"origin": [-4.75, 6, -2.5], "size": [1, 2, 1], "uv": [0, 49]},
					{"origin": [-4.75, 6, -0.5], "size": [1, 2, 1], "uv": [0, 49]},
					{"origin": [-4.75, 6, 1.5], "size": [1, 2, 1], "uv": [0, 49]},
					{"origin": [-4.75, 6, 0.5], "size": [1, 2, 1], "uv": [4, 49]},
					{"origin": [-4.75, 6, 2.5], "size": [1, 2, 1], "uv": [4, 49]},
					{"origin": [-4.75, 6, -3.5], "size": [1, 2, 1], "uv": [4, 49]},
					{"origin": [-4.875, 5, -3.125], "size": [0.25, 2, 0.25], "uv": [4, 54]},
					{"origin": [-4.875, 5, -2.125], "size": [0.25, 2, 0.25], "uv": [4, 54]},
					{"origin": [-4.875, 5, -1.125], "size": [0.25, 2, 0.25], "uv": [4, 54]},
					{"origin": [-4.875, 5, -0.125], "size": [0.25, 2, 0.25], "uv": [4, 54]},
					{"origin": [-4.875, 5, 0.875], "size": [0.25, 2, 0.25], "uv": [4, 54]},
					{"origin": [-4.875, 5, 1.875], "size": [0.25, 2, 0.25], "uv": [4, 54]},
					{"origin": [-4.875, 5, 2.875], "size": [0.25, 2, 0.25], "uv": [4, 54]},
					{"origin": [-4.875, 5, -3], "size": [0.25, 0.25, 6], "uv": [0, 53]},
					{"origin": [-5, 4.875, 2.75], "size": [0.5, 0.5, 0.5], "uv": [9, 48]},
					{"origin": [-5, 4.875, 1.75], "size": [0.5, 0.5, 0.5], "uv": [9, 48]},
					{"origin": [-5, 4.875, 0.75], "size": [0.5, 0.5, 0.5], "uv": [9, 48]},
					{"origin": [-5, 4.875, -0.25], "size": [0.5, 0.5, 0.5], "uv": [9, 48]},
					{"origin": [-5, 4.875, -2.25], "size": [0.5, 0.5, 0.5], "uv": [9, 48]},
					{"origin": [-5, 4.875, -1.25], "size": [0.5, 0.5, 0.5], "uv": [9, 48]},
					{"origin": [-5, 4.875, -3.25], "size": [0.5, 0.5, 0.5], "uv": [9, 48]}
				]
			},
			{
				"name": "skirtFL",
				"parent": "body",
				"pivot": [4, 7, -3],
				"rotation": [0, 45, 0],
				"cubes": [
					{"origin": [4.875, 5, -3.875], "size": [0.25, 0.25, 1.75], "uv": [5, 59]},
					{"origin": [4.75, 4.875, -3.25], "size": [0.5, 0.5, 0.5], "uv": [9, 48]}
				]
			},
			{
				"name": "skirtFR",
				"parent": "body",
				"pivot": [-4, 7, -3],
				"rotation": [0, -45, 0],
				"cubes": [
					{"origin": [-5.125, 5, -3.875], "size": [0.25, 0.25, 1.75], "uv": [5, 59]},
					{"origin": [6.625, 4.875, -4.625], "size": [0.5, 0.5, 0.5], "uv": [9, 48]}
				]
			},
			{
				"name": "skirtBR",
				"parent": "body",
				"pivot": [-4, 7, 3],
				"rotation": [0, 45, 0],
				"cubes": [
					{"origin": [-5.125, 5, 2.125], "size": [0.25, 0.25, 1.75], "uv": [5, 59]},
					{"origin": [-5.25, 4.875, 2.75], "size": [0.5, 0.5, 0.5], "uv": [9, 48]}
				]
			},
			{
				"name": "skirtBL",
				"parent": "body",
				"pivot": [4, 7, 3],
				"rotation": [0, -45, 0],
				"cubes": [
					{"origin": [4.875, 5, 2.125], "size": [0.25, 0.25, 1.75], "uv": [5, 59]},
					{"origin": [-7.125, 4.875, 4.125], "size": [0.5, 0.5, 0.5], "uv": [9, 48]}
				]
			},
			{
				"name": "pixelFront",
				"parent": "body",
				"pivot": [0, 0, 0],
				"cubes": [
					{"origin": [-11.5, 0.25, -11.001], "size": [15, 15, 15], "uv": [0, 64], "inflate": -7},
					{"origin": [-3.5, 0.25, -11.001], "size": [15, 15, 15], "uv": [0, 64], "inflate": -7},
					{"origin": [-7.5, 0.125, -11.001], "size": [15, 15, 15], "uv": [0, 94], "inflate": -7},
					{"origin": [-9.5, 0, -10.501], "size": [15, 15, 15], "uv": [60, 94], "inflate": -6.5},
					{"origin": [-5.5, 0, -10.501], "size": [15, 15, 15], "uv": [60, 94], "inflate": -6.5}
				]
			},
			{
				"name": "pixelBack",
				"parent": "body",
				"pivot": [0, 0, 0],
				"cubes": [
					{"origin": [-11.5, 0.25, -2.999], "size": [15, 15, 15], "uv": [0, 64], "inflate": -7},
					{"origin": [-3.5, 0.25, -2.999], "size": [15, 15, 15], "uv": [0, 64], "inflate": -7},
					{"origin": [-7.5, 0.125, -2.999], "size": [15, 15, 15], "uv": [0, 94], "inflate": -7},
					{"origin": [-9.5, 0, -2.499], "size": [15, 15, 15], "uv": [60, 94], "inflate": -6.5},
					{"origin": [-5.5, 0, -2.499], "size": [15, 15, 15], "uv": [60, 94], "inflate": -6.5}
				]
			},
			{
				"name": "pixelRight",
				"parent": "body",
				"pivot": [0, 0, 0],
				"rotation": [0, 90, 0],
				"cubes": [
					{"origin": [-7.5, 0.125, -12.001], "size": [15, 15, 15], "uv": [0, 94], "inflate": -7},
					{"origin": [-10, 0, -11.501], "size": [15, 15, 15], "uv": [60, 94], "inflate": -6.5},
					{"origin": [-5, 0, -11.501], "size": [15, 15, 15], "uv": [60, 94], "inflate": -6.5}
				]
			},
			{
				"name": "pixelLeft",
				"parent": "body",
				"pivot": [0, 0, 0],
				"rotation": [0, -90, 0],
				"cubes": [
					{"origin": [-7.5, 0.125, -12.001], "size": [15, 15, 15], "uv": [0, 94], "inflate": -7},
					{"origin": [-10, 0, -11.501], "size": [15, 15, 15], "uv": [60, 94], "inflate": -6.5},
					{"origin": [-5, 0, -11.501], "size": [15, 15, 15], "uv": [60, 94], "inflate": -6.5}
				]
			},
			{
				"name": "chestPlate",
				"parent": "body",
				"pivot": [0, 14, 2],
				"rotation": [0, 0, -70],
				"cubes": [
					{"origin": [-0.5, -1, 2], "size": [1, 30, 1], "uv": [124, 0]},
					{"origin": [-3, 1, 1], "size": [6, 3, 3], "uv": [83, 0]},
					{"origin": [2.5, 1.5, 1.5], "size": [1, 2, 2], "uv": [73, 4]},
					{"origin": [-5, 1.5, 1.5], "size": [3, 2, 2], "uv": [101, 0]}
				]
			},
			{
				"name": "legLeft",
				"pivot": [2, 9, 0],
				"cubes": [
					{"origin": [0.5, 0, -1.5], "size": [3, 9, 3], "uv": [22, 38]}
				]
			},
			{
				"name": "legRight",
				"pivot": [-2, 9, 0],
				"cubes": [
					{"origin": [-3.5, 0, -1.5], "size": [3, 9, 3], "uv": [22, 38]}
				]
			},
			{
				"name": "armLeft",
				"pivot": [3, 17, 0],
				"rotation": [0, 0, -25],
				"cubes": [
					{"origin": [3, 9, -1], "size": [2, 8, 2], "uv": [44, 44]},
					{"origin": [2.5, 13.5, -1.5], "size": [3, 4, 3], "uv": [34, 38]}
				]
			},
			{
				"name": "armRight",
				"pivot": [-3, 17, 0],
				"rotation": [0, 0, 25],
				"cubes": [
					{"origin": [-5, 9, -1], "size": [2, 8, 2], "uv": [44, 44]},
					{"origin": [-5.5, 13.5, -1.5], "size": [3, 4, 3], "uv": [34, 38]}
				]
			},
			{
				"name": "tail",
				"pivot": [0, 11, 2]
			},
			{
				"name": "bone10",
				"parent": "tail",
				"pivot": [0, 11.25, 2.5],
				"rotation": [20, 0, 0],
				"cubes": [
					{"origin": [-0.95, 10.25, 1.5], "size": [1.9, 2, 2], "uv": [0, 10]}
				]
			}
		]
	}
}