{
  "format_version": "1.10.0",
  "geometry.model": {
    "texturewidth": 128,
    "textureheight": 128,
    "visible_bounds_width": 3,
    "visible_bounds_height": 1,
    "visible_bounds_offset": [0, 0.5, 0],
    "bones": [
      {
        "name": "bone",
        "pivot": [0, 0, 0],
        "cubes": [
          {"origin": [-16, 15, -16], "size": [32, 1, 32], "uv": [0, 0]}
        ]
      },
      {
        "name": "bone2",
        "parent": "bone",
        "pivot": [8, 0, 8],
        "cubes": [
          {"origin": [-16, 0, -16], "size": [2, 14, 2], "uv": [0, 0]},
          {"origin": [-15, 14, -15], "size": [29, 1, 1], "uv": [0, 39]},
          {"origin": [-15, 8, -15], "size": [29, 1, 1], "uv": [0, 37]},
          {"origin": [-6, 9, -15], "size": [1, 3, 1], "uv": [8, 0]},
          {"origin": [5, 9, -15], "size": [1, 3, 1], "uv": [8, 8]},
          {"origin": [-14, 12, -16], "size": [28, 2, 2], "uv": [0, 33]}
        ]
      },
      {
        "name": "bone3",
        "parent": "bone",
        "pivot": [8, 0, 8],
        "rotation": [0, -90, 0],
        "cubes": [
          {"origin": [-16, 0, 0], "size": [2, 14, 2], "uv": [0, 0]},
          {"origin": [-15, 14, 1], "size": [29, 1, 1], "uv": [0, 39]},
          {"origin": [-15, 8, 1], "size": [29, 1, 1], "uv": [0, 37]},
          {"origin": [-6, 9, 1], "size": [1, 3, 1], "uv": [8, 0]},
          {"origin": [5, 9, 1], "size": [1, 3, 1], "uv": [8, 8]},
          {"origin": [-14, 12, 0], "size": [28, 2, 2], "uv": [0, 33]}
        ]
      },
      {
        "name": "bone4",
        "parent": "bone",
        "pivot": [8, 0, 8],
        "rotation": [0, 180, 0],
        "cubes": [
          {"origin": [0, 0, 0], "size": [2, 14, 2], "uv": [0, 0]},
          {"origin": [1, 14, 1], "size": [29, 1, 1], "uv": [0, 39]},
          {"origin": [1, 8, 1], "size": [29, 1, 1], "uv": [0, 37]},
          {"origin": [10, 9, 1], "size": [1, 3, 1], "uv": [8, 0]},
          {"origin": [21, 9, 1], "size": [1, 3, 1], "uv": [8, 8]},
          {"origin": [2, 12, 0], "size": [28, 2, 2], "uv": [0, 33]}
        ]
      },
      {
        "name": "bone5",
        "parent": "bone",
        "pivot": [8, 0, 8],
        "rotation": [0, 90, 0],
        "cubes": [
          {"origin": [0, 0, -16], "size": [2, 14, 2], "uv": [0, 0]},
          {"origin": [1, 14, -15], "size": [29, 1, 1], "uv": [0, 39]},
          {"origin": [1, 8, -15], "size": [29, 1, 1], "uv": [0, 37]},
          {"origin": [10, 9, -15], "size": [1, 3, 1], "uv": [8, 0]},
          {"origin": [21, 9, -15], "size": [1, 3, 1], "uv": [8, 8]},
          {"origin": [2, 12, -16], "size": [28, 2, 2], "uv": [0, 33]}
        ]
      }
    ]
  }
}