{
  "format_version": "1.10.0",
  "geometry.model": {
    "texturewidth": 128,
    "textureheight": 128,
    "visible_bounds_width": 3,
    "visible_bounds_height": 2,
    "visible_bounds_offset": [0, 1, 0],
    "bones": [
      {
        "name": "head",
        "pivot": [0, 18, 0],
        "cubes": [
          {
            "origin": [-4, 18, -4],
            "size": [8, 8, 8],
            "uv": [40, 58]
          },
          {
            "origin": [-4, 22.5, 0.5],
            "size": [8, 4, 1],
            "uv": [20, 74]
          },
          {
            "origin": [-4.5, 26, 0.5],
            "size": [1, 1, 1],
            "uv": [16, 80]
          },
          {
            "origin": [-2.5, 26, 0.5],
            "size": [1, 1, 1],
            "uv": [20, 80]
          },
          {
            "origin": [-0.5, 26, 0.5],
            "size": [1, 1, 1],
            "uv": [24, 80]
          },
          {
            "origin": [1.5, 26, 0.5],
            "size": [1, 1, 1],
            "uv": [28, 80]
          },
          {
            "origin": [3.5, 26, 0.5],
            "size": [1, 1, 1],
            "uv": [32, 80]
          },
          {
            "origin": [-3.5, 26.5, 1],
            "size": [1, 1, 0],
            "uv": [38, 74]
          },
          {
            "origin": [-1.5, 26.5, 1],
            "size": [1, 1, 0],
            "uv": [38, 75]
          },
          {
            "origin": [0.5, 26.5, 1],
            "size": [1, 1, 0],
            "uv": [38, 76]
          },
          {
            "origin": [2.5, 26.5, 1],
            "size": [1, 1, 0],
            "uv": [38, 77]
          }
        ]
      },
      {
        "name": "blink",
        "parent": "head",
        "pivot": [0, 18, 0],
        "cubes": [
          {
            "origin": [-4, 18, -4.001],
            "size": [8, 8, 0],
            "uv": [0, 97]
          }
        ]
      },
      {
        "name": "headRibbonRight",
        "parent": "head",
        "pivot": [-5, 24, 0],
        "rotation": [0, -15, 25],
        "cubes": [
          {
            "origin": [-5, 24, 0],
            "size": [1, 1, 1],
            "uv": [0, 74]
          }
        ]
      },
      {
        "name": "headRibbonLeft",
        "parent": "head",
        "pivot": [5, 24, 0],
        "rotation": [0, 15, -25],
        "cubes": [
          {
            "origin": [4, 24, 0],
            "size": [1, 1, 1],
            "uv": [0, 76]
          }
        ]
      },
      {
        "name": "headRibbonRight2",
        "parent": "head",
        "pivot": [-5, 24, 0],
        "rotation": [0, 15, 25],
        "cubes": [
          {
            "origin": [-5, 24, -1],
            "size": [1, 1, 1],
            "uv": [0, 74]
          }
        ]
      },
      {
        "name": "headRibbonLeft2",
        "parent": "head",
        "pivot": [5, 24, 0],
        "rotation": [0, -15, -25],
        "cubes": [
          {
            "origin": [4, 24, -1],
            "size": [1, 1, 1],
            "uv": [0, 76]
          }
        ]
      },
      {
        "name": "headBraidLeft",
        "parent": "head",
        "pivot": [5, 24, 0],
        "rotation": [0, 0, -25],
        "cubes": [
          {
            "origin": [4, 24.5, -0.5],
            "size": [1, 1, 1],
            "uv": [0, 78]
          },
          {
            "origin": [3.5, 21.5, -1],
            "size": [2, 3, 2],
            "uv": [12, 74]
          },
          {
            "origin": [4.5, 21, -1],
            "size": [1, 1, 2],
            "uv": [10, 79]
          }
        ]
      },
      {
        "name": "headBraidRight",
        "parent": "head",
        "pivot": [-5, 24, 0],
        "rotation": [0, 0, 25],
        "cubes": [
          {
            "origin": [-5, 24.5, -0.5],
            "size": [1, 1, 1],
            "uv": [0, 80]
          },
          {
            "origin": [-5.5, 21.5, -1],
            "size": [2, 3, 2],
            "uv": [4, 74]
          },
          {
            "origin": [-5.5, 21, -1],
            "size": [1, 1, 2],
            "uv": [4, 79]
          }
        ]
      },
      {
        "name": "body",
        "pivot": [0, 10.5, 0]
      },
      {
        "name": "bodyRibbonFrontRight",
        "parent": "body",
        "pivot": [0, 17, -3.5],
        "rotation": [-15, 0, 15],
        "cubes": [
          {
            "origin": [-0.5, 15, -3.5],
            "size": [1, 2, 1],
            "uv": [24, 93]
          }
        ]
      },
      {
        "name": "bodyRibbonFrontLeft",
        "parent": "body",
        "pivot": [0, 17, -3.5],
        "rotation": [-15, 0, -15],
        "cubes": [
          {
            "origin": [-0.5, 15, -3.5],
            "size": [1, 2, 1],
            "uv": [28, 93]
          }
        ]
      },
      {
        "name": "ribbonBackRight",
        "parent": "body",
        "pivot": [0, 10.5, 5],
        "rotation": [20, 20, 20],
        "cubes": [
          {
            "origin": [-5, 10.5, 4.5],
            "size": [5, 3, 1],
            "uv": [8, 111]
          }
        ]
      },
      {
        "name": "ribbonBackLeft",
        "parent": "body",
        "pivot": [0, 10.5, 5],
        "rotation": [20, -20, -20],
        "cubes": [
          {
            "origin": [0, 10.5, 4.5],
            "size": [5, 3, 1],
            "uv": [8, 107]
          }
        ]
      },
      {
        "name": "boneRight",
        "parent": "body",
        "pivot": [-1, 10.5, -4.5],
        "rotation": [-30, 0, 20],
        "cubes": [
          {
            "origin": [-1, 10, -4.5],
            "size": [1, 1, 0],
            "uv": [32, 94]
          }
        ]
      },
      {
        "name": "boneLeft",
        "parent": "body",
        "pivot": [1, 10.5, -4.5],
        "rotation": [-30, 0, -20],
        "cubes": [
          {
            "origin": [0, 10, -4.5],
            "size": [1, 1, 0],
            "uv": [34, 94]
          }
        ]
      },
      {
        "name": "dress",
        "parent": "body",
        "pivot": [0, 10.5, 0],
        "cubes": [
          {
            "origin": [-3, 12, -3],
            "size": [6, 6, 6],
            "uv": [0, 85]
          },
          {
            "origin": [-3.5, 17.5, -3.5],
            "size": [1, 1, 7],
            "uv": [40, 74]
          },
          {
            "origin": [-4, 9, -4],
            "size": [8, 3, 8],
            "uv": [72, 74]
          },
          {
            "origin": [-5, 4, -5],
            "size": [10, 6, 10],
            "uv": [0, 58]
          },
          {
            "origin": [-4, 7, -2],
            "size": [8, 2, 4],
            "uv": [24, 85]
          },
          {
            "origin": [-1.5, 3, -5.5],
            "size": [1, 1, 1],
            "uv": [60, 121]
          },
          {
            "origin": [0.5, 3, -5.5],
            "size": [1, 1, 1],
            "uv": [56, 121]
          },
          {
            "origin": [-3.5, 3, -5.5],
            "size": [1, 1, 1],
            "uv": [52, 121]
          },
          {
            "origin": [2.5, 3, -5.5],
            "size": [1, 1, 1],
            "uv": [48, 121]
          },
          {
            "origin": [-5.5, 3, -5.5],
            "size": [1, 1, 1],
            "uv": [44, 121]
          },
          {
            "origin": [4.5, 3, -5.5],
            "size": [1, 1, 1],
            "uv": [40, 121]
          },
          {
            "origin": [4.5, 3, -3.5],
            "size": [1, 1, 1],
            "uv": [36, 121]
          },
          {
            "origin": [4.5, 3, -1.5],
            "size": [1, 1, 1],
            "uv": [32, 121]
          },
          {
            "origin": [4.5, 3, 0.5],
            "size": [1, 1, 1],
            "uv": [28, 121]
          },
          {
            "origin": [4.5, 3, 2.5],
            "size": [1, 1, 1],
            "uv": [24, 121]
          },
          {
            "origin": [4.5, 3, 4.5],
            "size": [1, 1, 1],
            "uv": [20, 121]
          },
          {
            "origin": [2.5, 3, 4.5],
            "size": [1, 1, 1],
            "uv": [16, 121]
          },
          {
            "origin": [0.5, 3, 4.5],
            "size": [1, 1, 1],
            "uv": [12, 121]
          },
          {
            "origin": [-1.5, 3, 4.5],
            "size": [1, 1, 1],
            "uv": [8, 121]
          },
          {
            "origin": [-3.5, 3, 4.5],
            "size": [1, 1, 1],
            "uv": [4, 121]
          },
          {
            "origin": [-5.5, 3, 4.5],
            "size": [1, 1, 1],
            "uv": [0, 121]
          },
          {
            "origin": [-5.5, 3, 2.5],
            "size": [1, 1, 1],
            "uv": [34, 117]
          },
          {
            "origin": [-5.5, 3, 0.5],
            "size": [1, 1, 1],
            "uv": [30, 119]
          },
          {
            "origin": [-5.5, 3, -1.5],
            "size": [1, 1, 1],
            "uv": [30, 117]
          },
          {
            "origin": [-5.5, 3, -3.5],
            "size": [1, 1, 1],
            "uv": [26, 119]
          },
          {
            "origin": [-0.5, 10.5, 4],
            "size": [1, 1, 1],
            "uv": [26, 117]
          },
          {
            "origin": [2.5, 17.5, -3.5],
            "size": [1, 1, 7],
            "uv": [56, 74]
          },
          {
            "origin": [-3.5, 14.5, -3.5],
            "size": [1, 3, 1],
            "uv": [20, 107]
          },
          {
            "origin": [2.5, 14.5, -3.5],
            "size": [1, 3, 1],
            "uv": [24, 107]
          },
          {
            "origin": [-0.5, 16.5, -3.5],
            "size": [1, 1, 1],
            "uv": [24, 91]
          },
          {
            "origin": [-1, 10.5, -4.5],
            "size": [2, 1, 1],
            "uv": [32, 91]
          },
          {
            "origin": [-5.5, 3.5, -5.5],
            "size": [11, 1, 11],
            "uv": [54, 97]
          },
          {
            "origin": [-5.5, 7.5, -5.5],
            "size": [1, 1, 1],
            "uv": [64, 121]
          },
          {
            "origin": [-3.5, 7.5, -5.5],
            "size": [1, 1, 1],
            "uv": [68, 121]
          },
          {
            "origin": [2.5, 7.5, -5.5],
            "size": [1, 1, 1],
            "uv": [80, 121]
          },
          {
            "origin": [4.5, 7.5, -5.5],
            "size": [1, 1, 1],
            "uv": [84, 121]
          },
          {
            "origin": [4.5, 7.5, -3.5],
            "size": [1, 1, 1],
            "uv": [88, 121]
          },
          {
            "origin": [4.5, 7.5, -1.5],
            "size": [1, 1, 1],
            "uv": [92, 121]
          },
          {
            "origin": [4.5, 7.5, 0.5],
            "size": [1, 1, 1],
            "uv": [96, 121]
          },
          {
            "origin": [4.5, 7.5, 2.5],
            "size": [1, 1, 1],
            "uv": [100, 121]
          },
          {
            "origin": [4.5, 7.5, 4.5],
            "size": [1, 1, 1],
            "uv": [64, 119]
          },
          {
            "origin": [2.5, 7.5, 4.5],
            "size": [1, 1, 1],
            "uv": [68, 119]
          },
          {
            "origin": [-3.5, 7.5, 4.5],
            "size": [1, 1, 1],
            "uv": [80, 119]
          },
          {
            "origin": [-5.5, 7.5, 4.5],
            "size": [1, 1, 1],
            "uv": [84, 119]
          },
          {
            "origin": [-5.5, 7.5, 2.5],
            "size": [1, 1, 1],
            "uv": [88, 119]
          },
          {
            "origin": [-5.5, 7.5, 0.5],
            "size": [1, 1, 1],
            "uv": [92, 119]
          },
          {
            "origin": [-5.5, 7.5, -1.5],
            "size": [1, 1, 1],
            "uv": [96, 119]
          },
          {
            "origin": [-5.5, 7.5, -3.5],
            "size": [1, 1, 1],
            "uv": [100, 119]
          }
        ]
      },
      {
        "name": "armRight",
        "pivot": [-3, 17.5, 0],
        "rotation": [0, 0, 25],
        "cubes": [
          {
            "origin": [-5, 9, -1],
            "size": [2, 8, 2],
            "uv": [0, 107]
          },
          {
            "origin": [-5.5, 14, -1.5],
            "size": [3, 3, 3],
            "uv": [40, 97]
          },
          {
            "origin": [-6, 10, -2],
            "size": [4, 4, 4],
            "uv": [72, 89]
          }
        ]
      },
      {
        "name": "armLeft",
        "pivot": [3, 17.5, 0],
        "rotation": [0, 0, -25],
        "cubes": [
          {
            "origin": [3, 9, -1],
            "size": [2, 8, 2],
            "uv": [32, 97]
          },
          {
            "origin": [2.5, 14, -1.5],
            "size": [3, 3, 3],
            "uv": [16, 101]
          },
          {
            "origin": [2, 10, -2],
            "size": [4, 4, 4],
            "uv": [88, 89]
          }
        ]
      },
      {
        "name": "legLeft",
        "pivot": [2, 9, 0],
        "cubes": [
          {
            "origin": [0.5, 0, -1.5],
            "size": [3, 9, 3],
            "uv": [60, 85]
          }
        ]
      },
      {
        "name": "legRight",
        "pivot": [-2, 9, 0],
        "cubes": [
          {
            "origin": [-3.5, 0, -1.5],
            "size": [3, 9, 3],
            "uv": [48, 85]
          }
        ]
      },
      {
        "name": "wingRight",
        "pivot": [0, 13.5, 3],
        "rotation": [0, -60, 0],
        "cubes": [
          {
            "origin": [-0.26795, 13.5, 4],
            "size": [0, 12, 20],
            "uv": [0, 0]
          },
          {
            "origin": [0.73205, 3.5, 4],
            "size": [0, 10, 16],
            "uv": [0, 32]
          }
        ]
      },
      {
        "name": "wingLeft",
        "pivot": [0, 13.5, 3],
        "rotation": [0, 60, 0],
        "cubes": [
          {
            "origin": [0.26795, 13.5, 4],
            "size": [0, 12, 20],
            "uv": [40, 0]
          },
          {
            "origin": [-0.73205, 3.5, 4],
            "size": [0, 10, 16],
            "uv": [32, 32]
          }
        ]
      }
    ]
  }
}