{
	"format_version": "1.10.0",
	"geometry.model": {
		"texturewidth": 128,
		"textureheight": 128,
		"visible_bounds_width": 3,
		"visible_bounds_height": 2,
		"visible_bounds_offset": [0, 0, 0],
		"bones": [
			{
				"name": "head",
				"pivot": [0, 18, 0],
				"cubes": [
					{"origin": [-4, 18, -4], "size": [8, 8, 8], "uv": [0, 0]},
					{"origin": [-4.3, 17.8, -4.2], "size": [8.5, 8.5, 8.5], "uv": [0, 54]},
					{"origin": [-5.3, 17.9, 1], "size": [10.5, 3.5, 3.5], "uv": [80, 24]},
					{"origin": [-5, 18.5, -4.21], "size": [2, 2, 1], "uv": [0, 0]},
					{"origin": [3, 18.5, -4.21], "size": [2, 2, 1], "uv": [0, 0]},
					{"origin": [3.5, 19, -4.22], "size": [1, 1, 0], "uv": [5, 0]},
					{"origin": [-4.5, 19, -4.22], "size": [1, 1, 0], "uv": [5, 0]}
				]
			},
			{
				"name": "ahoge",
				"parent": "head",
				"pivot": [0, 26, 0],
				"cubes": [
					{"origin": [-3.7, 26, -2], "size": [7.5, 3, 0], "uv": [0, 125]},
					{"origin": [-3, 29, -2], "size": [6, 1, 0], "uv": [0, 124]}
				]
			},
			{
				"name": "blink",
				"parent": "head",
				"pivot": [0, 18, 0],
				"cubes": [
					{"origin": [-4, 18, -4.001], "size": [8, 8, 0], "uv": [44, 28]}
				]
			},
			{
				"name": "armRight",
				"pivot": [-3, 17.5, 0],
				"rotation": [0, 0, 25],
				"cubes": [
					{"origin": [-5, 8.5, -1], "size": [2, 8, 2], "uv": [32, 40]},
					{"origin": [-5.5, 13.5, -1.5], "size": [3, 4, 3], "uv": [12, 46]}
				]
			},
			{
				"name": "armLeft",
				"pivot": [3, 17.5, 0],
				"rotation": [0, 0, -25],
				"cubes": [
					{"origin": [2.5, 13.5, -1.5], "size": [3, 4, 3], "uv": [12, 40]},
					{"origin": [3, 8.5, -1], "size": [2, 8, 2], "uv": [24, 40]}
				]
			},
			{
				"name": "body",
				"pivot": [0, 10.5, 0],
				"cubes": [
					{"origin": [-3, 12.999, -3], "size": [6, 5, 6], "uv": [56, 16]},
					{"origin": [-3.3, 10.999, -3.2], "size": [6.5, 2, 6.5], "uv": [80, 16]}
				]
			},
			{
				"name": "bone41",
				"parent": "body",
				"pivot": [4, 6, -3.52949]
			},
			{
				"name": "bone40",
				"parent": "bone41",
				"pivot": [4, 16, -3.52949],
				"rotation": [-12.5, 0, 0],
				"cubes": [
					{"origin": [0.5, 15.01519, -3.5], "size": [1.5, 1.5, 1], "uv": [119, 126]},
					{"origin": [1, 14.03038, -3.5], "size": [1, 1, 1], "uv": [119, 123]}
				]
			},
			{
				"name": "bone42",
				"parent": "bone41",
				"pivot": [2, 15, -3.52949],
				"rotation": [-12.5, 0, 0],
				"cubes": [
					{"origin": [-1.5, 14.01519, -3.5], "size": [1.5, 1.5, 1], "uv": [115, 126]},
					{"origin": [-1, 13.03038, -3.5], "size": [1, 1, 1], "uv": [115, 123]}
				]
			},
			{
				"name": "bone43",
				"parent": "bone41",
				"pivot": [0, 13, -3.52949],
				"rotation": [-12.5, 0, 12.5],
				"cubes": [
					{"origin": [-3.5, 12.01519, -3.5], "size": [1.5, 1.5, 1], "uv": [111, 123]},
					{"origin": [-3, 11.03038, -3.5], "size": [1, 1, 1], "uv": [110, 126]}
				]
			},
			{
				"name": "bone44",
				"parent": "bone41",
				"pivot": [6, 18, -3.52949],
				"rotation": [-12.5, 0, -22.5],
				"cubes": [
					{"origin": [2.5, 17.01519, -3.5], "size": [1.5, 1.5, 1], "uv": [124, 125]},
					{"origin": [3, 16.03038, -3.5], "size": [1, 1, 1], "uv": [124, 122]}
				]
			},
			{
				"name": "sittingRotationSkirt",
				"parent": "body",
				"pivot": [0, 10.5, 0],
				"cubes": [
					{"origin": [-3.5, 11, -3.5], "size": [7, 1, 7], "uv": [28, 16]}
				]
			},
			{
				"name": "bone18",
				"parent": "body",
				"pivot": [3, 14.5, -3],
				"rotation": [-25, 0, 10],
				"cubes": [
					{"origin": [2, 11.5, -3], "size": [1, 3, 0], "uv": [126, 7]},
					{"origin": [1.7, 8.5, -3], "size": [1.5, 3, 0], "uv": [126, 4]},
					{"origin": [1.5, 6.5, -3], "size": [2, 2, 0], "uv": [124, 0]},
					{"origin": [0.5, 5.5, -3], "size": [4, 1, 0], "uv": [114, 0]}
				]
			},
			{
				"name": "bone19",
				"parent": "body",
				"pivot": [3, 14.5, -3],
				"rotation": [-17.5, 0, -30],
				"cubes": [
					{"origin": [2, 11.5, -3], "size": [1, 3, 0], "uv": [126, 7]},
					{"origin": [1.7, 8.5, -3], "size": [1.5, 3, 0], "uv": [126, 4]},
					{"origin": [1.5, 6.5, -3], "size": [2, 2, 0], "uv": [124, 0]},
					{"origin": [0.5, 5.5, -3], "size": [4, 1, 0], "uv": [114, 0]}
				]
			},
			{
				"name": "bone",
				"pivot": [0, 6, 0]
			},
			{
				"name": "bone24",
				"parent": "bone",
				"pivot": [1, 6, -4.52949]
			},
			{
				"name": "bone20",
				"parent": "bone24",
				"pivot": [1, 6, -4.52949],
				"rotation": [7.5, 0, 0],
				"cubes": [
					{"origin": [-2, 5.01519, -4.70314], "size": [1.5, 1.5, 1], "uv": [119, 126]},
					{"origin": [-1.5, 4.03038, -4.7], "size": [1, 1, 1], "uv": [119, 123]}
				]
			},
			{
				"name": "bone23",
				"parent": "bone24",
				"pivot": [6, 6, -4.52949],
				"rotation": [7.5, 0, 0],
				"cubes": [
					{"origin": [3, 5.01519, -4.70314], "size": [1.5, 1.5, 1], "uv": [110, 126]},
					{"origin": [3.5, 4.03038, -4.7], "size": [1, 1, 1], "uv": [111, 123]}
				]
			},
			{
				"name": "bone21",
				"parent": "bone24",
				"pivot": [4, 6, -4.52949],
				"rotation": [-12.5, 0, 0],
				"cubes": [
					{"origin": [0.5, 5.01519, -4.70314], "size": [1.5, 1.5, 1], "uv": [114, 126]},
					{"origin": [1, 4.03038, -4.7], "size": [1, 1, 1], "uv": [115, 123]}
				]
			},
			{
				"name": "bone22",
				"parent": "bone24",
				"pivot": [-2, 6, -4.52949],
				"rotation": [-12.5, -7.5, 0],
				"cubes": [
					{"origin": [-4.5, 5.01519, -4.7031], "size": [1.5, 1.5, 1], "uv": [124, 125]},
					{"origin": [-4, 4.03038, -4.7031], "size": [1, 1, 1], "uv": [124, 122]}
				]
			},
			{
				"name": "bone30",
				"parent": "bone",
				"pivot": [0, 6, 4.47051]
			},
			{
				"name": "bone31",
				"parent": "bone30",
				"pivot": [0, 6, 4.47051],
				"rotation": [7.5, 0, 0],
				"cubes": [
					{"origin": [-3, 5.01519, 4.29686], "size": [1.5, 1.5, 1], "uv": [105, 126]},
					{"origin": [-2.5, 4.03038, 4.3], "size": [1, 1, 1], "uv": [106, 123]}
				]
			},
			{
				"name": "bone32",
				"parent": "bone30",
				"pivot": [5, 6, 4.47051],
				"rotation": [7.5, 0, 0],
				"cubes": [
					{"origin": [2, 5.01519, 4.29686], "size": [1.5, 1.5, 1], "uv": [95, 126]},
					{"origin": [2.5, 4.03038, 4.3], "size": [1, 1, 1], "uv": [96, 123]}
				]
			},
			{
				"name": "bone33",
				"parent": "bone30",
				"pivot": [3, 6, 4.47051],
				"rotation": [-12.5, 0, 0],
				"cubes": [
					{"origin": [-0.5, 5.01519, 4.29686], "size": [1.5, 1.5, 1], "uv": [100, 126]},
					{"origin": [0, 4.03038, 4.3], "size": [1, 1, 1], "uv": [100, 123]}
				]
			},
			{
				"name": "bone34",
				"parent": "bone30",
				"pivot": [-3, 6, 4.47051],
				"rotation": [-12.5, -7.5, 0]
			},
			{
				"name": "bone25",
				"parent": "bone",
				"pivot": [-5, 6, -0.52949],
				"rotation": [0, 90, 0]
			},
			{
				"name": "bone26",
				"parent": "bone25",
				"pivot": [-5, 6, -0.52949],
				"rotation": [7.5, 0, 0],
				"cubes": [
					{"origin": [-8, 5.01519, -0.70314], "size": [1.5, 1.5, 1], "uv": [115, 123]},
					{"origin": [-7.5, 4.03038, -0.7], "size": [1, 1, 1], "uv": [116, 123]}
				]
			},
			{
				"name": "bone27",
				"parent": "bone25",
				"pivot": [-1, 6, -0.52949],
				"rotation": [7.5, 0, 0],
				"cubes": [
					{"origin": [-3, 5.01519, -0.2], "size": [1.5, 1.5, 1], "uv": [124, 125]},
					{"origin": [-2.5, 4.03038, -0.2], "size": [1, 1, 1], "uv": [124, 122]}
				]
			},
			{
				"name": "bone28",
				"parent": "bone25",
				"pivot": [-2, 6, -0.52949],
				"rotation": [-12.5, 0, 0],
				"cubes": [
					{"origin": [-5.5, 5.01519, -0.70314], "size": [1.5, 1.5, 1], "uv": [119, 126]},
					{"origin": [-5, 4.03038, -0.7], "size": [1, 1, 1], "uv": [119, 123]}
				]
			},
			{
				"name": "bone29",
				"parent": "bone25",
				"pivot": [-8, 6, -0.52949],
				"rotation": [-12.5, -7.5, 0],
				"cubes": [
					{"origin": [-10.5, 5, 0.1], "size": [1.5, 1.5, 1], "uv": [111, 123]},
					{"origin": [-10, 4.03038, 0.1], "size": [1, 1, 1], "uv": [111, 123]}
				]
			},
			{
				"name": "bone35",
				"parent": "bone",
				"pivot": [5, 6, -0.52949],
				"rotation": [0, 90, -15]
			},
			{
				"name": "bone36",
				"parent": "bone35",
				"pivot": [5, 6, -0.52949],
				"rotation": [7.5, 0, 0],
				"cubes": [
					{"origin": [2, 5.01519, -0.70314], "size": [1.5, 1.5, 1], "uv": [95, 126]},
					{"origin": [2.5, 4.03038, -0.7], "size": [1, 1, 1], "uv": [96, 123]}
				]
			},
			{
				"name": "bone37",
				"parent": "bone35",
				"pivot": [9, 6, -0.52949],
				"rotation": [7.5, 0, 0],
				"cubes": [
					{"origin": [7, 5.39788, -1.12388], "size": [1.5, 1.5, 1], "uv": [105, 126]},
					{"origin": [7.5, 4.41307, -1.12388], "size": [1, 1, 1], "uv": [106, 123]}
				]
			},
			{
				"name": "bone38",
				"parent": "bone35",
				"pivot": [8, 6, -0.52949],
				"rotation": [-12.5, 0, 0],
				"cubes": [
					{"origin": [4.5, 5.01519, -0.70314], "size": [1.5, 1.5, 1], "uv": [100, 126]},
					{"origin": [5, 4.03038, -0.7], "size": [1, 1, 1], "uv": [100, 123]}
				]
			},
			{
				"name": "bone39",
				"parent": "bone35",
				"pivot": [2, 6, -0.52949],
				"rotation": [-12.5, -7.5, 0],
				"cubes": [
					{"origin": [-0.62608, 5.04541, -0.89098], "size": [1.5, 1.5, 1], "uv": [90, 126]},
					{"origin": [-0.12608, 4.07579, -0.89098], "size": [1, 1, 1], "uv": [91, 123]}
				]
			},
			{
				"name": "bone2",
				"parent": "bone",
				"pivot": [0, 6, 0]
			},
			{
				"name": "bone3",
				"parent": "bone2",
				"pivot": [0, 6, 4.47051],
				"rotation": [10, 0, 0],
				"cubes": [
					{"origin": [-2.5, 5.65782, 4.47051], "size": [5, 6, 0], "uv": [118, 115]}
				]
			},
			{
				"name": "bone4",
				"parent": "bone3",
				"pivot": [-2.5, 5.65782, 4.47051],
				"rotation": [0, 0, 9.85108],
				"cubes": [
					{"origin": [-4.5, 5.65782, 4.46951], "size": [2, 6, 0], "uv": [124, 108]}
				]
			},
			{
				"name": "bone5",
				"parent": "bone3",
				"pivot": [2.5, 5.65782, 4.47051],
				"rotation": [0, 0, -9.85108],
				"cubes": [
					{"origin": [2.5, 5.65782, 4.47151], "size": [2, 6, 0], "uv": [124, 108]}
				]
			},
			{
				"name": "bone6",
				"parent": "bone",
				"pivot": [0, 6, 0],
				"rotation": [0, -90, 0]
			},
			{
				"name": "bone7",
				"parent": "bone6",
				"pivot": [0, 6, 4.47051],
				"rotation": [10, 0, 0],
				"cubes": [
					{"origin": [-2.5, 5.65782, 4.47051], "size": [5, 6, 0], "uv": [118, 115]}
				]
			},
			{
				"name": "bone8",
				"parent": "bone7",
				"pivot": [-2.5, 5.65782, 4.47051],
				"rotation": [0, 0, 9.85108],
				"cubes": [
					{"origin": [-4.5, 5.65782, 4.46951], "size": [2, 6, 0], "uv": [124, 108]}
				]
			},
			{
				"name": "bone9",
				"parent": "bone7",
				"pivot": [2.5, 5.65782, 4.47051],
				"rotation": [0, 0, -9.85108],
				"cubes": [
					{"origin": [2.5, 5.65782, 4.47151], "size": [2, 6, 0], "uv": [124, 108]}
				]
			},
			{
				"name": "bone10",
				"parent": "bone",
				"pivot": [0, 6, 0],
				"rotation": [0, -180, 0]
			},
			{
				"name": "bone11",
				"parent": "bone10",
				"pivot": [0, 6, 4.47051],
				"rotation": [10, 0, 0],
				"cubes": [
					{"origin": [-2.5, 5.65782, 4.47051], "size": [5, 6, 0], "uv": [118, 115]}
				]
			},
			{
				"name": "bone12",
				"parent": "bone11",
				"pivot": [-2.5, 5.65782, 4.47051],
				"rotation": [0, 0, 9.85108],
				"cubes": [
					{"origin": [-4.5, 5.65782, 4.46951], "size": [2, 6, 0], "uv": [124, 108]}
				]
			},
			{
				"name": "bone13",
				"parent": "bone11",
				"pivot": [2.5, 5.65782, 4.47051],
				"rotation": [0, 0, -9.85108],
				"cubes": [
					{"origin": [2.5, 5.65782, 4.47151], "size": [2, 6, 0], "uv": [124, 108]}
				]
			},
			{
				"name": "bone14",
				"parent": "bone",
				"pivot": [0, 6, 0],
				"rotation": [0, -270, 0]
			},
			{
				"name": "bone15",
				"parent": "bone14",
				"pivot": [0, 6, 4.47051],
				"rotation": [10, 0, 0],
				"cubes": [
					{"origin": [-2.5, 5.65782, 4.47051], "size": [5, 6, 0], "uv": [118, 115]}
				]
			},
			{
				"name": "bone16",
				"parent": "bone15",
				"pivot": [-2.5, 5.65782, 4.47051],
				"rotation": [0, 0, 9.85108],
				"cubes": [
					{"origin": [-4.5, 5.65782, 4.46951], "size": [2, 6, 0], "uv": [124, 108]}
				]
			},
			{
				"name": "bone17",
				"parent": "bone15",
				"pivot": [2.5, 5.65782, 4.47051],
				"rotation": [0, 0, -9.85108],
				"cubes": [
					{"origin": [2.5, 5.65782, 4.47151], "size": [2, 6, 0], "uv": [124, 108]}
				]
			},
			{
				"name": "legLeft",
				"pivot": [2, 9, 0],
				"cubes": [
					{"origin": [0.499, 0, -1.5], "size": [3, 9, 3], "uv": [0, 40]}
				]
			},
			{
				"name": "legRight",
				"pivot": [-2, 9, 0],
				"cubes": [
					{"origin": [-3.499, 0, -1.5], "size": [3, 9, 3], "uv": [60, 28]}
				]
			}
		]
	}
}