{
	"format_version": "1.10.0",
	"geometry.model": {
		"texturewidth": 128,
		"textureheight": 128,
		"visible_bounds_width": 3,
		"visible_bounds_height": 4,
		"visible_bounds_offset": [0, 1, 0],
		"bones": [
			{
				"name": "head",
				"pivot": [0, 18, 0],
				"cubes": [
					{"origin": [-4, 18, -4], "size": [8, 8, 8], "uv": [0, 0]},
					{"origin": [-4.3, 17.8, -4.2], "size": [8.5, 8.5, 8.5], "uv": [0, 60]},
					{"origin": [-4, 25.2, -1], "size": [8, 1, 3], "uv": [40, 58]},
					{"origin": [-4.2, 23, -1], "size": [1, 3, 3], "uv": [40, 62]},
					{"origin": [3.2, 23, -1], "size": [1, 3, 3], "uv": [40, 70]},
					{"origin": [-4.2, 22, 0], "size": [1, 1, 1], "uv": [40, 68]},
					{"origin": [3.2, 22, 0], "size": [1, 1, 1], "uv": [40, 77]}
				]
			},
			{
				"name": "blink",
				"parent": "head",
				"pivot": [0, 18, 0],
				"cubes": [
					{"origin": [-4, 18, -4.001], "size": [8, 8, 0], "uv": [44, 28]}
				]
			},
			{
				"name": "armRight",
				"pivot": [-3, 16, 0],
				"rotation": [0, 0, 25],
				"cubes": [
					{"origin": [-5.42262, 7.90631, -1], "size": [2, 8, 2], "uv": [32, 40]},
					{"origin": [-5.92262, 8.90631, -1.5], "size": [3, 8, 3], "uv": [0, 40]}
				]
			},
			{
				"name": "armLeft",
				"pivot": [3, 17, 0],
				"rotation": [0, 0, -25],
				"cubes": [
					{"origin": [2.5, 9, -1.5], "size": [3, 8, 3], "uv": [12, 40]},
					{"origin": [3, 8, -1], "size": [2, 8, 2], "uv": [24, 40]}
				]
			},
			{
				"name": "body",
				"pivot": [0, 10.5, 0],
				"cubes": [
					{"origin": [-3, 8.999, -3], "size": [6, 9, 6], "uv": [56, 16]}
				]
			},
			{
				"name": "sittingRotationSkirt",
				"parent": "body",
				"pivot": [0, 10.5, 0],
				"cubes": [
					{"origin": [-3.5, 10, -3.5], "size": [7, 2, 7], "uv": [28, 16], "inflate": 0.01}
				]
			},
			{
				"name": "bone6",
				"parent": "sittingRotationSkirt",
				"pivot": [0, 6, 0]
			},
			{
				"name": "bone7",
				"parent": "bone6",
				"pivot": [0, 6, 0]
			},
			{
				"name": "bone8",
				"parent": "bone7",
				"pivot": [0, 6, 4.47051],
				"rotation": [10, 0, 0],
				"cubes": [
					{"origin": [-2.5, 5.65782, 4.47051], "size": [5, 6, 0], "uv": [82, 80], "inflate": 0.01}
				]
			},
			{
				"name": "bone9",
				"parent": "bone8",
				"pivot": [-2.5, 5.65782, 4.47051],
				"rotation": [0, 0, 9.85108],
				"cubes": [
					{"origin": [-4.5, 5.65782, 4.46951], "size": [2, 6, 0], "uv": [0, 0], "inflate": 0.01}
				]
			},
			{
				"name": "bone10",
				"parent": "bone8",
				"pivot": [2.5, 5.65782, 4.47051],
				"rotation": [0, 0, -9.85108],
				"cubes": [
					{"origin": [2.5, 5.65782, 4.47151], "size": [2, 6, 0], "uv": [90, 80], "inflate": 0.01}
				]
			},
			{
				"name": "bone11",
				"parent": "bone6",
				"pivot": [0, 6, 0],
				"rotation": [0, -90, 0]
			},
			{
				"name": "bone12",
				"parent": "bone11",
				"pivot": [0, 6, 4.47051],
				"rotation": [10, 0, 0],
				"cubes": [
					{"origin": [-2.5, 5.65782, 4.47051], "size": [5, 6, 0], "uv": [107, 80], "inflate": 0.01}
				]
			},
			{
				"name": "bone13",
				"parent": "bone12",
				"pivot": [-2.5, 5.65782, 4.47051],
				"rotation": [0, 0, 9.85108],
				"cubes": [
					{"origin": [-4.5, 5.65782, 4.46951], "size": [2, 6, 0], "uv": [0, 0], "inflate": 0.01}
				]
			},
			{
				"name": "bone14",
				"parent": "bone12",
				"pivot": [2.5, 5.65782, 4.47051],
				"rotation": [0, 0, -9.85108],
				"cubes": [
					{"origin": [2.5, 5.65782, 4.47151], "size": [2, 6, 0], "uv": [102, 82], "inflate": 0.01}
				]
			},
			{
				"name": "bone15",
				"parent": "bone6",
				"pivot": [0, 6, 0],
				"rotation": [0, -180, 0]
			},
			{
				"name": "bone16",
				"parent": "bone15",
				"pivot": [0, 6, 4.47051],
				"rotation": [10, 0, 0],
				"cubes": [
					{"origin": [-2.5, 5.65782, 4.47051], "size": [5, 6, 0], "uv": [118, 80], "inflate": 0.01}
				]
			},
			{
				"name": "bone17",
				"parent": "bone16",
				"pivot": [-2.5, 5.65782, 4.47051],
				"rotation": [0, 0, 9.85108],
				"cubes": [
					{"origin": [-4.5, 5.65782, 4.46951], "size": [2, 6, 0], "uv": [116, 80], "inflate": 0.01}
				]
			},
			{
				"name": "bone18",
				"parent": "bone16",
				"pivot": [2.5, 5.65782, 4.47051],
				"rotation": [0, 0, -9.85108],
				"cubes": [
					{"origin": [2.5, 5.65782, 4.47151], "size": [2, 6, 0], "uv": [0, 0], "inflate": 0.01}
				]
			},
			{
				"name": "bone19",
				"parent": "bone6",
				"pivot": [0, 6, 0],
				"rotation": [0, -270, 0]
			},
			{
				"name": "bone20",
				"parent": "bone19",
				"pivot": [0, 6, 4.47051],
				"rotation": [10, 0, 0],
				"cubes": [
					{"origin": [-2.5, 5.65782, 4.47051], "size": [5, 6, 0], "uv": [91, 80], "inflate": 0.01}
				]
			},
			{
				"name": "bone21",
				"parent": "bone20",
				"pivot": [-2.5, 5.65782, 4.47051],
				"rotation": [0, 0, 9.85108],
				"cubes": [
					{"origin": [-4.5, 5.65782, 4.46951], "size": [2, 6, 0], "uv": [92, 79], "inflate": 0.01}
				]
			},
			{
				"name": "bone22",
				"parent": "bone20",
				"pivot": [2.5, 5.65782, 4.49551],
				"rotation": [0, 0, -9.85108],
				"cubes": [
					{"origin": [2.5, 5.65782, 4.49651], "size": [2, 6, 0], "uv": [99, 80], "inflate": 0.01}
				]
			},
			{
				"name": "bone23",
				"parent": "body",
				"pivot": [0, 0, 0],
				"cubes": [
					{"origin": [1, 10.5, -4], "size": [2, 2, 1], "uv": [122, 0]}
				]
			},
			{
				"name": "legLeft",
				"pivot": [2, 9, 0],
				"cubes": [
					{"origin": [0.499, 0, -1.5], "size": [3, 9, 3], "uv": [60, 28]}
				]
			},
			{
				"name": "legRight",
				"pivot": [-2, 9, 0],
				"cubes": [
					{"origin": [-3.499, 0, -1.5], "size": [3, 9, 3], "uv": [60, 28]}
				]
			},
			{
				"name": "yReciprocate",
				"pivot": [0, 17, 3]
			},
			{
				"name": "bone",
				"parent": "yReciprocate",
				"pivot": [0, 5, 8],
				"rotation": [25, 0, 0],
				"cubes": [
					{"origin": [-4, 7.23433, 7.93851], "size": [8, 11.5, 1], "uv": [32, 116], "inflate": -0.48}
				]
			},
			{
				"name": "bone2",
				"parent": "yReciprocate",
				"pivot": [8, 5, 8],
				"rotation": [35, 0, -35],
				"cubes": [
					{"origin": [3.81143, 9.75, 10.44085], "size": [8, 9, 1], "uv": [74, 118], "inflate": -0.48}
				]
			},
			{
				"name": "bone3",
				"parent": "yReciprocate",
				"pivot": [-4, 17, 3],
				"rotation": [27.5, 0, 35],
				"cubes": [
					{"origin": [-4.20512, 8.95996, 2.52019], "size": [8, 9, 1], "uv": [0, 115], "inflate": -0.48}
				]
			},
			{
				"name": "sinFloat",
				"pivot": [0, 15, 0]
			},
			{
				"name": "bone4",
				"parent": "sinFloat",
				"pivot": [10, 9, -3],
				"rotation": [-12.5, 0, 0],
				"cubes": [
					{"origin": [-8, 19, 1], "size": [2, 3, 0], "uv": [110, 125]}
				]
			},
			{
				"name": "bone5",
				"parent": "sinFloat",
				"pivot": [10, 9, -3],
				"rotation": [17.5, 0, 0],
				"cubes": [
					{"origin": [8, 9, -3], "size": [2, 3, 0], "uv": [110, 125]}
				]
			},
			{
				"name": "cosFloat",
				"pivot": [0, 16, 0],
				"cubes": [
					{"origin": [-9, 0, -1], "size": [18, 29, 0], "uv": [91, 51]}
				]
			}
		]
	}
}